ISO-10303-21;
HEADER;
FILE_DESCRIPTION(('KiCad electronic assembly'),'2;1');
FILE_NAME('.step','2026-08-29T17:04:06',('Pcbnew'),('Kicad'),
  'Open CASCADE STEP processor 7.9','KiCad to STEP converter','Unknown'
  );
FILE_SCHEMA(('AUTOMOTIVE_DESIGN { 1 0 10303 214 1 1 1 1 }'));
ENDSEC;
DATA;
#1 = APPLICATION_PROTOCOL_DEFINITION('international standard',
  'automotive_design',2000,#2);
#2 = APPLICATION_CONTEXT(
  'core data for automotive mechanical design processes');
#3 = SHAPE_DEFINITION_REPRESENTATION(#4,#10);
#4 = PRODUCT_DEFINITION_SHAPE('','',#5);
#5 = PRODUCT_DEFINITION('design','',#6,#9);
#6 = PRODUCT_DEFINITION_FORMATION('','',#7);
#7 = PRODUCT('.step 1','.step 1','',(#8));
#8 = PRODUCT_CONTEXT('',#2,'mechanical');
#9 = PRODUCT_DEFINITION_CONTEXT('part definition',#2,'design');
#10 = SHAPE_REPRESENTATION('',(#11,#15,#19,#23),#27);
#11 = AXIS2_PLACEMENT_3D('',#12,#13,#14);
#12 = CARTESIAN_POINT('',(0.,0.,0.));
#13 = DIRECTION('',(0.,0.,1.));
#14 = DIRECTION('',(1.,0.,-0.));
#15 = AXIS2_PLACEMENT_3D('',#16,#17,#18);
#16 = CARTESIAN_POINT('',(151.7,-79.,1.595));
#17 = DIRECTION('',(-0.,0.,1.));
#18 = DIRECTION('',(1.110223024625E-16,-1.,0.));
#19 = AXIS2_PLACEMENT_3D('',#20,#21,#22);
#20 = CARTESIAN_POINT('',(197.7,-77.,1.595));
#21 = DIRECTION('',(0.,0.,1.));
#22 = DIRECTION('',(1.,0.,0.));
#23 = AXIS2_PLACEMENT_3D('',#24,#25,#26);
#24 = CARTESIAN_POINT('',(0.,0.,0.));
#25 = DIRECTION('',(0.,0.,1.));
#26 = DIRECTION('',(1.,0.,-0.));
#27 = ( GEOMETRIC_REPRESENTATION_CONTEXT(3) 
GLOBAL_UNCERTAINTY_ASSIGNED_CONTEXT((#31)) GLOBAL_UNIT_ASSIGNED_CONTEXT(
(#28,#29,#30)) REPRESENTATION_CONTEXT('Context #1',
  '3D Context with UNIT and UNCERTAINTY') );
#28 = ( LENGTH_UNIT() NAMED_UNIT(*) SI_UNIT(.MILLI.,.METRE.) );
#29 = ( NAMED_UNIT(*) PLANE_ANGLE_UNIT() SI_UNIT($,.RADIAN.) );
#30 = ( NAMED_UNIT(*) SI_UNIT($,.STERADIAN.) SOLID_ANGLE_UNIT() );
#31 = UNCERTAINTY_MEASURE_WITH_UNIT(LENGTH_MEASURE(1.E-07),#28,
  'distance_accuracy_value','confusion accuracy');
#32 = PRODUCT_RELATED_PRODUCT_CATEGORY('part',$,(#7));
#33 = SHAPE_DEFINITION_REPRESENTATION(#34,#40);
#34 = PRODUCT_DEFINITION_SHAPE('','',#35);
#35 = PRODUCT_DEFINITION('design','',#36,#39);
#36 = PRODUCT_DEFINITION_FORMATION('','',#37);
#37 = PRODUCT('PinSocket_1x08_P2.54mm_Vertical',
  'PinSocket_1x08_P2.54mm_Vertical','',(#38));
#38 = PRODUCT_CONTEXT('',#2,'mechanical');
#39 = PRODUCT_DEFINITION_CONTEXT('part definition',#2,'design');
#40 = SHAPE_REPRESENTATION('',(#11,#41),#45);
#41 = AXIS2_PLACEMENT_3D('',#42,#43,#44);
#42 = CARTESIAN_POINT('',(0.,0.,0.));
#43 = DIRECTION('',(0.,0.,1.));
#44 = DIRECTION('',(1.,0.,-0.));
#45 = ( GEOMETRIC_REPRESENTATION_CONTEXT(3) 
GLOBAL_UNCERTAINTY_ASSIGNED_CONTEXT((#49)) GLOBAL_UNIT_ASSIGNED_CONTEXT(
(#46,#47,#48)) REPRESENTATION_CONTEXT('Context #1',
  '3D Context with UNIT and UNCERTAINTY') );
#46 = ( LENGTH_UNIT() NAMED_UNIT(*) SI_UNIT(.MILLI.,.METRE.) );
#47 = ( NAMED_UNIT(*) PLANE_ANGLE_UNIT() SI_UNIT($,.RADIAN.) );
#48 = ( NAMED_UNIT(*) SI_UNIT($,.STERADIAN.) SOLID_ANGLE_UNIT() );
#49 = UNCERTAINTY_MEASURE_WITH_UNIT(LENGTH_MEASURE(1.E-07),#46,
  'distance_accuracy_value','confusion accuracy');
#50 = CONTEXT_DEPENDENT_SHAPE_REPRESENTATION(#51,#53);
#51 = ( REPRESENTATION_RELATIONSHIP('','',#40,#10) 
REPRESENTATION_RELATIONSHIP_WITH_TRANSFORMATION(#52) 
SHAPE_REPRESENTATION_RELATIONSHIP() );
#52 = ITEM_DEFINED_TRANSFORMATION('','',#11,#15);
#53 = PRODUCT_DEFINITION_SHAPE('Placement','Placement of an item',#54);
#54 = NEXT_ASSEMBLY_USAGE_OCCURRENCE('2','J1','',#5,#35,$);
#55 = PRODUCT_RELATED_PRODUCT_CATEGORY('part',$,(#37));
#56 = SHAPE_DEFINITION_REPRESENTATION(#57,#63);
#57 = PRODUCT_DEFINITION_SHAPE('','',#58);
#58 = PRODUCT_DEFINITION('design','',#59,#62);
#59 = PRODUCT_DEFINITION_FORMATION('','',#60);
#60 = PRODUCT('PinSocket_1x08_P2.54mm_Vertical',
  'PinSocket_1x08_P2.54mm_Vertical','',(#61));
#61 = PRODUCT_CONTEXT('',#2,'mechanical');
#62 = PRODUCT_DEFINITION_CONTEXT('part definition',#2,'design');
#63 = ADVANCED_BREP_SHAPE_REPRESENTATION('',(#11,#64),#6554);
#64 = MANIFOLD_SOLID_BREP('',#65);
#65 = CLOSED_SHELL('',(#66,#106,#169,#232,#249,#538,#560,#577,#1122,
    #1134,#1146,#1177,#1201,#1225,#1242,#1273,#1297,#1321,#1338,#1369,
    #1393,#1417,#1434,#1465,#1489,#1513,#1530,#1561,#1585,#1609,#1626,
    #1657,#1681,#1705,#1722,#1753,#1777,#1801,#1818,#1849,#1873,#1897,
    #1914,#1931,#1978,#1995,#2042,#2059,#2106,#2123,#2170,#2187,#2234,
    #2251,#2298,#2315,#2362,#2379,#2426,#2443,#2490,#2507,#2554,#2571,
    #2618,#2635,#2682,#2699,#2746,#2763,#2810,#2827,#2874,#2891,#2938,
    #2969,#3025,#3049,#3098,#3129,#3185,#3209,#3258,#3289,#3345,#3369,
    #3418,#3449,#3505,#3529,#3578,#3609,#3665,#3689,#3738,#3769,#3825,
    #3849,#3898,#3929,#3985,#4009,#4058,#4089,#4145,#4169,#4218,#4235,
    #4252,#4269,#4286,#4298,#4315,#4332,#4349,#4366,#4378,#4395,#4412,
    #4429,#4446,#4458,#4475,#4492,#4509,#4526,#4538,#4555,#4572,#4589,
    #4606,#4618,#4635,#4652,#4669,#4686,#4698,#4715,#4732,#4749,#4766,
    #4778,#4795,#4812,#4829,#4846,#4858,#4875,#4892,#4941,#4965,#5007,
    #5024,#5041,#5058,#5107,#5131,#5173,#5190,#5207,#5224,#5273,#5297,
    #5339,#5356,#5373,#5390,#5439,#5463,#5505,#5522,#5539,#5556,#5605,
    #5629,#5671,#5688,#5705,#5722,#5771,#5795,#5837,#5854,#5871,#5888,
    #5937,#5961,#6003,#6020,#6037,#6054,#6103,#6127,#6169,#6186,#6203,
    #6220,#6232,#6249,#6266,#6278,#6295,#6312,#6324,#6341,#6358,#6370,
    #6387,#6404,#6416,#6433,#6450,#6462,#6479,#6496,#6508,#6525,#6542));
#66 = ADVANCED_FACE('',(#67),#101,.F.);
#67 = FACE_BOUND('',#68,.F.);
#68 = EDGE_LOOP('',(#69,#79,#87,#95));
#69 = ORIENTED_EDGE('',*,*,#70,.T.);
#70 = EDGE_CURVE('',#71,#73,#75,.T.);
#71 = VERTEX_POINT('',#72);
#72 = CARTESIAN_POINT('',(1.27,-19.05,0.));
#73 = VERTEX_POINT('',#74);
#74 = CARTESIAN_POINT('',(1.27,-19.05,8.5));
#75 = LINE('',#76,#77);
#76 = CARTESIAN_POINT('',(1.27,-19.05,0.));
#77 = VECTOR('',#78,1.);
#78 = DIRECTION('',(0.,0.,1.));
#79 = ORIENTED_EDGE('',*,*,#80,.T.);
#80 = EDGE_CURVE('',#73,#81,#83,.T.);
#81 = VERTEX_POINT('',#82);
#82 = CARTESIAN_POINT('',(1.27,1.27,8.5));
#83 = LINE('',#84,#85);
#84 = CARTESIAN_POINT('',(1.27,-19.05,8.5));
#85 = VECTOR('',#86,1.);
#86 = DIRECTION('',(1.110223024625E-16,1.,0.));
#87 = ORIENTED_EDGE('',*,*,#88,.F.);
#88 = EDGE_CURVE('',#89,#81,#91,.T.);
#89 = VERTEX_POINT('',#90);
#90 = CARTESIAN_POINT('',(1.27,1.27,0.));
#91 = LINE('',#92,#93);
#92 = CARTESIAN_POINT('',(1.27,1.27,0.));
#93 = VECTOR('',#94,1.);
#94 = DIRECTION('',(0.,0.,1.));
#95 = ORIENTED_EDGE('',*,*,#96,.F.);
#96 = EDGE_CURVE('',#71,#89,#97,.T.);
#97 = LINE('',#98,#99);
#98 = CARTESIAN_POINT('',(1.27,-19.05,0.));
#99 = VECTOR('',#100,1.);
#100 = DIRECTION('',(1.110223024625E-16,1.,0.));
#101 = PLANE('',#102);
#102 = AXIS2_PLACEMENT_3D('',#103,#104,#105);
#103 = CARTESIAN_POINT('',(1.27,-19.05,0.));
#104 = DIRECTION('',(-1.,1.110223024625E-16,0.));
#105 = DIRECTION('',(1.110223024625E-16,1.,0.));
#106 = ADVANCED_FACE('',(#107),#164,.F.);
#107 = FACE_BOUND('',#108,.F.);
#108 = EDGE_LOOP('',(#109,#119,#127,#133,#134,#142,#150,#158));
#109 = ORIENTED_EDGE('',*,*,#110,.F.);
#110 = EDGE_CURVE('',#111,#113,#115,.T.);
#111 = VERTEX_POINT('',#112);
#112 = CARTESIAN_POINT('',(-1.27,-19.05,0.));
#113 = VERTEX_POINT('',#114);
#114 = CARTESIAN_POINT('',(-0.846666666667,-19.05,0.));
#115 = LINE('',#116,#117);
#116 = CARTESIAN_POINT('',(-1.27,-19.05,0.));
#117 = VECTOR('',#118,1.);
#118 = DIRECTION('',(1.,-1.110223024625E-16,0.));
#119 = ORIENTED_EDGE('',*,*,#120,.T.);
#120 = EDGE_CURVE('',#111,#121,#123,.T.);
#121 = VERTEX_POINT('',#122);
#122 = CARTESIAN_POINT('',(-1.27,-19.05,8.5));
#123 = LINE('',#124,#125);
#124 = CARTESIAN_POINT('',(-1.27,-19.05,0.));
#125 = VECTOR('',#126,1.);
#126 = DIRECTION('',(0.,0.,1.));
#127 = ORIENTED_EDGE('',*,*,#128,.T.);
#128 = EDGE_CURVE('',#121,#73,#129,.T.);
#129 = LINE('',#130,#131);
#130 = CARTESIAN_POINT('',(-1.27,-19.05,8.5));
#131 = VECTOR('',#132,1.);
#132 = DIRECTION('',(1.,-1.110223024625E-16,0.));
#133 = ORIENTED_EDGE('',*,*,#70,.F.);
#134 = ORIENTED_EDGE('',*,*,#135,.F.);
#135 = EDGE_CURVE('',#136,#71,#138,.T.);
#136 = VERTEX_POINT('',#137);
#137 = CARTESIAN_POINT('',(0.846666666667,-19.05,0.));
#138 = LINE('',#139,#140);
#139 = CARTESIAN_POINT('',(-1.27,-19.05,0.));
#140 = VECTOR('',#141,1.);
#141 = DIRECTION('',(1.,-1.110223024625E-16,0.));
#142 = ORIENTED_EDGE('',*,*,#143,.T.);
#143 = EDGE_CURVE('',#136,#144,#146,.T.);
#144 = VERTEX_POINT('',#145);
#145 = CARTESIAN_POINT('',(0.846666666667,-19.05,0.2));
#146 = LINE('',#147,#148);
#147 = CARTESIAN_POINT('',(0.846666666667,-19.05,0.));
#148 = VECTOR('',#149,1.);
#149 = DIRECTION('',(0.,0.,1.));
#150 = ORIENTED_EDGE('',*,*,#151,.F.);
#151 = EDGE_CURVE('',#152,#144,#154,.T.);
#152 = VERTEX_POINT('',#153);
#153 = CARTESIAN_POINT('',(-0.846666666667,-19.05,0.2));
#154 = LINE('',#155,#156);
#155 = CARTESIAN_POINT('',(-0.846666666667,-19.05,0.2));
#156 = VECTOR('',#157,1.);
#157 = DIRECTION('',(1.,-1.110223024625E-16,0.));
#158 = ORIENTED_EDGE('',*,*,#159,.F.);
#159 = EDGE_CURVE('',#113,#152,#160,.T.);
#160 = LINE('',#161,#162);
#161 = CARTESIAN_POINT('',(-0.846666666667,-19.05,0.));
#162 = VECTOR('',#163,1.);
#163 = DIRECTION('',(0.,0.,1.));
#164 = PLANE('',#165);
#165 = AXIS2_PLACEMENT_3D('',#166,#167,#168);
#166 = CARTESIAN_POINT('',(-1.27,-19.05,0.));
#167 = DIRECTION('',(1.110223024625E-16,1.,0.));
#168 = DIRECTION('',(1.,-1.110223024625E-16,0.));
#169 = ADVANCED_FACE('',(#170),#227,.F.);
#170 = FACE_BOUND('',#171,.F.);
#171 = EDGE_LOOP('',(#172,#180,#181,#189,#197,#205,#213,#221));
#172 = ORIENTED_EDGE('',*,*,#173,.F.);
#173 = EDGE_CURVE('',#89,#174,#176,.T.);
#174 = VERTEX_POINT('',#175);
#175 = CARTESIAN_POINT('',(0.846666666667,1.27,0.));
#176 = LINE('',#177,#178);
#177 = CARTESIAN_POINT('',(1.27,1.27,0.));
#178 = VECTOR('',#179,1.);
#179 = DIRECTION('',(-1.,1.110223024625E-16,0.));
#180 = ORIENTED_EDGE('',*,*,#88,.T.);
#181 = ORIENTED_EDGE('',*,*,#182,.T.);
#182 = EDGE_CURVE('',#81,#183,#185,.T.);
#183 = VERTEX_POINT('',#184);
#184 = CARTESIAN_POINT('',(-1.27,1.27,8.5));
#185 = LINE('',#186,#187);
#186 = CARTESIAN_POINT('',(1.27,1.27,8.5));
#187 = VECTOR('',#188,1.);
#188 = DIRECTION('',(-1.,1.110223024625E-16,0.));
#189 = ORIENTED_EDGE('',*,*,#190,.F.);
#190 = EDGE_CURVE('',#191,#183,#193,.T.);
#191 = VERTEX_POINT('',#192);
#192 = CARTESIAN_POINT('',(-1.27,1.27,0.));
#193 = LINE('',#194,#195);
#194 = CARTESIAN_POINT('',(-1.27,1.27,0.));
#195 = VECTOR('',#196,1.);
#196 = DIRECTION('',(0.,0.,1.));
#197 = ORIENTED_EDGE('',*,*,#198,.F.);
#198 = EDGE_CURVE('',#199,#191,#201,.T.);
#199 = VERTEX_POINT('',#200);
#200 = CARTESIAN_POINT('',(-0.846666666667,1.27,0.));
#201 = LINE('',#202,#203);
#202 = CARTESIAN_POINT('',(1.27,1.27,0.));
#203 = VECTOR('',#204,1.);
#204 = DIRECTION('',(-1.,1.110223024625E-16,0.));
#205 = ORIENTED_EDGE('',*,*,#206,.T.);
#206 = EDGE_CURVE('',#199,#207,#209,.T.);
#207 = VERTEX_POINT('',#208);
#208 = CARTESIAN_POINT('',(-0.846666666667,1.27,0.2));
#209 = LINE('',#210,#211);
#210 = CARTESIAN_POINT('',(-0.846666666667,1.27,0.));
#211 = VECTOR('',#212,1.);
#212 = DIRECTION('',(0.,0.,1.));
#213 = ORIENTED_EDGE('',*,*,#214,.F.);
#214 = EDGE_CURVE('',#215,#207,#217,.T.);
#215 = VERTEX_POINT('',#216);
#216 = CARTESIAN_POINT('',(0.846666666667,1.27,0.2));
#217 = LINE('',#218,#219);
#218 = CARTESIAN_POINT('',(0.846666666667,1.27,0.2));
#219 = VECTOR('',#220,1.);
#220 = DIRECTION('',(-1.,1.110223024625E-16,0.));
#221 = ORIENTED_EDGE('',*,*,#222,.F.);
#222 = EDGE_CURVE('',#174,#215,#223,.T.);
#223 = LINE('',#224,#225);
#224 = CARTESIAN_POINT('',(0.846666666667,1.27,0.));
#225 = VECTOR('',#226,1.);
#226 = DIRECTION('',(0.,0.,1.));
#227 = PLANE('',#228);
#228 = AXIS2_PLACEMENT_3D('',#229,#230,#231);
#229 = CARTESIAN_POINT('',(1.27,1.27,0.));
#230 = DIRECTION('',(-1.110223024625E-16,-1.,0.));
#231 = DIRECTION('',(-1.,1.110223024625E-16,0.));
#232 = ADVANCED_FACE('',(#233),#244,.F.);
#233 = FACE_BOUND('',#234,.F.);
#234 = EDGE_LOOP('',(#235,#236,#237,#238));
#235 = ORIENTED_EDGE('',*,*,#135,.T.);
#236 = ORIENTED_EDGE('',*,*,#96,.T.);
#237 = ORIENTED_EDGE('',*,*,#173,.T.);
#238 = ORIENTED_EDGE('',*,*,#239,.F.);
#239 = EDGE_CURVE('',#136,#174,#240,.T.);
#240 = LINE('',#241,#242);
#241 = CARTESIAN_POINT('',(0.846666666667,-19.05,0.));
#242 = VECTOR('',#243,1.);
#243 = DIRECTION('',(1.110223024625E-16,1.,0.));
#244 = PLANE('',#245);
#245 = AXIS2_PLACEMENT_3D('',#246,#247,#248);
#246 = CARTESIAN_POINT('',(-9.592326932761E-16,-8.89,0.));
#247 = DIRECTION('',(0.,0.,1.));
#248 = DIRECTION('',(1.110223024625E-16,1.,-0.));
#249 = ADVANCED_FACE('',(#250,#261,#295,#329,#363,#397,#431,#465,#499),
  #533,.T.);
#250 = FACE_BOUND('',#251,.T.);
#251 = EDGE_LOOP('',(#252,#253,#254,#260));
#252 = ORIENTED_EDGE('',*,*,#80,.T.);
#253 = ORIENTED_EDGE('',*,*,#182,.T.);
#254 = ORIENTED_EDGE('',*,*,#255,.T.);
#255 = EDGE_CURVE('',#183,#121,#256,.T.);
#256 = LINE('',#257,#258);
#257 = CARTESIAN_POINT('',(-1.27,1.27,8.5));
#258 = VECTOR('',#259,1.);
#259 = DIRECTION('',(-1.110223024625E-16,-1.,0.));
#260 = ORIENTED_EDGE('',*,*,#128,.T.);
#261 = FACE_BOUND('',#262,.T.);
#262 = EDGE_LOOP('',(#263,#273,#281,#289));
#263 = ORIENTED_EDGE('',*,*,#264,.F.);
#264 = EDGE_CURVE('',#265,#267,#269,.T.);
#265 = VERTEX_POINT('',#266);
#266 = CARTESIAN_POINT('',(0.6,-18.38,8.5));
#267 = VERTEX_POINT('',#268);
#268 = CARTESIAN_POINT('',(0.6,-17.18,8.5));
#269 = LINE('',#270,#271);
#270 = CARTESIAN_POINT('',(0.6,-18.38,8.5));
#271 = VECTOR('',#272,1.);
#272 = DIRECTION('',(1.110223024625E-16,1.,0.));
#273 = ORIENTED_EDGE('',*,*,#274,.F.);
#274 = EDGE_CURVE('',#275,#265,#277,.T.);
#275 = VERTEX_POINT('',#276);
#276 = CARTESIAN_POINT('',(-0.6,-18.38,8.5));
#277 = LINE('',#278,#279);
#278 = CARTESIAN_POINT('',(-0.6,-18.38,8.5));
#279 = VECTOR('',#280,1.);
#280 = DIRECTION('',(1.,-1.110223024625E-16,0.));
#281 = ORIENTED_EDGE('',*,*,#282,.F.);
#282 = EDGE_CURVE('',#283,#275,#285,.T.);
#283 = VERTEX_POINT('',#284);
#284 = CARTESIAN_POINT('',(-0.6,-17.18,8.5));
#285 = LINE('',#286,#287);
#286 = CARTESIAN_POINT('',(-0.6,-17.18,8.5));
#287 = VECTOR('',#288,1.);
#288 = DIRECTION('',(-1.110223024625E-16,-1.,0.));
#289 = ORIENTED_EDGE('',*,*,#290,.F.);
#290 = EDGE_CURVE('',#267,#283,#291,.T.);
#291 = LINE('',#292,#293);
#292 = CARTESIAN_POINT('',(0.6,-17.18,8.5));
#293 = VECTOR('',#294,1.);
#294 = DIRECTION('',(-1.,1.110223024625E-16,0.));
#295 = FACE_BOUND('',#296,.T.);
#296 = EDGE_LOOP('',(#297,#307,#315,#323));
#297 = ORIENTED_EDGE('',*,*,#298,.F.);
#298 = EDGE_CURVE('',#299,#301,#303,.T.);
#299 = VERTEX_POINT('',#300);
#300 = CARTESIAN_POINT('',(0.6,-15.84,8.5));
#301 = VERTEX_POINT('',#302);
#302 = CARTESIAN_POINT('',(0.6,-14.64,8.5));
#303 = LINE('',#304,#305);
#304 = CARTESIAN_POINT('',(0.6,-15.84,8.5));
#305 = VECTOR('',#306,1.);
#306 = DIRECTION('',(1.110223024625E-16,1.,0.));
#307 = ORIENTED_EDGE('',*,*,#308,.F.);
#308 = EDGE_CURVE('',#309,#299,#311,.T.);
#309 = VERTEX_POINT('',#310);
#310 = CARTESIAN_POINT('',(-0.6,-15.84,8.5));
#311 = LINE('',#312,#313);
#312 = CARTESIAN_POINT('',(-0.6,-15.84,8.5));
#313 = VECTOR('',#314,1.);
#314 = DIRECTION('',(1.,-1.110223024625E-16,0.));
#315 = ORIENTED_EDGE('',*,*,#316,.F.);
#316 = EDGE_CURVE('',#317,#309,#319,.T.);
#317 = VERTEX_POINT('',#318);
#318 = CARTESIAN_POINT('',(-0.6,-14.64,8.5));
#319 = LINE('',#320,#321);
#320 = CARTESIAN_POINT('',(-0.6,-14.64,8.5));
#321 = VECTOR('',#322,1.);
#322 = DIRECTION('',(-1.110223024625E-16,-1.,0.));
#323 = ORIENTED_EDGE('',*,*,#324,.F.);
#324 = EDGE_CURVE('',#301,#317,#325,.T.);
#325 = LINE('',#326,#327);
#326 = CARTESIAN_POINT('',(0.6,-14.64,8.5));
#327 = VECTOR('',#328,1.);
#328 = DIRECTION('',(-1.,1.110223024625E-16,0.));
#329 = FACE_BOUND('',#330,.T.);
#330 = EDGE_LOOP('',(#331,#341,#349,#357));
#331 = ORIENTED_EDGE('',*,*,#332,.F.);
#332 = EDGE_CURVE('',#333,#335,#337,.T.);
#333 = VERTEX_POINT('',#334);
#334 = CARTESIAN_POINT('',(0.6,-13.3,8.5));
#335 = VERTEX_POINT('',#336);
#336 = CARTESIAN_POINT('',(0.6,-12.1,8.5));
#337 = LINE('',#338,#339);
#338 = CARTESIAN_POINT('',(0.6,-13.3,8.5));
#339 = VECTOR('',#340,1.);
#340 = DIRECTION('',(1.110223024625E-16,1.,0.));
#341 = ORIENTED_EDGE('',*,*,#342,.F.);
#342 = EDGE_CURVE('',#343,#333,#345,.T.);
#343 = VERTEX_POINT('',#344);
#344 = CARTESIAN_POINT('',(-0.6,-13.3,8.5));
#345 = LINE('',#346,#347);
#346 = CARTESIAN_POINT('',(-0.6,-13.3,8.5));
#347 = VECTOR('',#348,1.);
#348 = DIRECTION('',(1.,-1.110223024625E-16,0.));
#349 = ORIENTED_EDGE('',*,*,#350,.F.);
#350 = EDGE_CURVE('',#351,#343,#353,.T.);
#351 = VERTEX_POINT('',#352);
#352 = CARTESIAN_POINT('',(-0.6,-12.1,8.5));
#353 = LINE('',#354,#355);
#354 = CARTESIAN_POINT('',(-0.6,-12.1,8.5));
#355 = VECTOR('',#356,1.);
#356 = DIRECTION('',(-1.110223024625E-16,-1.,0.));
#357 = ORIENTED_EDGE('',*,*,#358,.F.);
#358 = EDGE_CURVE('',#335,#351,#359,.T.);
#359 = LINE('',#360,#361);
#360 = CARTESIAN_POINT('',(0.6,-12.1,8.5));
#361 = VECTOR('',#362,1.);
#362 = DIRECTION('',(-1.,1.110223024625E-16,0.));
#363 = FACE_BOUND('',#364,.T.);
#364 = EDGE_LOOP('',(#365,#375,#383,#391));
#365 = ORIENTED_EDGE('',*,*,#366,.F.);
#366 = EDGE_CURVE('',#367,#369,#371,.T.);
#367 = VERTEX_POINT('',#368);
#368 = CARTESIAN_POINT('',(0.6,-10.76,8.5));
#369 = VERTEX_POINT('',#370);
#370 = CARTESIAN_POINT('',(0.6,-9.56,8.5));
#371 = LINE('',#372,#373);
#372 = CARTESIAN_POINT('',(0.6,-10.76,8.5));
#373 = VECTOR('',#374,1.);
#374 = DIRECTION('',(1.110223024625E-16,1.,0.));
#375 = ORIENTED_EDGE('',*,*,#376,.F.);
#376 = EDGE_CURVE('',#377,#367,#379,.T.);
#377 = VERTEX_POINT('',#378);
#378 = CARTESIAN_POINT('',(-0.6,-10.76,8.5));
#379 = LINE('',#380,#381);
#380 = CARTESIAN_POINT('',(-0.6,-10.76,8.5));
#381 = VECTOR('',#382,1.);
#382 = DIRECTION('',(1.,-1.110223024625E-16,0.));
#383 = ORIENTED_EDGE('',*,*,#384,.F.);
#384 = EDGE_CURVE('',#385,#377,#387,.T.);
#385 = VERTEX_POINT('',#386);
#386 = CARTESIAN_POINT('',(-0.6,-9.56,8.5));
#387 = LINE('',#388,#389);
#388 = CARTESIAN_POINT('',(-0.6,-9.56,8.5));
#389 = VECTOR('',#390,1.);
#390 = DIRECTION('',(-1.110223024625E-16,-1.,0.));
#391 = ORIENTED_EDGE('',*,*,#392,.F.);
#392 = EDGE_CURVE('',#369,#385,#393,.T.);
#393 = LINE('',#394,#395);
#394 = CARTESIAN_POINT('',(0.6,-9.56,8.5));
#395 = VECTOR('',#396,1.);
#396 = DIRECTION('',(-1.,1.110223024625E-16,0.));
#397 = FACE_BOUND('',#398,.T.);
#398 = EDGE_LOOP('',(#399,#409,#417,#425));
#399 = ORIENTED_EDGE('',*,*,#400,.F.);
#400 = EDGE_CURVE('',#401,#403,#405,.T.);
#401 = VERTEX_POINT('',#402);
#402 = CARTESIAN_POINT('',(0.6,-8.22,8.5));
#403 = VERTEX_POINT('',#404);
#404 = CARTESIAN_POINT('',(0.6,-7.02,8.5));
#405 = LINE('',#406,#407);
#406 = CARTESIAN_POINT('',(0.6,-8.22,8.5));
#407 = VECTOR('',#408,1.);
#408 = DIRECTION('',(1.110223024625E-16,1.,0.));
#409 = ORIENTED_EDGE('',*,*,#410,.F.);
#410 = EDGE_CURVE('',#411,#401,#413,.T.);
#411 = VERTEX_POINT('',#412);
#412 = CARTESIAN_POINT('',(-0.6,-8.22,8.5));
#413 = LINE('',#414,#415);
#414 = CARTESIAN_POINT('',(-0.6,-8.22,8.5));
#415 = VECTOR('',#416,1.);
#416 = DIRECTION('',(1.,-1.110223024625E-16,0.));
#417 = ORIENTED_EDGE('',*,*,#418,.F.);
#418 = EDGE_CURVE('',#419,#411,#421,.T.);
#419 = VERTEX_POINT('',#420);
#420 = CARTESIAN_POINT('',(-0.6,-7.02,8.5));
#421 = LINE('',#422,#423);
#422 = CARTESIAN_POINT('',(-0.6,-7.02,8.5));
#423 = VECTOR('',#424,1.);
#424 = DIRECTION('',(-1.110223024625E-16,-1.,0.));
#425 = ORIENTED_EDGE('',*,*,#426,.F.);
#426 = EDGE_CURVE('',#403,#419,#427,.T.);
#427 = LINE('',#428,#429);
#428 = CARTESIAN_POINT('',(0.6,-7.02,8.5));
#429 = VECTOR('',#430,1.);
#430 = DIRECTION('',(-1.,1.110223024625E-16,0.));
#431 = FACE_BOUND('',#432,.T.);
#432 = EDGE_LOOP('',(#433,#443,#451,#459));
#433 = ORIENTED_EDGE('',*,*,#434,.F.);
#434 = EDGE_CURVE('',#435,#437,#439,.T.);
#435 = VERTEX_POINT('',#436);
#436 = CARTESIAN_POINT('',(0.6,-5.68,8.5));
#437 = VERTEX_POINT('',#438);
#438 = CARTESIAN_POINT('',(0.6,-4.48,8.5));
#439 = LINE('',#440,#441);
#440 = CARTESIAN_POINT('',(0.6,-5.68,8.5));
#441 = VECTOR('',#442,1.);
#442 = DIRECTION('',(1.110223024625E-16,1.,0.));
#443 = ORIENTED_EDGE('',*,*,#444,.F.);
#444 = EDGE_CURVE('',#445,#435,#447,.T.);
#445 = VERTEX_POINT('',#446);
#446 = CARTESIAN_POINT('',(-0.6,-5.68,8.5));
#447 = LINE('',#448,#449);
#448 = CARTESIAN_POINT('',(-0.6,-5.68,8.5));
#449 = VECTOR('',#450,1.);
#450 = DIRECTION('',(1.,-1.110223024625E-16,0.));
#451 = ORIENTED_EDGE('',*,*,#452,.F.);
#452 = EDGE_CURVE('',#453,#445,#455,.T.);
#453 = VERTEX_POINT('',#454);
#454 = CARTESIAN_POINT('',(-0.6,-4.48,8.5));
#455 = LINE('',#456,#457);
#456 = CARTESIAN_POINT('',(-0.6,-4.48,8.5));
#457 = VECTOR('',#458,1.);
#458 = DIRECTION('',(-1.110223024625E-16,-1.,0.));
#459 = ORIENTED_EDGE('',*,*,#460,.F.);
#460 = EDGE_CURVE('',#437,#453,#461,.T.);
#461 = LINE('',#462,#463);
#462 = CARTESIAN_POINT('',(0.6,-4.48,8.5));
#463 = VECTOR('',#464,1.);
#464 = DIRECTION('',(-1.,1.110223024625E-16,0.));
#465 = FACE_BOUND('',#466,.T.);
#466 = EDGE_LOOP('',(#467,#477,#485,#493));
#467 = ORIENTED_EDGE('',*,*,#468,.F.);
#468 = EDGE_CURVE('',#469,#471,#473,.T.);
#469 = VERTEX_POINT('',#470);
#470 = CARTESIAN_POINT('',(0.6,-3.14,8.5));
#471 = VERTEX_POINT('',#472);
#472 = CARTESIAN_POINT('',(0.6,-1.94,8.5));
#473 = LINE('',#474,#475);
#474 = CARTESIAN_POINT('',(0.6,-3.14,8.5));
#475 = VECTOR('',#476,1.);
#476 = DIRECTION('',(1.110223024625E-16,1.,0.));
#477 = ORIENTED_EDGE('',*,*,#478,.F.);
#478 = EDGE_CURVE('',#479,#469,#481,.T.);
#479 = VERTEX_POINT('',#480);
#480 = CARTESIAN_POINT('',(-0.6,-3.14,8.5));
#481 = LINE('',#482,#483);
#482 = CARTESIAN_POINT('',(-0.6,-3.14,8.5));
#483 = VECTOR('',#484,1.);
#484 = DIRECTION('',(1.,-1.110223024625E-16,0.));
#485 = ORIENTED_EDGE('',*,*,#486,.F.);
#486 = EDGE_CURVE('',#487,#479,#489,.T.);
#487 = VERTEX_POINT('',#488);
#488 = CARTESIAN_POINT('',(-0.6,-1.94,8.5));
#489 = LINE('',#490,#491);
#490 = CARTESIAN_POINT('',(-0.6,-1.94,8.5));
#491 = VECTOR('',#492,1.);
#492 = DIRECTION('',(-1.110223024625E-16,-1.,0.));
#493 = ORIENTED_EDGE('',*,*,#494,.F.);
#494 = EDGE_CURVE('',#471,#487,#495,.T.);
#495 = LINE('',#496,#497);
#496 = CARTESIAN_POINT('',(0.6,-1.94,8.5));
#497 = VECTOR('',#498,1.);
#498 = DIRECTION('',(-1.,1.110223024625E-16,0.));
#499 = FACE_BOUND('',#500,.T.);
#500 = EDGE_LOOP('',(#501,#511,#519,#527));
#501 = ORIENTED_EDGE('',*,*,#502,.F.);
#502 = EDGE_CURVE('',#503,#505,#507,.T.);
#503 = VERTEX_POINT('',#504);
#504 = CARTESIAN_POINT('',(0.6,-0.6,8.5));
#505 = VERTEX_POINT('',#506);
#506 = CARTESIAN_POINT('',(0.6,0.6,8.5));
#507 = LINE('',#508,#509);
#508 = CARTESIAN_POINT('',(0.6,-0.6,8.5));
#509 = VECTOR('',#510,1.);
#510 = DIRECTION('',(1.110223024625E-16,1.,0.));
#511 = ORIENTED_EDGE('',*,*,#512,.F.);
#512 = EDGE_CURVE('',#513,#503,#515,.T.);
#513 = VERTEX_POINT('',#514);
#514 = CARTESIAN_POINT('',(-0.6,-0.6,8.5));
#515 = LINE('',#516,#517);
#516 = CARTESIAN_POINT('',(-0.6,-0.6,8.5));
#517 = VECTOR('',#518,1.);
#518 = DIRECTION('',(1.,-1.110223024625E-16,0.));
#519 = ORIENTED_EDGE('',*,*,#520,.F.);
#520 = EDGE_CURVE('',#521,#513,#523,.T.);
#521 = VERTEX_POINT('',#522);
#522 = CARTESIAN_POINT('',(-0.6,0.6,8.5));
#523 = LINE('',#524,#525);
#524 = CARTESIAN_POINT('',(-0.6,0.6,8.5));
#525 = VECTOR('',#526,1.);
#526 = DIRECTION('',(-1.110223024625E-16,-1.,0.));
#527 = ORIENTED_EDGE('',*,*,#528,.F.);
#528 = EDGE_CURVE('',#505,#521,#529,.T.);
#529 = LINE('',#530,#531);
#530 = CARTESIAN_POINT('',(0.6,0.6,8.5));
#531 = VECTOR('',#532,1.);
#532 = DIRECTION('',(-1.,1.110223024625E-16,0.));
#533 = PLANE('',#534);
#534 = AXIS2_PLACEMENT_3D('',#535,#536,#537);
#535 = CARTESIAN_POINT('',(-9.592326932761E-16,-8.89,8.5));
#536 = DIRECTION('',(0.,0.,1.));
#537 = DIRECTION('',(1.110223024625E-16,1.,-0.));
#538 = ADVANCED_FACE('',(#539),#555,.F.);
#539 = FACE_BOUND('',#540,.F.);
#540 = EDGE_LOOP('',(#541,#542,#548,#549));
#541 = ORIENTED_EDGE('',*,*,#110,.T.);
#542 = ORIENTED_EDGE('',*,*,#543,.F.);
#543 = EDGE_CURVE('',#199,#113,#544,.T.);
#544 = LINE('',#545,#546);
#545 = CARTESIAN_POINT('',(-0.846666666667,1.27,0.));
#546 = VECTOR('',#547,1.);
#547 = DIRECTION('',(-1.110223024625E-16,-1.,0.));
#548 = ORIENTED_EDGE('',*,*,#198,.T.);
#549 = ORIENTED_EDGE('',*,*,#550,.T.);
#550 = EDGE_CURVE('',#191,#111,#551,.T.);
#551 = LINE('',#552,#553);
#552 = CARTESIAN_POINT('',(-1.27,1.27,0.));
#553 = VECTOR('',#554,1.);
#554 = DIRECTION('',(-1.110223024625E-16,-1.,0.));
#555 = PLANE('',#556);
#556 = AXIS2_PLACEMENT_3D('',#557,#558,#559);
#557 = CARTESIAN_POINT('',(-9.592326932761E-16,-8.89,0.));
#558 = DIRECTION('',(0.,0.,1.));
#559 = DIRECTION('',(1.110223024625E-16,1.,-0.));
#560 = ADVANCED_FACE('',(#561),#572,.T.);
#561 = FACE_BOUND('',#562,.T.);
#562 = EDGE_LOOP('',(#563,#564,#570,#571));
#563 = ORIENTED_EDGE('',*,*,#206,.T.);
#564 = ORIENTED_EDGE('',*,*,#565,.T.);
#565 = EDGE_CURVE('',#207,#152,#566,.T.);
#566 = LINE('',#567,#568);
#567 = CARTESIAN_POINT('',(-0.846666666667,1.27,0.2));
#568 = VECTOR('',#569,1.);
#569 = DIRECTION('',(-1.110223024625E-16,-1.,0.));
#570 = ORIENTED_EDGE('',*,*,#159,.F.);
#571 = ORIENTED_EDGE('',*,*,#543,.F.);
#572 = PLANE('',#573);
#573 = AXIS2_PLACEMENT_3D('',#574,#575,#576);
#574 = CARTESIAN_POINT('',(-0.846666666667,1.27,0.));
#575 = DIRECTION('',(1.,-1.110223024625E-16,0.));
#576 = DIRECTION('',(-1.110223024625E-16,-1.,0.));
#577 = ADVANCED_FACE('',(#578,#589,#655,#721,#787,#853,#919,#985,#1051),
  #1117,.F.);
#578 = FACE_BOUND('',#579,.F.);
#579 = EDGE_LOOP('',(#580,#586,#587,#588));
#580 = ORIENTED_EDGE('',*,*,#581,.T.);
#581 = EDGE_CURVE('',#144,#215,#582,.T.);
#582 = LINE('',#583,#584);
#583 = CARTESIAN_POINT('',(0.846666666667,-19.05,0.2));
#584 = VECTOR('',#585,1.);
#585 = DIRECTION('',(1.110223024625E-16,1.,0.));
#586 = ORIENTED_EDGE('',*,*,#214,.T.);
#587 = ORIENTED_EDGE('',*,*,#565,.T.);
#588 = ORIENTED_EDGE('',*,*,#151,.T.);
#589 = FACE_BOUND('',#590,.F.);
#590 = EDGE_LOOP('',(#591,#601,#609,#617,#625,#633,#641,#649));
#591 = ORIENTED_EDGE('',*,*,#592,.F.);
#592 = EDGE_CURVE('',#593,#595,#597,.T.);
#593 = VERTEX_POINT('',#594);
#594 = CARTESIAN_POINT('',(-0.1,-18.23,0.2));
#595 = VERTEX_POINT('',#596);
#596 = CARTESIAN_POINT('',(0.1,-18.23,0.2));
#597 = LINE('',#598,#599);
#598 = CARTESIAN_POINT('',(-0.1,-18.23,0.2));
#599 = VECTOR('',#600,1.);
#600 = DIRECTION('',(1.,-1.110223024625E-16,0.));
#601 = ORIENTED_EDGE('',*,*,#602,.T.);
#602 = EDGE_CURVE('',#593,#603,#605,.T.);
#603 = VERTEX_POINT('',#604);
#604 = CARTESIAN_POINT('',(-0.1,-18.08,0.2));
#605 = LINE('',#606,#607);
#606 = CARTESIAN_POINT('',(-0.1,-18.23,0.2));
#607 = VECTOR('',#608,1.);
#608 = DIRECTION('',(1.110223024625E-16,1.,0.));
#609 = ORIENTED_EDGE('',*,*,#610,.F.);
#610 = EDGE_CURVE('',#611,#603,#613,.T.);
#611 = VERTEX_POINT('',#612);
#612 = CARTESIAN_POINT('',(-0.1,-17.48,0.2));
#613 = LINE('',#614,#615);
#614 = CARTESIAN_POINT('',(-0.1,-13.335,0.2));
#615 = VECTOR('',#616,1.);
#616 = DIRECTION('',(-1.110223024625E-16,-1.,0.));
#617 = ORIENTED_EDGE('',*,*,#618,.T.);
#618 = EDGE_CURVE('',#611,#619,#621,.T.);
#619 = VERTEX_POINT('',#620);
#620 = CARTESIAN_POINT('',(-0.1,-17.33,0.2));
#621 = LINE('',#622,#623);
#622 = CARTESIAN_POINT('',(-0.1,-18.23,0.2));
#623 = VECTOR('',#624,1.);
#624 = DIRECTION('',(1.110223024625E-16,1.,0.));
#625 = ORIENTED_EDGE('',*,*,#626,.T.);
#626 = EDGE_CURVE('',#619,#627,#629,.T.);
#627 = VERTEX_POINT('',#628);
#628 = CARTESIAN_POINT('',(0.1,-17.33,0.2));
#629 = LINE('',#630,#631);
#630 = CARTESIAN_POINT('',(-0.1,-17.33,0.2));
#631 = VECTOR('',#632,1.);
#632 = DIRECTION('',(1.,-1.110223024625E-16,0.));
#633 = ORIENTED_EDGE('',*,*,#634,.T.);
#634 = EDGE_CURVE('',#627,#635,#637,.T.);
#635 = VERTEX_POINT('',#636);
#636 = CARTESIAN_POINT('',(0.1,-17.48,0.2));
#637 = LINE('',#638,#639);
#638 = CARTESIAN_POINT('',(0.1,-17.33,0.2));
#639 = VECTOR('',#640,1.);
#640 = DIRECTION('',(-1.110223024625E-16,-1.,0.));
#641 = ORIENTED_EDGE('',*,*,#642,.T.);
#642 = EDGE_CURVE('',#635,#643,#645,.T.);
#643 = VERTEX_POINT('',#644);
#644 = CARTESIAN_POINT('',(0.1,-18.08,0.2));
#645 = LINE('',#646,#647);
#646 = CARTESIAN_POINT('',(0.1,-13.335,0.2));
#647 = VECTOR('',#648,1.);
#648 = DIRECTION('',(-1.110223024625E-16,-1.,0.));
#649 = ORIENTED_EDGE('',*,*,#650,.T.);
#650 = EDGE_CURVE('',#643,#595,#651,.T.);
#651 = LINE('',#652,#653);
#652 = CARTESIAN_POINT('',(0.1,-17.33,0.2));
#653 = VECTOR('',#654,1.);
#654 = DIRECTION('',(-1.110223024625E-16,-1.,0.));
#655 = FACE_BOUND('',#656,.F.);
#656 = EDGE_LOOP('',(#657,#667,#675,#683,#691,#699,#707,#715));
#657 = ORIENTED_EDGE('',*,*,#658,.F.);
#658 = EDGE_CURVE('',#659,#661,#663,.T.);
#659 = VERTEX_POINT('',#660);
#660 = CARTESIAN_POINT('',(-0.1,-15.69,0.2));
#661 = VERTEX_POINT('',#662);
#662 = CARTESIAN_POINT('',(0.1,-15.69,0.2));
#663 = LINE('',#664,#665);
#664 = CARTESIAN_POINT('',(-0.1,-15.69,0.2));
#665 = VECTOR('',#666,1.);
#666 = DIRECTION('',(1.,-1.110223024625E-16,0.));
#667 = ORIENTED_EDGE('',*,*,#668,.T.);
#668 = EDGE_CURVE('',#659,#669,#671,.T.);
#669 = VERTEX_POINT('',#670);
#670 = CARTESIAN_POINT('',(-0.1,-15.54,0.2));
#671 = LINE('',#672,#673);
#672 = CARTESIAN_POINT('',(-0.1,-15.69,0.2));
#673 = VECTOR('',#674,1.);
#674 = DIRECTION('',(1.110223024625E-16,1.,0.));
#675 = ORIENTED_EDGE('',*,*,#676,.F.);
#676 = EDGE_CURVE('',#677,#669,#679,.T.);
#677 = VERTEX_POINT('',#678);
#678 = CARTESIAN_POINT('',(-0.1,-14.94,0.2));
#679 = LINE('',#680,#681);
#680 = CARTESIAN_POINT('',(-0.1,-12.065,0.2));
#681 = VECTOR('',#682,1.);
#682 = DIRECTION('',(-1.110223024625E-16,-1.,0.));
#683 = ORIENTED_EDGE('',*,*,#684,.T.);
#684 = EDGE_CURVE('',#677,#685,#687,.T.);
#685 = VERTEX_POINT('',#686);
#686 = CARTESIAN_POINT('',(-0.1,-14.79,0.2));
#687 = LINE('',#688,#689);
#688 = CARTESIAN_POINT('',(-0.1,-15.69,0.2));
#689 = VECTOR('',#690,1.);
#690 = DIRECTION('',(1.110223024625E-16,1.,0.));
#691 = ORIENTED_EDGE('',*,*,#692,.T.);
#692 = EDGE_CURVE('',#685,#693,#695,.T.);
#693 = VERTEX_POINT('',#694);
#694 = CARTESIAN_POINT('',(0.1,-14.79,0.2));
#695 = LINE('',#696,#697);
#696 = CARTESIAN_POINT('',(-0.1,-14.79,0.2));
#697 = VECTOR('',#698,1.);
#698 = DIRECTION('',(1.,-1.110223024625E-16,0.));
#699 = ORIENTED_EDGE('',*,*,#700,.T.);
#700 = EDGE_CURVE('',#693,#701,#703,.T.);
#701 = VERTEX_POINT('',#702);
#702 = CARTESIAN_POINT('',(0.1,-14.94,0.2));
#703 = LINE('',#704,#705);
#704 = CARTESIAN_POINT('',(0.1,-14.79,0.2));
#705 = VECTOR('',#706,1.);
#706 = DIRECTION('',(-1.110223024625E-16,-1.,0.));
#707 = ORIENTED_EDGE('',*,*,#708,.T.);
#708 = EDGE_CURVE('',#701,#709,#711,.T.);
#709 = VERTEX_POINT('',#710);
#710 = CARTESIAN_POINT('',(0.1,-15.54,0.2));
#711 = LINE('',#712,#713);
#712 = CARTESIAN_POINT('',(0.1,-12.065,0.2));
#713 = VECTOR('',#714,1.);
#714 = DIRECTION('',(-1.110223024625E-16,-1.,0.));
#715 = ORIENTED_EDGE('',*,*,#716,.T.);
#716 = EDGE_CURVE('',#709,#661,#717,.T.);
#717 = LINE('',#718,#719);
#718 = CARTESIAN_POINT('',(0.1,-14.79,0.2));
#719 = VECTOR('',#720,1.);
#720 = DIRECTION('',(-1.110223024625E-16,-1.,0.));
#721 = FACE_BOUND('',#722,.F.);
#722 = EDGE_LOOP('',(#723,#733,#741,#749,#757,#765,#773,#781));
#723 = ORIENTED_EDGE('',*,*,#724,.F.);
#724 = EDGE_CURVE('',#725,#727,#729,.T.);
#725 = VERTEX_POINT('',#726);
#726 = CARTESIAN_POINT('',(-0.1,-13.15,0.2));
#727 = VERTEX_POINT('',#728);
#728 = CARTESIAN_POINT('',(0.1,-13.15,0.2));
#729 = LINE('',#730,#731);
#730 = CARTESIAN_POINT('',(-0.1,-13.15,0.2));
#731 = VECTOR('',#732,1.);
#732 = DIRECTION('',(1.,-1.110223024625E-16,0.));
#733 = ORIENTED_EDGE('',*,*,#734,.T.);
#734 = EDGE_CURVE('',#725,#735,#737,.T.);
#735 = VERTEX_POINT('',#736);
#736 = CARTESIAN_POINT('',(-0.1,-13.,0.2));
#737 = LINE('',#738,#739);
#738 = CARTESIAN_POINT('',(-0.1,-13.15,0.2));
#739 = VECTOR('',#740,1.);
#740 = DIRECTION('',(1.110223024625E-16,1.,0.));
#741 = ORIENTED_EDGE('',*,*,#742,.F.);
#742 = EDGE_CURVE('',#743,#735,#745,.T.);
#743 = VERTEX_POINT('',#744);
#744 = CARTESIAN_POINT('',(-0.1,-12.4,0.2));
#745 = LINE('',#746,#747);
#746 = CARTESIAN_POINT('',(-0.1,-10.795,0.2));
#747 = VECTOR('',#748,1.);
#748 = DIRECTION('',(-1.110223024625E-16,-1.,0.));
#749 = ORIENTED_EDGE('',*,*,#750,.T.);
#750 = EDGE_CURVE('',#743,#751,#753,.T.);
#751 = VERTEX_POINT('',#752);
#752 = CARTESIAN_POINT('',(-0.1,-12.25,0.2));
#753 = LINE('',#754,#755);
#754 = CARTESIAN_POINT('',(-0.1,-13.15,0.2));
#755 = VECTOR('',#756,1.);
#756 = DIRECTION('',(1.110223024625E-16,1.,0.));
#757 = ORIENTED_EDGE('',*,*,#758,.T.);
#758 = EDGE_CURVE('',#751,#759,#761,.T.);
#759 = VERTEX_POINT('',#760);
#760 = CARTESIAN_POINT('',(0.1,-12.25,0.2));
#761 = LINE('',#762,#763);
#762 = CARTESIAN_POINT('',(-0.1,-12.25,0.2));
#763 = VECTOR('',#764,1.);
#764 = DIRECTION('',(1.,-1.110223024625E-16,0.));
#765 = ORIENTED_EDGE('',*,*,#766,.T.);
#766 = EDGE_CURVE('',#759,#767,#769,.T.);
#767 = VERTEX_POINT('',#768);
#768 = CARTESIAN_POINT('',(0.1,-12.4,0.2));
#769 = LINE('',#770,#771);
#770 = CARTESIAN_POINT('',(0.1,-12.25,0.2));
#771 = VECTOR('',#772,1.);
#772 = DIRECTION('',(-1.110223024625E-16,-1.,0.));
#773 = ORIENTED_EDGE('',*,*,#774,.T.);
#774 = EDGE_CURVE('',#767,#775,#777,.T.);
#775 = VERTEX_POINT('',#776);
#776 = CARTESIAN_POINT('',(0.1,-13.,0.2));
#777 = LINE('',#778,#779);
#778 = CARTESIAN_POINT('',(0.1,-10.795,0.2));
#779 = VECTOR('',#780,1.);
#780 = DIRECTION('',(-1.110223024625E-16,-1.,0.));
#781 = ORIENTED_EDGE('',*,*,#782,.T.);
#782 = EDGE_CURVE('',#775,#727,#783,.T.);
#783 = LINE('',#784,#785);
#784 = CARTESIAN_POINT('',(0.1,-12.25,0.2));
#785 = VECTOR('',#786,1.);
#786 = DIRECTION('',(-1.110223024625E-16,-1.,0.));
#787 = FACE_BOUND('',#788,.F.);
#788 = EDGE_LOOP('',(#789,#799,#807,#815,#823,#831,#839,#847));
#789 = ORIENTED_EDGE('',*,*,#790,.F.);
#790 = EDGE_CURVE('',#791,#793,#795,.T.);
#791 = VERTEX_POINT('',#792);
#792 = CARTESIAN_POINT('',(-0.1,-10.61,0.2));
#793 = VERTEX_POINT('',#794);
#794 = CARTESIAN_POINT('',(0.1,-10.61,0.2));
#795 = LINE('',#796,#797);
#796 = CARTESIAN_POINT('',(-0.1,-10.61,0.2));
#797 = VECTOR('',#798,1.);
#798 = DIRECTION('',(1.,-1.110223024625E-16,0.));
#799 = ORIENTED_EDGE('',*,*,#800,.T.);
#800 = EDGE_CURVE('',#791,#801,#803,.T.);
#801 = VERTEX_POINT('',#802);
#802 = CARTESIAN_POINT('',(-0.1,-10.46,0.2));
#803 = LINE('',#804,#805);
#804 = CARTESIAN_POINT('',(-0.1,-10.61,0.2));
#805 = VECTOR('',#806,1.);
#806 = DIRECTION('',(1.110223024625E-16,1.,0.));
#807 = ORIENTED_EDGE('',*,*,#808,.F.);
#808 = EDGE_CURVE('',#809,#801,#811,.T.);
#809 = VERTEX_POINT('',#810);
#810 = CARTESIAN_POINT('',(-0.1,-9.86,0.2));
#811 = LINE('',#812,#813);
#812 = CARTESIAN_POINT('',(-0.1,-9.525,0.2));
#813 = VECTOR('',#814,1.);
#814 = DIRECTION('',(-1.110223024625E-16,-1.,0.));
#815 = ORIENTED_EDGE('',*,*,#816,.T.);
#816 = EDGE_CURVE('',#809,#817,#819,.T.);
#817 = VERTEX_POINT('',#818);
#818 = CARTESIAN_POINT('',(-0.1,-9.71,0.2));
#819 = LINE('',#820,#821);
#820 = CARTESIAN_POINT('',(-0.1,-10.61,0.2));
#821 = VECTOR('',#822,1.);
#822 = DIRECTION('',(1.110223024625E-16,1.,0.));
#823 = ORIENTED_EDGE('',*,*,#824,.T.);
#824 = EDGE_CURVE('',#817,#825,#827,.T.);
#825 = VERTEX_POINT('',#826);
#826 = CARTESIAN_POINT('',(0.1,-9.71,0.2));
#827 = LINE('',#828,#829);
#828 = CARTESIAN_POINT('',(-0.1,-9.71,0.2));
#829 = VECTOR('',#830,1.);
#830 = DIRECTION('',(1.,-1.110223024625E-16,0.));
#831 = ORIENTED_EDGE('',*,*,#832,.T.);
#832 = EDGE_CURVE('',#825,#833,#835,.T.);
#833 = VERTEX_POINT('',#834);
#834 = CARTESIAN_POINT('',(0.1,-9.86,0.2));
#835 = LINE('',#836,#837);
#836 = CARTESIAN_POINT('',(0.1,-9.71,0.2));
#837 = VECTOR('',#838,1.);
#838 = DIRECTION('',(-1.110223024625E-16,-1.,0.));
#839 = ORIENTED_EDGE('',*,*,#840,.T.);
#840 = EDGE_CURVE('',#833,#841,#843,.T.);
#841 = VERTEX_POINT('',#842);
#842 = CARTESIAN_POINT('',(0.1,-10.46,0.2));
#843 = LINE('',#844,#845);
#844 = CARTESIAN_POINT('',(0.1,-9.525,0.2));
#845 = VECTOR('',#846,1.);
#846 = DIRECTION('',(-1.110223024625E-16,-1.,0.));
#847 = ORIENTED_EDGE('',*,*,#848,.T.);
#848 = EDGE_CURVE('',#841,#793,#849,.T.);
#849 = LINE('',#850,#851);
#850 = CARTESIAN_POINT('',(0.1,-9.71,0.2));
#851 = VECTOR('',#852,1.);
#852 = DIRECTION('',(-1.110223024625E-16,-1.,0.));
#853 = FACE_BOUND('',#854,.F.);
#854 = EDGE_LOOP('',(#855,#865,#873,#881,#889,#897,#905,#913));
#855 = ORIENTED_EDGE('',*,*,#856,.F.);
#856 = EDGE_CURVE('',#857,#859,#861,.T.);
#857 = VERTEX_POINT('',#858);
#858 = CARTESIAN_POINT('',(-0.1,-8.07,0.2));
#859 = VERTEX_POINT('',#860);
#860 = CARTESIAN_POINT('',(0.1,-8.07,0.2));
#861 = LINE('',#862,#863);
#862 = CARTESIAN_POINT('',(-0.1,-8.07,0.2));
#863 = VECTOR('',#864,1.);
#864 = DIRECTION('',(1.,-1.110223024625E-16,0.));
#865 = ORIENTED_EDGE('',*,*,#866,.T.);
#866 = EDGE_CURVE('',#857,#867,#869,.T.);
#867 = VERTEX_POINT('',#868);
#868 = CARTESIAN_POINT('',(-0.1,-7.92,0.2));
#869 = LINE('',#870,#871);
#870 = CARTESIAN_POINT('',(-0.1,-8.07,0.2));
#871 = VECTOR('',#872,1.);
#872 = DIRECTION('',(1.110223024625E-16,1.,0.));
#873 = ORIENTED_EDGE('',*,*,#874,.F.);
#874 = EDGE_CURVE('',#875,#867,#877,.T.);
#875 = VERTEX_POINT('',#876);
#876 = CARTESIAN_POINT('',(-0.1,-7.32,0.2));
#877 = LINE('',#878,#879);
#878 = CARTESIAN_POINT('',(-0.1,-8.255,0.2));
#879 = VECTOR('',#880,1.);
#880 = DIRECTION('',(-1.110223024625E-16,-1.,0.));
#881 = ORIENTED_EDGE('',*,*,#882,.T.);
#882 = EDGE_CURVE('',#875,#883,#885,.T.);
#883 = VERTEX_POINT('',#884);
#884 = CARTESIAN_POINT('',(-0.1,-7.17,0.2));
#885 = LINE('',#886,#887);
#886 = CARTESIAN_POINT('',(-0.1,-8.07,0.2));
#887 = VECTOR('',#888,1.);
#888 = DIRECTION('',(1.110223024625E-16,1.,0.));
#889 = ORIENTED_EDGE('',*,*,#890,.T.);
#890 = EDGE_CURVE('',#883,#891,#893,.T.);
#891 = VERTEX_POINT('',#892);
#892 = CARTESIAN_POINT('',(0.1,-7.17,0.2));
#893 = LINE('',#894,#895);
#894 = CARTESIAN_POINT('',(-0.1,-7.17,0.2));
#895 = VECTOR('',#896,1.);
#896 = DIRECTION('',(1.,-1.110223024625E-16,0.));
#897 = ORIENTED_EDGE('',*,*,#898,.T.);
#898 = EDGE_CURVE('',#891,#899,#901,.T.);
#899 = VERTEX_POINT('',#900);
#900 = CARTESIAN_POINT('',(0.1,-7.32,0.2));
#901 = LINE('',#902,#903);
#902 = CARTESIAN_POINT('',(0.1,-7.17,0.2));
#903 = VECTOR('',#904,1.);
#904 = DIRECTION('',(-1.110223024625E-16,-1.,0.));
#905 = ORIENTED_EDGE('',*,*,#906,.T.);
#906 = EDGE_CURVE('',#899,#907,#909,.T.);
#907 = VERTEX_POINT('',#908);
#908 = CARTESIAN_POINT('',(0.1,-7.92,0.2));
#909 = LINE('',#910,#911);
#910 = CARTESIAN_POINT('',(0.1,-8.255,0.2));
#911 = VECTOR('',#912,1.);
#912 = DIRECTION('',(-1.110223024625E-16,-1.,0.));
#913 = ORIENTED_EDGE('',*,*,#914,.T.);
#914 = EDGE_CURVE('',#907,#859,#915,.T.);
#915 = LINE('',#916,#917);
#916 = CARTESIAN_POINT('',(0.1,-7.17,0.2));
#917 = VECTOR('',#918,1.);
#918 = DIRECTION('',(-1.110223024625E-16,-1.,0.));
#919 = FACE_BOUND('',#920,.F.);
#920 = EDGE_LOOP('',(#921,#931,#939,#947,#955,#963,#971,#979));
#921 = ORIENTED_EDGE('',*,*,#922,.F.);
#922 = EDGE_CURVE('',#923,#925,#927,.T.);
#923 = VERTEX_POINT('',#924);
#924 = CARTESIAN_POINT('',(-0.1,-5.53,0.2));
#925 = VERTEX_POINT('',#926);
#926 = CARTESIAN_POINT('',(0.1,-5.53,0.2));
#927 = LINE('',#928,#929);
#928 = CARTESIAN_POINT('',(-0.1,-5.53,0.2));
#929 = VECTOR('',#930,1.);
#930 = DIRECTION('',(1.,-1.110223024625E-16,0.));
#931 = ORIENTED_EDGE('',*,*,#932,.T.);
#932 = EDGE_CURVE('',#923,#933,#935,.T.);
#933 = VERTEX_POINT('',#934);
#934 = CARTESIAN_POINT('',(-0.1,-5.38,0.2));
#935 = LINE('',#936,#937);
#936 = CARTESIAN_POINT('',(-0.1,-5.53,0.2));
#937 = VECTOR('',#938,1.);
#938 = DIRECTION('',(1.110223024625E-16,1.,0.));
#939 = ORIENTED_EDGE('',*,*,#940,.F.);
#940 = EDGE_CURVE('',#941,#933,#943,.T.);
#941 = VERTEX_POINT('',#942);
#942 = CARTESIAN_POINT('',(-0.1,-4.78,0.2));
#943 = LINE('',#944,#945);
#944 = CARTESIAN_POINT('',(-0.1,-6.985,0.2));
#945 = VECTOR('',#946,1.);
#946 = DIRECTION('',(-1.110223024625E-16,-1.,0.));
#947 = ORIENTED_EDGE('',*,*,#948,.T.);
#948 = EDGE_CURVE('',#941,#949,#951,.T.);
#949 = VERTEX_POINT('',#950);
#950 = CARTESIAN_POINT('',(-0.1,-4.63,0.2));
#951 = LINE('',#952,#953);
#952 = CARTESIAN_POINT('',(-0.1,-5.53,0.2));
#953 = VECTOR('',#954,1.);
#954 = DIRECTION('',(1.110223024625E-16,1.,0.));
#955 = ORIENTED_EDGE('',*,*,#956,.T.);
#956 = EDGE_CURVE('',#949,#957,#959,.T.);
#957 = VERTEX_POINT('',#958);
#958 = CARTESIAN_POINT('',(0.1,-4.63,0.2));
#959 = LINE('',#960,#961);
#960 = CARTESIAN_POINT('',(-0.1,-4.63,0.2));
#961 = VECTOR('',#962,1.);
#962 = DIRECTION('',(1.,-1.110223024625E-16,0.));
#963 = ORIENTED_EDGE('',*,*,#964,.T.);
#964 = EDGE_CURVE('',#957,#965,#967,.T.);
#965 = VERTEX_POINT('',#966);
#966 = CARTESIAN_POINT('',(0.1,-4.78,0.2));
#967 = LINE('',#968,#969);
#968 = CARTESIAN_POINT('',(0.1,-4.63,0.2));
#969 = VECTOR('',#970,1.);
#970 = DIRECTION('',(-1.110223024625E-16,-1.,0.));
#971 = ORIENTED_EDGE('',*,*,#972,.T.);
#972 = EDGE_CURVE('',#965,#973,#975,.T.);
#973 = VERTEX_POINT('',#974);
#974 = CARTESIAN_POINT('',(0.1,-5.38,0.2));
#975 = LINE('',#976,#977);
#976 = CARTESIAN_POINT('',(0.1,-6.985,0.2));
#977 = VECTOR('',#978,1.);
#978 = DIRECTION('',(-1.110223024625E-16,-1.,0.));
#979 = ORIENTED_EDGE('',*,*,#980,.T.);
#980 = EDGE_CURVE('',#973,#925,#981,.T.);
#981 = LINE('',#982,#983);
#982 = CARTESIAN_POINT('',(0.1,-4.63,0.2));
#983 = VECTOR('',#984,1.);
#984 = DIRECTION('',(-1.110223024625E-16,-1.,0.));
#985 = FACE_BOUND('',#986,.F.);
#986 = EDGE_LOOP('',(#987,#997,#1005,#1013,#1021,#1029,#1037,#1045));
#987 = ORIENTED_EDGE('',*,*,#988,.F.);
#988 = EDGE_CURVE('',#989,#991,#993,.T.);
#989 = VERTEX_POINT('',#990);
#990 = CARTESIAN_POINT('',(-0.1,-2.99,0.2));
#991 = VERTEX_POINT('',#992);
#992 = CARTESIAN_POINT('',(0.1,-2.99,0.2));
#993 = LINE('',#994,#995);
#994 = CARTESIAN_POINT('',(-0.1,-2.99,0.2));
#995 = VECTOR('',#996,1.);
#996 = DIRECTION('',(1.,-1.110223024625E-16,0.));
#997 = ORIENTED_EDGE('',*,*,#998,.T.);
#998 = EDGE_CURVE('',#989,#999,#1001,.T.);
#999 = VERTEX_POINT('',#1000);
#1000 = CARTESIAN_POINT('',(-0.1,-2.84,0.2));
#1001 = LINE('',#1002,#1003);
#1002 = CARTESIAN_POINT('',(-0.1,-2.99,0.2));
#1003 = VECTOR('',#1004,1.);
#1004 = DIRECTION('',(1.110223024625E-16,1.,0.));
#1005 = ORIENTED_EDGE('',*,*,#1006,.F.);
#1006 = EDGE_CURVE('',#1007,#999,#1009,.T.);
#1007 = VERTEX_POINT('',#1008);
#1008 = CARTESIAN_POINT('',(-0.1,-2.24,0.2));
#1009 = LINE('',#1010,#1011);
#1010 = CARTESIAN_POINT('',(-0.1,-5.715,0.2));
#1011 = VECTOR('',#1012,1.);
#1012 = DIRECTION('',(-1.110223024625E-16,-1.,0.));
#1013 = ORIENTED_EDGE('',*,*,#1014,.T.);
#1014 = EDGE_CURVE('',#1007,#1015,#1017,.T.);
#1015 = VERTEX_POINT('',#1016);
#1016 = CARTESIAN_POINT('',(-0.1,-2.09,0.2));
#1017 = LINE('',#1018,#1019);
#1018 = CARTESIAN_POINT('',(-0.1,-2.99,0.2));
#1019 = VECTOR('',#1020,1.);
#1020 = DIRECTION('',(1.110223024625E-16,1.,0.));
#1021 = ORIENTED_EDGE('',*,*,#1022,.T.);
#1022 = EDGE_CURVE('',#1015,#1023,#1025,.T.);
#1023 = VERTEX_POINT('',#1024);
#1024 = CARTESIAN_POINT('',(0.1,-2.09,0.2));
#1025 = LINE('',#1026,#1027);
#1026 = CARTESIAN_POINT('',(-0.1,-2.09,0.2));
#1027 = VECTOR('',#1028,1.);
#1028 = DIRECTION('',(1.,-1.110223024625E-16,0.));
#1029 = ORIENTED_EDGE('',*,*,#1030,.T.);
#1030 = EDGE_CURVE('',#1023,#1031,#1033,.T.);
#1031 = VERTEX_POINT('',#1032);
#1032 = CARTESIAN_POINT('',(0.1,-2.24,0.2));
#1033 = LINE('',#1034,#1035);
#1034 = CARTESIAN_POINT('',(0.1,-2.09,0.2));
#1035 = VECTOR('',#1036,1.);
#1036 = DIRECTION('',(-1.110223024625E-16,-1.,0.));
#1037 = ORIENTED_EDGE('',*,*,#1038,.T.);
#1038 = EDGE_CURVE('',#1031,#1039,#1041,.T.);
#1039 = VERTEX_POINT('',#1040);
#1040 = CARTESIAN_POINT('',(0.1,-2.84,0.2));
#1041 = LINE('',#1042,#1043);
#1042 = CARTESIAN_POINT('',(0.1,-5.715,0.2));
#1043 = VECTOR('',#1044,1.);
#1044 = DIRECTION('',(-1.110223024625E-16,-1.,0.));
#1045 = ORIENTED_EDGE('',*,*,#1046,.T.);
#1046 = EDGE_CURVE('',#1039,#991,#1047,.T.);
#1047 = LINE('',#1048,#1049);
#1048 = CARTESIAN_POINT('',(0.1,-2.09,0.2));
#1049 = VECTOR('',#1050,1.);
#1050 = DIRECTION('',(-1.110223024625E-16,-1.,0.));
#1051 = FACE_BOUND('',#1052,.F.);
#1052 = EDGE_LOOP('',(#1053,#1063,#1071,#1079,#1087,#1095,#1103,#1111));
#1053 = ORIENTED_EDGE('',*,*,#1054,.F.);
#1054 = EDGE_CURVE('',#1055,#1057,#1059,.T.);
#1055 = VERTEX_POINT('',#1056);
#1056 = CARTESIAN_POINT('',(-0.1,-0.45,0.2));
#1057 = VERTEX_POINT('',#1058);
#1058 = CARTESIAN_POINT('',(0.1,-0.45,0.2));
#1059 = LINE('',#1060,#1061);
#1060 = CARTESIAN_POINT('',(-0.1,-0.45,0.2));
#1061 = VECTOR('',#1062,1.);
#1062 = DIRECTION('',(1.,-1.110223024625E-16,0.));
#1063 = ORIENTED_EDGE('',*,*,#1064,.T.);
#1064 = EDGE_CURVE('',#1055,#1065,#1067,.T.);
#1065 = VERTEX_POINT('',#1066);
#1066 = CARTESIAN_POINT('',(-0.1,-0.3,0.2));
#1067 = LINE('',#1068,#1069);
#1068 = CARTESIAN_POINT('',(-0.1,-0.45,0.2));
#1069 = VECTOR('',#1070,1.);
#1070 = DIRECTION('',(1.110223024625E-16,1.,0.));
#1071 = ORIENTED_EDGE('',*,*,#1072,.F.);
#1072 = EDGE_CURVE('',#1073,#1065,#1075,.T.);
#1073 = VERTEX_POINT('',#1074);
#1074 = CARTESIAN_POINT('',(-0.1,0.3,0.2));
#1075 = LINE('',#1076,#1077);
#1076 = CARTESIAN_POINT('',(-0.1,-4.445,0.2));
#1077 = VECTOR('',#1078,1.);
#1078 = DIRECTION('',(-1.110223024625E-16,-1.,0.));
#1079 = ORIENTED_EDGE('',*,*,#1080,.T.);
#1080 = EDGE_CURVE('',#1073,#1081,#1083,.T.);
#1081 = VERTEX_POINT('',#1082);
#1082 = CARTESIAN_POINT('',(-0.1,0.45,0.2));
#1083 = LINE('',#1084,#1085);
#1084 = CARTESIAN_POINT('',(-0.1,-0.45,0.2));
#1085 = VECTOR('',#1086,1.);
#1086 = DIRECTION('',(1.110223024625E-16,1.,0.));
#1087 = ORIENTED_EDGE('',*,*,#1088,.T.);
#1088 = EDGE_CURVE('',#1081,#1089,#1091,.T.);
#1089 = VERTEX_POINT('',#1090);
#1090 = CARTESIAN_POINT('',(0.1,0.45,0.2));
#1091 = LINE('',#1092,#1093);
#1092 = CARTESIAN_POINT('',(-0.1,0.45,0.2));
#1093 = VECTOR('',#1094,1.);
#1094 = DIRECTION('',(1.,-1.110223024625E-16,0.));
#1095 = ORIENTED_EDGE('',*,*,#1096,.T.);
#1096 = EDGE_CURVE('',#1089,#1097,#1099,.T.);
#1097 = VERTEX_POINT('',#1098);
#1098 = CARTESIAN_POINT('',(0.1,0.3,0.2));
#1099 = LINE('',#1100,#1101);
#1100 = CARTESIAN_POINT('',(0.1,0.45,0.2));
#1101 = VECTOR('',#1102,1.);
#1102 = DIRECTION('',(-1.110223024625E-16,-1.,0.));
#1103 = ORIENTED_EDGE('',*,*,#1104,.T.);
#1104 = EDGE_CURVE('',#1097,#1105,#1107,.T.);
#1105 = VERTEX_POINT('',#1106);
#1106 = CARTESIAN_POINT('',(0.1,-0.3,0.2));
#1107 = LINE('',#1108,#1109);
#1108 = CARTESIAN_POINT('',(0.1,-4.445,0.2));
#1109 = VECTOR('',#1110,1.);
#1110 = DIRECTION('',(-1.110223024625E-16,-1.,0.));
#1111 = ORIENTED_EDGE('',*,*,#1112,.T.);
#1112 = EDGE_CURVE('',#1105,#1057,#1113,.T.);
#1113 = LINE('',#1114,#1115);
#1114 = CARTESIAN_POINT('',(0.1,0.45,0.2));
#1115 = VECTOR('',#1116,1.);
#1116 = DIRECTION('',(-1.110223024625E-16,-1.,0.));
#1117 = PLANE('',#1118);
#1118 = AXIS2_PLACEMENT_3D('',#1119,#1120,#1121);
#1119 = CARTESIAN_POINT('',(-9.592326932761E-16,-8.89,0.2));
#1120 = DIRECTION('',(0.,0.,1.));
#1121 = DIRECTION('',(1.110223024625E-16,1.,-0.));
#1122 = ADVANCED_FACE('',(#1123),#1129,.T.);
#1123 = FACE_BOUND('',#1124,.T.);
#1124 = EDGE_LOOP('',(#1125,#1126,#1127,#1128));
#1125 = ORIENTED_EDGE('',*,*,#143,.T.);
#1126 = ORIENTED_EDGE('',*,*,#581,.T.);
#1127 = ORIENTED_EDGE('',*,*,#222,.F.);
#1128 = ORIENTED_EDGE('',*,*,#239,.F.);
#1129 = PLANE('',#1130);
#1130 = AXIS2_PLACEMENT_3D('',#1131,#1132,#1133);
#1131 = CARTESIAN_POINT('',(0.846666666667,-19.05,0.));
#1132 = DIRECTION('',(-1.,1.110223024625E-16,0.));
#1133 = DIRECTION('',(1.110223024625E-16,1.,0.));
#1134 = ADVANCED_FACE('',(#1135),#1141,.F.);
#1135 = FACE_BOUND('',#1136,.F.);
#1136 = EDGE_LOOP('',(#1137,#1138,#1139,#1140));
#1137 = ORIENTED_EDGE('',*,*,#190,.T.);
#1138 = ORIENTED_EDGE('',*,*,#255,.T.);
#1139 = ORIENTED_EDGE('',*,*,#120,.F.);
#1140 = ORIENTED_EDGE('',*,*,#550,.F.);
#1141 = PLANE('',#1142);
#1142 = AXIS2_PLACEMENT_3D('',#1143,#1144,#1145);
#1143 = CARTESIAN_POINT('',(-1.27,1.27,0.));
#1144 = DIRECTION('',(1.,-1.110223024625E-16,0.));
#1145 = DIRECTION('',(-1.110223024625E-16,-1.,0.));
#1146 = ADVANCED_FACE('',(#1147),#1172,.T.);
#1147 = FACE_BOUND('',#1148,.T.);
#1148 = EDGE_LOOP('',(#1149,#1157,#1158,#1166));
#1149 = ORIENTED_EDGE('',*,*,#1150,.F.);
#1150 = EDGE_CURVE('',#265,#1151,#1153,.T.);
#1151 = VERTEX_POINT('',#1152);
#1152 = CARTESIAN_POINT('',(0.3,-18.08,8.2));
#1153 = LINE('',#1154,#1155);
#1154 = CARTESIAN_POINT('',(0.3,-18.08,8.2));
#1155 = VECTOR('',#1156,1.);
#1156 = DIRECTION('',(-0.57735026919,0.57735026919,-0.57735026919));
#1157 = ORIENTED_EDGE('',*,*,#264,.T.);
#1158 = ORIENTED_EDGE('',*,*,#1159,.T.);
#1159 = EDGE_CURVE('',#267,#1160,#1162,.T.);
#1160 = VERTEX_POINT('',#1161);
#1161 = CARTESIAN_POINT('',(0.3,-17.48,8.2));
#1162 = LINE('',#1163,#1164);
#1163 = CARTESIAN_POINT('',(0.3,-17.48,8.2));
#1164 = VECTOR('',#1165,1.);
#1165 = DIRECTION('',(-0.57735026919,-0.57735026919,-0.57735026919));
#1166 = ORIENTED_EDGE('',*,*,#1167,.F.);
#1167 = EDGE_CURVE('',#1151,#1160,#1168,.T.);
#1168 = LINE('',#1169,#1170);
#1169 = CARTESIAN_POINT('',(0.3,-18.38,8.2));
#1170 = VECTOR('',#1171,1.);
#1171 = DIRECTION('',(1.110223024625E-16,1.,0.));
#1172 = PLANE('',#1173);
#1173 = AXIS2_PLACEMENT_3D('',#1174,#1175,#1176);
#1174 = CARTESIAN_POINT('',(0.45,-18.38,8.35));
#1175 = DIRECTION('',(-0.707106781187,7.850462293414E-17,0.707106781187)
  );
#1176 = DIRECTION('',(1.110223024625E-16,1.,2.680278185005E-29));
#1177 = ADVANCED_FACE('',(#1178),#1196,.T.);
#1178 = FACE_BOUND('',#1179,.T.);
#1179 = EDGE_LOOP('',(#1180,#1181,#1182,#1190));
#1180 = ORIENTED_EDGE('',*,*,#1159,.F.);
#1181 = ORIENTED_EDGE('',*,*,#290,.T.);
#1182 = ORIENTED_EDGE('',*,*,#1183,.T.);
#1183 = EDGE_CURVE('',#283,#1184,#1186,.T.);
#1184 = VERTEX_POINT('',#1185);
#1185 = CARTESIAN_POINT('',(-0.3,-17.48,8.2));
#1186 = LINE('',#1187,#1188);
#1187 = CARTESIAN_POINT('',(-0.3,-17.48,8.2));
#1188 = VECTOR('',#1189,1.);
#1189 = DIRECTION('',(0.57735026919,-0.57735026919,-0.57735026919));
#1190 = ORIENTED_EDGE('',*,*,#1191,.F.);
#1191 = EDGE_CURVE('',#1160,#1184,#1192,.T.);
#1192 = LINE('',#1193,#1194);
#1193 = CARTESIAN_POINT('',(0.6,-17.48,8.2));
#1194 = VECTOR('',#1195,1.);
#1195 = DIRECTION('',(-1.,1.110223024625E-16,0.));
#1196 = PLANE('',#1197);
#1197 = AXIS2_PLACEMENT_3D('',#1198,#1199,#1200);
#1198 = CARTESIAN_POINT('',(0.6,-17.33,8.35));
#1199 = DIRECTION('',(-7.850462293414E-17,-0.707106781187,0.707106781187
    ));
#1200 = DIRECTION('',(-1.,1.110223024625E-16,2.680278185005E-29));
#1201 = ADVANCED_FACE('',(#1202),#1220,.T.);
#1202 = FACE_BOUND('',#1203,.T.);
#1203 = EDGE_LOOP('',(#1204,#1205,#1206,#1214));
#1204 = ORIENTED_EDGE('',*,*,#1183,.F.);
#1205 = ORIENTED_EDGE('',*,*,#282,.T.);
#1206 = ORIENTED_EDGE('',*,*,#1207,.T.);
#1207 = EDGE_CURVE('',#275,#1208,#1210,.T.);
#1208 = VERTEX_POINT('',#1209);
#1209 = CARTESIAN_POINT('',(-0.3,-18.08,8.2));
#1210 = LINE('',#1211,#1212);
#1211 = CARTESIAN_POINT('',(-0.3,-18.08,8.2));
#1212 = VECTOR('',#1213,1.);
#1213 = DIRECTION('',(0.57735026919,0.57735026919,-0.57735026919));
#1214 = ORIENTED_EDGE('',*,*,#1215,.F.);
#1215 = EDGE_CURVE('',#1184,#1208,#1216,.T.);
#1216 = LINE('',#1217,#1218);
#1217 = CARTESIAN_POINT('',(-0.3,-17.18,8.2));
#1218 = VECTOR('',#1219,1.);
#1219 = DIRECTION('',(-1.110223024625E-16,-1.,0.));
#1220 = PLANE('',#1221);
#1221 = AXIS2_PLACEMENT_3D('',#1222,#1223,#1224);
#1222 = CARTESIAN_POINT('',(-0.45,-17.18,8.35));
#1223 = DIRECTION('',(0.707106781187,-7.850462293414E-17,0.707106781187)
  );
#1224 = DIRECTION('',(-1.110223024625E-16,-1.,2.680278185005E-29));
#1225 = ADVANCED_FACE('',(#1226),#1237,.T.);
#1226 = FACE_BOUND('',#1227,.T.);
#1227 = EDGE_LOOP('',(#1228,#1229,#1230,#1231));
#1228 = ORIENTED_EDGE('',*,*,#1207,.F.);
#1229 = ORIENTED_EDGE('',*,*,#274,.T.);
#1230 = ORIENTED_EDGE('',*,*,#1150,.T.);
#1231 = ORIENTED_EDGE('',*,*,#1232,.F.);
#1232 = EDGE_CURVE('',#1208,#1151,#1233,.T.);
#1233 = LINE('',#1234,#1235);
#1234 = CARTESIAN_POINT('',(-0.6,-18.08,8.2));
#1235 = VECTOR('',#1236,1.);
#1236 = DIRECTION('',(1.,-1.110223024625E-16,0.));
#1237 = PLANE('',#1238);
#1238 = AXIS2_PLACEMENT_3D('',#1239,#1240,#1241);
#1239 = CARTESIAN_POINT('',(-0.6,-18.23,8.35));
#1240 = DIRECTION('',(7.850462293414E-17,0.707106781187,0.707106781187)
  );
#1241 = DIRECTION('',(1.,-1.110223024625E-16,2.680278185005E-29));
#1242 = ADVANCED_FACE('',(#1243),#1268,.T.);
#1243 = FACE_BOUND('',#1244,.T.);
#1244 = EDGE_LOOP('',(#1245,#1253,#1254,#1262));
#1245 = ORIENTED_EDGE('',*,*,#1246,.F.);
#1246 = EDGE_CURVE('',#299,#1247,#1249,.T.);
#1247 = VERTEX_POINT('',#1248);
#1248 = CARTESIAN_POINT('',(0.3,-15.54,8.2));
#1249 = LINE('',#1250,#1251);
#1250 = CARTESIAN_POINT('',(0.3,-15.54,8.2));
#1251 = VECTOR('',#1252,1.);
#1252 = DIRECTION('',(-0.57735026919,0.57735026919,-0.57735026919));
#1253 = ORIENTED_EDGE('',*,*,#298,.T.);
#1254 = ORIENTED_EDGE('',*,*,#1255,.T.);
#1255 = EDGE_CURVE('',#301,#1256,#1258,.T.);
#1256 = VERTEX_POINT('',#1257);
#1257 = CARTESIAN_POINT('',(0.3,-14.94,8.2));
#1258 = LINE('',#1259,#1260);
#1259 = CARTESIAN_POINT('',(0.3,-14.94,8.2));
#1260 = VECTOR('',#1261,1.);
#1261 = DIRECTION('',(-0.57735026919,-0.57735026919,-0.57735026919));
#1262 = ORIENTED_EDGE('',*,*,#1263,.F.);
#1263 = EDGE_CURVE('',#1247,#1256,#1264,.T.);
#1264 = LINE('',#1265,#1266);
#1265 = CARTESIAN_POINT('',(0.3,-15.84,8.2));
#1266 = VECTOR('',#1267,1.);
#1267 = DIRECTION('',(1.110223024625E-16,1.,0.));
#1268 = PLANE('',#1269);
#1269 = AXIS2_PLACEMENT_3D('',#1270,#1271,#1272);
#1270 = CARTESIAN_POINT('',(0.45,-15.84,8.35));
#1271 = DIRECTION('',(-0.707106781187,7.850462293414E-17,0.707106781187)
  );
#1272 = DIRECTION('',(1.110223024625E-16,1.,2.680278185005E-29));
#1273 = ADVANCED_FACE('',(#1274),#1292,.T.);
#1274 = FACE_BOUND('',#1275,.T.);
#1275 = EDGE_LOOP('',(#1276,#1277,#1278,#1286));
#1276 = ORIENTED_EDGE('',*,*,#1255,.F.);
#1277 = ORIENTED_EDGE('',*,*,#324,.T.);
#1278 = ORIENTED_EDGE('',*,*,#1279,.T.);
#1279 = EDGE_CURVE('',#317,#1280,#1282,.T.);
#1280 = VERTEX_POINT('',#1281);
#1281 = CARTESIAN_POINT('',(-0.3,-14.94,8.2));
#1282 = LINE('',#1283,#1284);
#1283 = CARTESIAN_POINT('',(-0.3,-14.94,8.2));
#1284 = VECTOR('',#1285,1.);
#1285 = DIRECTION('',(0.57735026919,-0.57735026919,-0.57735026919));
#1286 = ORIENTED_EDGE('',*,*,#1287,.F.);
#1287 = EDGE_CURVE('',#1256,#1280,#1288,.T.);
#1288 = LINE('',#1289,#1290);
#1289 = CARTESIAN_POINT('',(0.6,-14.94,8.2));
#1290 = VECTOR('',#1291,1.);
#1291 = DIRECTION('',(-1.,1.110223024625E-16,0.));
#1292 = PLANE('',#1293);
#1293 = AXIS2_PLACEMENT_3D('',#1294,#1295,#1296);
#1294 = CARTESIAN_POINT('',(0.6,-14.79,8.35));
#1295 = DIRECTION('',(-7.850462293414E-17,-0.707106781187,0.707106781187
    ));
#1296 = DIRECTION('',(-1.,1.110223024625E-16,2.680278185005E-29));
#1297 = ADVANCED_FACE('',(#1298),#1316,.T.);
#1298 = FACE_BOUND('',#1299,.T.);
#1299 = EDGE_LOOP('',(#1300,#1301,#1302,#1310));
#1300 = ORIENTED_EDGE('',*,*,#1279,.F.);
#1301 = ORIENTED_EDGE('',*,*,#316,.T.);
#1302 = ORIENTED_EDGE('',*,*,#1303,.T.);
#1303 = EDGE_CURVE('',#309,#1304,#1306,.T.);
#1304 = VERTEX_POINT('',#1305);
#1305 = CARTESIAN_POINT('',(-0.3,-15.54,8.2));
#1306 = LINE('',#1307,#1308);
#1307 = CARTESIAN_POINT('',(-0.3,-15.54,8.2));
#1308 = VECTOR('',#1309,1.);
#1309 = DIRECTION('',(0.57735026919,0.57735026919,-0.57735026919));
#1310 = ORIENTED_EDGE('',*,*,#1311,.F.);
#1311 = EDGE_CURVE('',#1280,#1304,#1312,.T.);
#1312 = LINE('',#1313,#1314);
#1313 = CARTESIAN_POINT('',(-0.3,-14.64,8.2));
#1314 = VECTOR('',#1315,1.);
#1315 = DIRECTION('',(-1.110223024625E-16,-1.,0.));
#1316 = PLANE('',#1317);
#1317 = AXIS2_PLACEMENT_3D('',#1318,#1319,#1320);
#1318 = CARTESIAN_POINT('',(-0.45,-14.64,8.35));
#1319 = DIRECTION('',(0.707106781187,-7.850462293414E-17,0.707106781187)
  );
#1320 = DIRECTION('',(-1.110223024625E-16,-1.,2.680278185005E-29));
#1321 = ADVANCED_FACE('',(#1322),#1333,.T.);
#1322 = FACE_BOUND('',#1323,.T.);
#1323 = EDGE_LOOP('',(#1324,#1325,#1326,#1327));
#1324 = ORIENTED_EDGE('',*,*,#1303,.F.);
#1325 = ORIENTED_EDGE('',*,*,#308,.T.);
#1326 = ORIENTED_EDGE('',*,*,#1246,.T.);
#1327 = ORIENTED_EDGE('',*,*,#1328,.F.);
#1328 = EDGE_CURVE('',#1304,#1247,#1329,.T.);
#1329 = LINE('',#1330,#1331);
#1330 = CARTESIAN_POINT('',(-0.6,-15.54,8.2));
#1331 = VECTOR('',#1332,1.);
#1332 = DIRECTION('',(1.,-1.110223024625E-16,0.));
#1333 = PLANE('',#1334);
#1334 = AXIS2_PLACEMENT_3D('',#1335,#1336,#1337);
#1335 = CARTESIAN_POINT('',(-0.6,-15.69,8.35));
#1336 = DIRECTION('',(7.850462293414E-17,0.707106781187,0.707106781187)
  );
#1337 = DIRECTION('',(1.,-1.110223024625E-16,2.680278185005E-29));
#1338 = ADVANCED_FACE('',(#1339),#1364,.T.);
#1339 = FACE_BOUND('',#1340,.T.);
#1340 = EDGE_LOOP('',(#1341,#1349,#1350,#1358));
#1341 = ORIENTED_EDGE('',*,*,#1342,.F.);
#1342 = EDGE_CURVE('',#333,#1343,#1345,.T.);
#1343 = VERTEX_POINT('',#1344);
#1344 = CARTESIAN_POINT('',(0.3,-13.,8.2));
#1345 = LINE('',#1346,#1347);
#1346 = CARTESIAN_POINT('',(0.3,-13.,8.2));
#1347 = VECTOR('',#1348,1.);
#1348 = DIRECTION('',(-0.57735026919,0.57735026919,-0.57735026919));
#1349 = ORIENTED_EDGE('',*,*,#332,.T.);
#1350 = ORIENTED_EDGE('',*,*,#1351,.T.);
#1351 = EDGE_CURVE('',#335,#1352,#1354,.T.);
#1352 = VERTEX_POINT('',#1353);
#1353 = CARTESIAN_POINT('',(0.3,-12.4,8.2));
#1354 = LINE('',#1355,#1356);
#1355 = CARTESIAN_POINT('',(0.3,-12.4,8.2));
#1356 = VECTOR('',#1357,1.);
#1357 = DIRECTION('',(-0.57735026919,-0.57735026919,-0.57735026919));
#1358 = ORIENTED_EDGE('',*,*,#1359,.F.);
#1359 = EDGE_CURVE('',#1343,#1352,#1360,.T.);
#1360 = LINE('',#1361,#1362);
#1361 = CARTESIAN_POINT('',(0.3,-13.3,8.2));
#1362 = VECTOR('',#1363,1.);
#1363 = DIRECTION('',(1.110223024625E-16,1.,0.));
#1364 = PLANE('',#1365);
#1365 = AXIS2_PLACEMENT_3D('',#1366,#1367,#1368);
#1366 = CARTESIAN_POINT('',(0.45,-13.3,8.35));
#1367 = DIRECTION('',(-0.707106781187,7.850462293414E-17,0.707106781187)
  );
#1368 = DIRECTION('',(1.110223024625E-16,1.,2.680278185005E-29));
#1369 = ADVANCED_FACE('',(#1370),#1388,.T.);
#1370 = FACE_BOUND('',#1371,.T.);
#1371 = EDGE_LOOP('',(#1372,#1373,#1374,#1382));
#1372 = ORIENTED_EDGE('',*,*,#1351,.F.);
#1373 = ORIENTED_EDGE('',*,*,#358,.T.);
#1374 = ORIENTED_EDGE('',*,*,#1375,.T.);
#1375 = EDGE_CURVE('',#351,#1376,#1378,.T.);
#1376 = VERTEX_POINT('',#1377);
#1377 = CARTESIAN_POINT('',(-0.3,-12.4,8.2));
#1378 = LINE('',#1379,#1380);
#1379 = CARTESIAN_POINT('',(-0.3,-12.4,8.2));
#1380 = VECTOR('',#1381,1.);
#1381 = DIRECTION('',(0.57735026919,-0.57735026919,-0.57735026919));
#1382 = ORIENTED_EDGE('',*,*,#1383,.F.);
#1383 = EDGE_CURVE('',#1352,#1376,#1384,.T.);
#1384 = LINE('',#1385,#1386);
#1385 = CARTESIAN_POINT('',(0.6,-12.4,8.2));
#1386 = VECTOR('',#1387,1.);
#1387 = DIRECTION('',(-1.,1.110223024625E-16,0.));
#1388 = PLANE('',#1389);
#1389 = AXIS2_PLACEMENT_3D('',#1390,#1391,#1392);
#1390 = CARTESIAN_POINT('',(0.6,-12.25,8.35));
#1391 = DIRECTION('',(-7.850462293414E-17,-0.707106781187,0.707106781187
    ));
#1392 = DIRECTION('',(-1.,1.110223024625E-16,2.680278185005E-29));
#1393 = ADVANCED_FACE('',(#1394),#1412,.T.);
#1394 = FACE_BOUND('',#1395,.T.);
#1395 = EDGE_LOOP('',(#1396,#1397,#1398,#1406));
#1396 = ORIENTED_EDGE('',*,*,#1375,.F.);
#1397 = ORIENTED_EDGE('',*,*,#350,.T.);
#1398 = ORIENTED_EDGE('',*,*,#1399,.T.);
#1399 = EDGE_CURVE('',#343,#1400,#1402,.T.);
#1400 = VERTEX_POINT('',#1401);
#1401 = CARTESIAN_POINT('',(-0.3,-13.,8.2));
#1402 = LINE('',#1403,#1404);
#1403 = CARTESIAN_POINT('',(-0.3,-13.,8.2));
#1404 = VECTOR('',#1405,1.);
#1405 = DIRECTION('',(0.57735026919,0.57735026919,-0.57735026919));
#1406 = ORIENTED_EDGE('',*,*,#1407,.F.);
#1407 = EDGE_CURVE('',#1376,#1400,#1408,.T.);
#1408 = LINE('',#1409,#1410);
#1409 = CARTESIAN_POINT('',(-0.3,-12.1,8.2));
#1410 = VECTOR('',#1411,1.);
#1411 = DIRECTION('',(-1.110223024625E-16,-1.,0.));
#1412 = PLANE('',#1413);
#1413 = AXIS2_PLACEMENT_3D('',#1414,#1415,#1416);
#1414 = CARTESIAN_POINT('',(-0.45,-12.1,8.35));
#1415 = DIRECTION('',(0.707106781187,-7.850462293414E-17,0.707106781187)
  );
#1416 = DIRECTION('',(-1.110223024625E-16,-1.,2.680278185005E-29));
#1417 = ADVANCED_FACE('',(#1418),#1429,.T.);
#1418 = FACE_BOUND('',#1419,.T.);
#1419 = EDGE_LOOP('',(#1420,#1421,#1422,#1423));
#1420 = ORIENTED_EDGE('',*,*,#1399,.F.);
#1421 = ORIENTED_EDGE('',*,*,#342,.T.);
#1422 = ORIENTED_EDGE('',*,*,#1342,.T.);
#1423 = ORIENTED_EDGE('',*,*,#1424,.F.);
#1424 = EDGE_CURVE('',#1400,#1343,#1425,.T.);
#1425 = LINE('',#1426,#1427);
#1426 = CARTESIAN_POINT('',(-0.6,-13.,8.2));
#1427 = VECTOR('',#1428,1.);
#1428 = DIRECTION('',(1.,-1.110223024625E-16,0.));
#1429 = PLANE('',#1430);
#1430 = AXIS2_PLACEMENT_3D('',#1431,#1432,#1433);
#1431 = CARTESIAN_POINT('',(-0.6,-13.15,8.35));
#1432 = DIRECTION('',(7.850462293414E-17,0.707106781187,0.707106781187)
  );
#1433 = DIRECTION('',(1.,-1.110223024625E-16,2.680278185005E-29));
#1434 = ADVANCED_FACE('',(#1435),#1460,.T.);
#1435 = FACE_BOUND('',#1436,.T.);
#1436 = EDGE_LOOP('',(#1437,#1445,#1446,#1454));
#1437 = ORIENTED_EDGE('',*,*,#1438,.F.);
#1438 = EDGE_CURVE('',#367,#1439,#1441,.T.);
#1439 = VERTEX_POINT('',#1440);
#1440 = CARTESIAN_POINT('',(0.3,-10.46,8.2));
#1441 = LINE('',#1442,#1443);
#1442 = CARTESIAN_POINT('',(0.3,-10.46,8.2));
#1443 = VECTOR('',#1444,1.);
#1444 = DIRECTION('',(-0.57735026919,0.57735026919,-0.57735026919));
#1445 = ORIENTED_EDGE('',*,*,#366,.T.);
#1446 = ORIENTED_EDGE('',*,*,#1447,.T.);
#1447 = EDGE_CURVE('',#369,#1448,#1450,.T.);
#1448 = VERTEX_POINT('',#1449);
#1449 = CARTESIAN_POINT('',(0.3,-9.86,8.2));
#1450 = LINE('',#1451,#1452);
#1451 = CARTESIAN_POINT('',(0.3,-9.86,8.2));
#1452 = VECTOR('',#1453,1.);
#1453 = DIRECTION('',(-0.57735026919,-0.57735026919,-0.57735026919));
#1454 = ORIENTED_EDGE('',*,*,#1455,.F.);
#1455 = EDGE_CURVE('',#1439,#1448,#1456,.T.);
#1456 = LINE('',#1457,#1458);
#1457 = CARTESIAN_POINT('',(0.3,-10.76,8.2));
#1458 = VECTOR('',#1459,1.);
#1459 = DIRECTION('',(1.110223024625E-16,1.,0.));
#1460 = PLANE('',#1461);
#1461 = AXIS2_PLACEMENT_3D('',#1462,#1463,#1464);
#1462 = CARTESIAN_POINT('',(0.45,-10.76,8.35));
#1463 = DIRECTION('',(-0.707106781187,7.850462293414E-17,0.707106781187)
  );
#1464 = DIRECTION('',(1.110223024625E-16,1.,2.680278185005E-29));
#1465 = ADVANCED_FACE('',(#1466),#1484,.T.);
#1466 = FACE_BOUND('',#1467,.T.);
#1467 = EDGE_LOOP('',(#1468,#1469,#1470,#1478));
#1468 = ORIENTED_EDGE('',*,*,#1447,.F.);
#1469 = ORIENTED_EDGE('',*,*,#392,.T.);
#1470 = ORIENTED_EDGE('',*,*,#1471,.T.);
#1471 = EDGE_CURVE('',#385,#1472,#1474,.T.);
#1472 = VERTEX_POINT('',#1473);
#1473 = CARTESIAN_POINT('',(-0.3,-9.86,8.2));
#1474 = LINE('',#1475,#1476);
#1475 = CARTESIAN_POINT('',(-0.3,-9.86,8.2));
#1476 = VECTOR('',#1477,1.);
#1477 = DIRECTION('',(0.57735026919,-0.57735026919,-0.57735026919));
#1478 = ORIENTED_EDGE('',*,*,#1479,.F.);
#1479 = EDGE_CURVE('',#1448,#1472,#1480,.T.);
#1480 = LINE('',#1481,#1482);
#1481 = CARTESIAN_POINT('',(0.6,-9.86,8.2));
#1482 = VECTOR('',#1483,1.);
#1483 = DIRECTION('',(-1.,1.110223024625E-16,0.));
#1484 = PLANE('',#1485);
#1485 = AXIS2_PLACEMENT_3D('',#1486,#1487,#1488);
#1486 = CARTESIAN_POINT('',(0.6,-9.71,8.35));
#1487 = DIRECTION('',(-7.850462293414E-17,-0.707106781187,0.707106781187
    ));
#1488 = DIRECTION('',(-1.,1.110223024625E-16,2.680278185005E-29));
#1489 = ADVANCED_FACE('',(#1490),#1508,.T.);
#1490 = FACE_BOUND('',#1491,.T.);
#1491 = EDGE_LOOP('',(#1492,#1493,#1494,#1502));
#1492 = ORIENTED_EDGE('',*,*,#1471,.F.);
#1493 = ORIENTED_EDGE('',*,*,#384,.T.);
#1494 = ORIENTED_EDGE('',*,*,#1495,.T.);
#1495 = EDGE_CURVE('',#377,#1496,#1498,.T.);
#1496 = VERTEX_POINT('',#1497);
#1497 = CARTESIAN_POINT('',(-0.3,-10.46,8.2));
#1498 = LINE('',#1499,#1500);
#1499 = CARTESIAN_POINT('',(-0.3,-10.46,8.2));
#1500 = VECTOR('',#1501,1.);
#1501 = DIRECTION('',(0.57735026919,0.57735026919,-0.57735026919));
#1502 = ORIENTED_EDGE('',*,*,#1503,.F.);
#1503 = EDGE_CURVE('',#1472,#1496,#1504,.T.);
#1504 = LINE('',#1505,#1506);
#1505 = CARTESIAN_POINT('',(-0.3,-9.56,8.2));
#1506 = VECTOR('',#1507,1.);
#1507 = DIRECTION('',(-1.110223024625E-16,-1.,0.));
#1508 = PLANE('',#1509);
#1509 = AXIS2_PLACEMENT_3D('',#1510,#1511,#1512);
#1510 = CARTESIAN_POINT('',(-0.45,-9.56,8.35));
#1511 = DIRECTION('',(0.707106781187,-7.850462293414E-17,0.707106781187)
  );
#1512 = DIRECTION('',(-1.110223024625E-16,-1.,2.680278185005E-29));
#1513 = ADVANCED_FACE('',(#1514),#1525,.T.);
#1514 = FACE_BOUND('',#1515,.T.);
#1515 = EDGE_LOOP('',(#1516,#1517,#1518,#1519));
#1516 = ORIENTED_EDGE('',*,*,#1495,.F.);
#1517 = ORIENTED_EDGE('',*,*,#376,.T.);
#1518 = ORIENTED_EDGE('',*,*,#1438,.T.);
#1519 = ORIENTED_EDGE('',*,*,#1520,.F.);
#1520 = EDGE_CURVE('',#1496,#1439,#1521,.T.);
#1521 = LINE('',#1522,#1523);
#1522 = CARTESIAN_POINT('',(-0.6,-10.46,8.2));
#1523 = VECTOR('',#1524,1.);
#1524 = DIRECTION('',(1.,-1.110223024625E-16,0.));
#1525 = PLANE('',#1526);
#1526 = AXIS2_PLACEMENT_3D('',#1527,#1528,#1529);
#1527 = CARTESIAN_POINT('',(-0.6,-10.61,8.35));
#1528 = DIRECTION('',(7.850462293414E-17,0.707106781187,0.707106781187)
  );
#1529 = DIRECTION('',(1.,-1.110223024625E-16,2.680278185005E-29));
#1530 = ADVANCED_FACE('',(#1531),#1556,.T.);
#1531 = FACE_BOUND('',#1532,.T.);
#1532 = EDGE_LOOP('',(#1533,#1541,#1542,#1550));
#1533 = ORIENTED_EDGE('',*,*,#1534,.F.);
#1534 = EDGE_CURVE('',#401,#1535,#1537,.T.);
#1535 = VERTEX_POINT('',#1536);
#1536 = CARTESIAN_POINT('',(0.3,-7.92,8.2));
#1537 = LINE('',#1538,#1539);
#1538 = CARTESIAN_POINT('',(0.3,-7.92,8.2));
#1539 = VECTOR('',#1540,1.);
#1540 = DIRECTION('',(-0.57735026919,0.57735026919,-0.57735026919));
#1541 = ORIENTED_EDGE('',*,*,#400,.T.);
#1542 = ORIENTED_EDGE('',*,*,#1543,.T.);
#1543 = EDGE_CURVE('',#403,#1544,#1546,.T.);
#1544 = VERTEX_POINT('',#1545);
#1545 = CARTESIAN_POINT('',(0.3,-7.32,8.2));
#1546 = LINE('',#1547,#1548);
#1547 = CARTESIAN_POINT('',(0.3,-7.32,8.2));
#1548 = VECTOR('',#1549,1.);
#1549 = DIRECTION('',(-0.57735026919,-0.57735026919,-0.57735026919));
#1550 = ORIENTED_EDGE('',*,*,#1551,.F.);
#1551 = EDGE_CURVE('',#1535,#1544,#1552,.T.);
#1552 = LINE('',#1553,#1554);
#1553 = CARTESIAN_POINT('',(0.3,-8.22,8.2));
#1554 = VECTOR('',#1555,1.);
#1555 = DIRECTION('',(1.110223024625E-16,1.,0.));
#1556 = PLANE('',#1557);
#1557 = AXIS2_PLACEMENT_3D('',#1558,#1559,#1560);
#1558 = CARTESIAN_POINT('',(0.45,-8.22,8.35));
#1559 = DIRECTION('',(-0.707106781187,7.850462293414E-17,0.707106781187)
  );
#1560 = DIRECTION('',(1.110223024625E-16,1.,2.680278185005E-29));
#1561 = ADVANCED_FACE('',(#1562),#1580,.T.);
#1562 = FACE_BOUND('',#1563,.T.);
#1563 = EDGE_LOOP('',(#1564,#1565,#1566,#1574));
#1564 = ORIENTED_EDGE('',*,*,#1543,.F.);
#1565 = ORIENTED_EDGE('',*,*,#426,.T.);
#1566 = ORIENTED_EDGE('',*,*,#1567,.T.);
#1567 = EDGE_CURVE('',#419,#1568,#1570,.T.);
#1568 = VERTEX_POINT('',#1569);
#1569 = CARTESIAN_POINT('',(-0.3,-7.32,8.2));
#1570 = LINE('',#1571,#1572);
#1571 = CARTESIAN_POINT('',(-0.3,-7.32,8.2));
#1572 = VECTOR('',#1573,1.);
#1573 = DIRECTION('',(0.57735026919,-0.57735026919,-0.57735026919));
#1574 = ORIENTED_EDGE('',*,*,#1575,.F.);
#1575 = EDGE_CURVE('',#1544,#1568,#1576,.T.);
#1576 = LINE('',#1577,#1578);
#1577 = CARTESIAN_POINT('',(0.6,-7.32,8.2));
#1578 = VECTOR('',#1579,1.);
#1579 = DIRECTION('',(-1.,1.110223024625E-16,0.));
#1580 = PLANE('',#1581);
#1581 = AXIS2_PLACEMENT_3D('',#1582,#1583,#1584);
#1582 = CARTESIAN_POINT('',(0.6,-7.17,8.35));
#1583 = DIRECTION('',(-7.850462293414E-17,-0.707106781187,0.707106781187
    ));
#1584 = DIRECTION('',(-1.,1.110223024625E-16,2.680278185005E-29));
#1585 = ADVANCED_FACE('',(#1586),#1604,.T.);
#1586 = FACE_BOUND('',#1587,.T.);
#1587 = EDGE_LOOP('',(#1588,#1589,#1590,#1598));
#1588 = ORIENTED_EDGE('',*,*,#1567,.F.);
#1589 = ORIENTED_EDGE('',*,*,#418,.T.);
#1590 = ORIENTED_EDGE('',*,*,#1591,.T.);
#1591 = EDGE_CURVE('',#411,#1592,#1594,.T.);
#1592 = VERTEX_POINT('',#1593);
#1593 = CARTESIAN_POINT('',(-0.3,-7.92,8.2));
#1594 = LINE('',#1595,#1596);
#1595 = CARTESIAN_POINT('',(-0.3,-7.92,8.2));
#1596 = VECTOR('',#1597,1.);
#1597 = DIRECTION('',(0.57735026919,0.57735026919,-0.57735026919));
#1598 = ORIENTED_EDGE('',*,*,#1599,.F.);
#1599 = EDGE_CURVE('',#1568,#1592,#1600,.T.);
#1600 = LINE('',#1601,#1602);
#1601 = CARTESIAN_POINT('',(-0.3,-7.02,8.2));
#1602 = VECTOR('',#1603,1.);
#1603 = DIRECTION('',(-1.110223024625E-16,-1.,0.));
#1604 = PLANE('',#1605);
#1605 = AXIS2_PLACEMENT_3D('',#1606,#1607,#1608);
#1606 = CARTESIAN_POINT('',(-0.45,-7.02,8.35));
#1607 = DIRECTION('',(0.707106781187,-7.850462293414E-17,0.707106781187)
  );
#1608 = DIRECTION('',(-1.110223024625E-16,-1.,2.680278185005E-29));
#1609 = ADVANCED_FACE('',(#1610),#1621,.T.);
#1610 = FACE_BOUND('',#1611,.T.);
#1611 = EDGE_LOOP('',(#1612,#1613,#1614,#1615));
#1612 = ORIENTED_EDGE('',*,*,#1591,.F.);
#1613 = ORIENTED_EDGE('',*,*,#410,.T.);
#1614 = ORIENTED_EDGE('',*,*,#1534,.T.);
#1615 = ORIENTED_EDGE('',*,*,#1616,.F.);
#1616 = EDGE_CURVE('',#1592,#1535,#1617,.T.);
#1617 = LINE('',#1618,#1619);
#1618 = CARTESIAN_POINT('',(-0.6,-7.92,8.2));
#1619 = VECTOR('',#1620,1.);
#1620 = DIRECTION('',(1.,-1.110223024625E-16,0.));
#1621 = PLANE('',#1622);
#1622 = AXIS2_PLACEMENT_3D('',#1623,#1624,#1625);
#1623 = CARTESIAN_POINT('',(-0.6,-8.07,8.35));
#1624 = DIRECTION('',(7.850462293414E-17,0.707106781187,0.707106781187)
  );
#1625 = DIRECTION('',(1.,-1.110223024625E-16,2.680278185005E-29));
#1626 = ADVANCED_FACE('',(#1627),#1652,.T.);
#1627 = FACE_BOUND('',#1628,.T.);
#1628 = EDGE_LOOP('',(#1629,#1637,#1638,#1646));
#1629 = ORIENTED_EDGE('',*,*,#1630,.F.);
#1630 = EDGE_CURVE('',#435,#1631,#1633,.T.);
#1631 = VERTEX_POINT('',#1632);
#1632 = CARTESIAN_POINT('',(0.3,-5.38,8.2));
#1633 = LINE('',#1634,#1635);
#1634 = CARTESIAN_POINT('',(0.3,-5.38,8.2));
#1635 = VECTOR('',#1636,1.);
#1636 = DIRECTION('',(-0.57735026919,0.57735026919,-0.57735026919));
#1637 = ORIENTED_EDGE('',*,*,#434,.T.);
#1638 = ORIENTED_EDGE('',*,*,#1639,.T.);
#1639 = EDGE_CURVE('',#437,#1640,#1642,.T.);
#1640 = VERTEX_POINT('',#1641);
#1641 = CARTESIAN_POINT('',(0.3,-4.78,8.2));
#1642 = LINE('',#1643,#1644);
#1643 = CARTESIAN_POINT('',(0.3,-4.78,8.2));
#1644 = VECTOR('',#1645,1.);
#1645 = DIRECTION('',(-0.57735026919,-0.57735026919,-0.57735026919));
#1646 = ORIENTED_EDGE('',*,*,#1647,.F.);
#1647 = EDGE_CURVE('',#1631,#1640,#1648,.T.);
#1648 = LINE('',#1649,#1650);
#1649 = CARTESIAN_POINT('',(0.3,-5.68,8.2));
#1650 = VECTOR('',#1651,1.);
#1651 = DIRECTION('',(1.110223024625E-16,1.,0.));
#1652 = PLANE('',#1653);
#1653 = AXIS2_PLACEMENT_3D('',#1654,#1655,#1656);
#1654 = CARTESIAN_POINT('',(0.45,-5.68,8.35));
#1655 = DIRECTION('',(-0.707106781187,7.850462293414E-17,0.707106781187)
  );
#1656 = DIRECTION('',(1.110223024625E-16,1.,2.680278185005E-29));
#1657 = ADVANCED_FACE('',(#1658),#1676,.T.);
#1658 = FACE_BOUND('',#1659,.T.);
#1659 = EDGE_LOOP('',(#1660,#1661,#1662,#1670));
#1660 = ORIENTED_EDGE('',*,*,#1639,.F.);
#1661 = ORIENTED_EDGE('',*,*,#460,.T.);
#1662 = ORIENTED_EDGE('',*,*,#1663,.T.);
#1663 = EDGE_CURVE('',#453,#1664,#1666,.T.);
#1664 = VERTEX_POINT('',#1665);
#1665 = CARTESIAN_POINT('',(-0.3,-4.78,8.2));
#1666 = LINE('',#1667,#1668);
#1667 = CARTESIAN_POINT('',(-0.3,-4.78,8.2));
#1668 = VECTOR('',#1669,1.);
#1669 = DIRECTION('',(0.57735026919,-0.57735026919,-0.57735026919));
#1670 = ORIENTED_EDGE('',*,*,#1671,.F.);
#1671 = EDGE_CURVE('',#1640,#1664,#1672,.T.);
#1672 = LINE('',#1673,#1674);
#1673 = CARTESIAN_POINT('',(0.6,-4.78,8.2));
#1674 = VECTOR('',#1675,1.);
#1675 = DIRECTION('',(-1.,1.110223024625E-16,0.));
#1676 = PLANE('',#1677);
#1677 = AXIS2_PLACEMENT_3D('',#1678,#1679,#1680);
#1678 = CARTESIAN_POINT('',(0.6,-4.63,8.35));
#1679 = DIRECTION('',(-7.850462293414E-17,-0.707106781187,0.707106781187
    ));
#1680 = DIRECTION('',(-1.,1.110223024625E-16,2.680278185005E-29));
#1681 = ADVANCED_FACE('',(#1682),#1700,.T.);
#1682 = FACE_BOUND('',#1683,.T.);
#1683 = EDGE_LOOP('',(#1684,#1685,#1686,#1694));
#1684 = ORIENTED_EDGE('',*,*,#1663,.F.);
#1685 = ORIENTED_EDGE('',*,*,#452,.T.);
#1686 = ORIENTED_EDGE('',*,*,#1687,.T.);
#1687 = EDGE_CURVE('',#445,#1688,#1690,.T.);
#1688 = VERTEX_POINT('',#1689);
#1689 = CARTESIAN_POINT('',(-0.3,-5.38,8.2));
#1690 = LINE('',#1691,#1692);
#1691 = CARTESIAN_POINT('',(-0.3,-5.38,8.2));
#1692 = VECTOR('',#1693,1.);
#1693 = DIRECTION('',(0.57735026919,0.57735026919,-0.57735026919));
#1694 = ORIENTED_EDGE('',*,*,#1695,.F.);
#1695 = EDGE_CURVE('',#1664,#1688,#1696,.T.);
#1696 = LINE('',#1697,#1698);
#1697 = CARTESIAN_POINT('',(-0.3,-4.48,8.2));
#1698 = VECTOR('',#1699,1.);
#1699 = DIRECTION('',(-1.110223024625E-16,-1.,0.));
#1700 = PLANE('',#1701);
#1701 = AXIS2_PLACEMENT_3D('',#1702,#1703,#1704);
#1702 = CARTESIAN_POINT('',(-0.45,-4.48,8.35));
#1703 = DIRECTION('',(0.707106781187,-7.850462293414E-17,0.707106781187)
  );
#1704 = DIRECTION('',(-1.110223024625E-16,-1.,2.680278185005E-29));
#1705 = ADVANCED_FACE('',(#1706),#1717,.T.);
#1706 = FACE_BOUND('',#1707,.T.);
#1707 = EDGE_LOOP('',(#1708,#1709,#1710,#1711));
#1708 = ORIENTED_EDGE('',*,*,#1687,.F.);
#1709 = ORIENTED_EDGE('',*,*,#444,.T.);
#1710 = ORIENTED_EDGE('',*,*,#1630,.T.);
#1711 = ORIENTED_EDGE('',*,*,#1712,.F.);
#1712 = EDGE_CURVE('',#1688,#1631,#1713,.T.);
#1713 = LINE('',#1714,#1715);
#1714 = CARTESIAN_POINT('',(-0.6,-5.38,8.2));
#1715 = VECTOR('',#1716,1.);
#1716 = DIRECTION('',(1.,-1.110223024625E-16,0.));
#1717 = PLANE('',#1718);
#1718 = AXIS2_PLACEMENT_3D('',#1719,#1720,#1721);
#1719 = CARTESIAN_POINT('',(-0.6,-5.53,8.35));
#1720 = DIRECTION('',(7.850462293414E-17,0.707106781187,0.707106781187)
  );
#1721 = DIRECTION('',(1.,-1.110223024625E-16,2.680278185005E-29));
#1722 = ADVANCED_FACE('',(#1723),#1748,.T.);
#1723 = FACE_BOUND('',#1724,.T.);
#1724 = EDGE_LOOP('',(#1725,#1733,#1734,#1742));
#1725 = ORIENTED_EDGE('',*,*,#1726,.F.);
#1726 = EDGE_CURVE('',#469,#1727,#1729,.T.);
#1727 = VERTEX_POINT('',#1728);
#1728 = CARTESIAN_POINT('',(0.3,-2.84,8.2));
#1729 = LINE('',#1730,#1731);
#1730 = CARTESIAN_POINT('',(0.3,-2.84,8.2));
#1731 = VECTOR('',#1732,1.);
#1732 = DIRECTION('',(-0.57735026919,0.57735026919,-0.57735026919));
#1733 = ORIENTED_EDGE('',*,*,#468,.T.);
#1734 = ORIENTED_EDGE('',*,*,#1735,.T.);
#1735 = EDGE_CURVE('',#471,#1736,#1738,.T.);
#1736 = VERTEX_POINT('',#1737);
#1737 = CARTESIAN_POINT('',(0.3,-2.24,8.2));
#1738 = LINE('',#1739,#1740);
#1739 = CARTESIAN_POINT('',(0.3,-2.24,8.2));
#1740 = VECTOR('',#1741,1.);
#1741 = DIRECTION('',(-0.57735026919,-0.57735026919,-0.57735026919));
#1742 = ORIENTED_EDGE('',*,*,#1743,.F.);
#1743 = EDGE_CURVE('',#1727,#1736,#1744,.T.);
#1744 = LINE('',#1745,#1746);
#1745 = CARTESIAN_POINT('',(0.3,-3.14,8.2));
#1746 = VECTOR('',#1747,1.);
#1747 = DIRECTION('',(1.110223024625E-16,1.,0.));
#1748 = PLANE('',#1749);
#1749 = AXIS2_PLACEMENT_3D('',#1750,#1751,#1752);
#1750 = CARTESIAN_POINT('',(0.45,-3.14,8.35));
#1751 = DIRECTION('',(-0.707106781187,7.850462293414E-17,0.707106781187)
  );
#1752 = DIRECTION('',(1.110223024625E-16,1.,2.680278185005E-29));
#1753 = ADVANCED_FACE('',(#1754),#1772,.T.);
#1754 = FACE_BOUND('',#1755,.T.);
#1755 = EDGE_LOOP('',(#1756,#1757,#1758,#1766));
#1756 = ORIENTED_EDGE('',*,*,#1735,.F.);
#1757 = ORIENTED_EDGE('',*,*,#494,.T.);
#1758 = ORIENTED_EDGE('',*,*,#1759,.T.);
#1759 = EDGE_CURVE('',#487,#1760,#1762,.T.);
#1760 = VERTEX_POINT('',#1761);
#1761 = CARTESIAN_POINT('',(-0.3,-2.24,8.2));
#1762 = LINE('',#1763,#1764);
#1763 = CARTESIAN_POINT('',(-0.3,-2.24,8.2));
#1764 = VECTOR('',#1765,1.);
#1765 = DIRECTION('',(0.57735026919,-0.57735026919,-0.57735026919));
#1766 = ORIENTED_EDGE('',*,*,#1767,.F.);
#1767 = EDGE_CURVE('',#1736,#1760,#1768,.T.);
#1768 = LINE('',#1769,#1770);
#1769 = CARTESIAN_POINT('',(0.6,-2.24,8.2));
#1770 = VECTOR('',#1771,1.);
#1771 = DIRECTION('',(-1.,1.110223024625E-16,0.));
#1772 = PLANE('',#1773);
#1773 = AXIS2_PLACEMENT_3D('',#1774,#1775,#1776);
#1774 = CARTESIAN_POINT('',(0.6,-2.09,8.35));
#1775 = DIRECTION('',(-7.850462293414E-17,-0.707106781187,0.707106781187
    ));
#1776 = DIRECTION('',(-1.,1.110223024625E-16,2.680278185005E-29));
#1777 = ADVANCED_FACE('',(#1778),#1796,.T.);
#1778 = FACE_BOUND('',#1779,.T.);
#1779 = EDGE_LOOP('',(#1780,#1781,#1782,#1790));
#1780 = ORIENTED_EDGE('',*,*,#1759,.F.);
#1781 = ORIENTED_EDGE('',*,*,#486,.T.);
#1782 = ORIENTED_EDGE('',*,*,#1783,.T.);
#1783 = EDGE_CURVE('',#479,#1784,#1786,.T.);
#1784 = VERTEX_POINT('',#1785);
#1785 = CARTESIAN_POINT('',(-0.3,-2.84,8.2));
#1786 = LINE('',#1787,#1788);
#1787 = CARTESIAN_POINT('',(-0.3,-2.84,8.2));
#1788 = VECTOR('',#1789,1.);
#1789 = DIRECTION('',(0.57735026919,0.57735026919,-0.57735026919));
#1790 = ORIENTED_EDGE('',*,*,#1791,.F.);
#1791 = EDGE_CURVE('',#1760,#1784,#1792,.T.);
#1792 = LINE('',#1793,#1794);
#1793 = CARTESIAN_POINT('',(-0.3,-1.94,8.2));
#1794 = VECTOR('',#1795,1.);
#1795 = DIRECTION('',(-1.110223024625E-16,-1.,0.));
#1796 = PLANE('',#1797);
#1797 = AXIS2_PLACEMENT_3D('',#1798,#1799,#1800);
#1798 = CARTESIAN_POINT('',(-0.45,-1.94,8.35));
#1799 = DIRECTION('',(0.707106781187,-7.850462293414E-17,0.707106781187)
  );
#1800 = DIRECTION('',(-1.110223024625E-16,-1.,2.680278185005E-29));
#1801 = ADVANCED_FACE('',(#1802),#1813,.T.);
#1802 = FACE_BOUND('',#1803,.T.);
#1803 = EDGE_LOOP('',(#1804,#1805,#1806,#1807));
#1804 = ORIENTED_EDGE('',*,*,#1783,.F.);
#1805 = ORIENTED_EDGE('',*,*,#478,.T.);
#1806 = ORIENTED_EDGE('',*,*,#1726,.T.);
#1807 = ORIENTED_EDGE('',*,*,#1808,.F.);
#1808 = EDGE_CURVE('',#1784,#1727,#1809,.T.);
#1809 = LINE('',#1810,#1811);
#1810 = CARTESIAN_POINT('',(-0.6,-2.84,8.2));
#1811 = VECTOR('',#1812,1.);
#1812 = DIRECTION('',(1.,-1.110223024625E-16,0.));
#1813 = PLANE('',#1814);
#1814 = AXIS2_PLACEMENT_3D('',#1815,#1816,#1817);
#1815 = CARTESIAN_POINT('',(-0.6,-2.99,8.35));
#1816 = DIRECTION('',(7.850462293414E-17,0.707106781187,0.707106781187)
  );
#1817 = DIRECTION('',(1.,-1.110223024625E-16,2.680278185005E-29));
#1818 = ADVANCED_FACE('',(#1819),#1844,.T.);
#1819 = FACE_BOUND('',#1820,.T.);
#1820 = EDGE_LOOP('',(#1821,#1829,#1830,#1838));
#1821 = ORIENTED_EDGE('',*,*,#1822,.F.);
#1822 = EDGE_CURVE('',#503,#1823,#1825,.T.);
#1823 = VERTEX_POINT('',#1824);
#1824 = CARTESIAN_POINT('',(0.3,-0.3,8.2));
#1825 = LINE('',#1826,#1827);
#1826 = CARTESIAN_POINT('',(0.3,-0.3,8.2));
#1827 = VECTOR('',#1828,1.);
#1828 = DIRECTION('',(-0.57735026919,0.57735026919,-0.57735026919));
#1829 = ORIENTED_EDGE('',*,*,#502,.T.);
#1830 = ORIENTED_EDGE('',*,*,#1831,.T.);
#1831 = EDGE_CURVE('',#505,#1832,#1834,.T.);
#1832 = VERTEX_POINT('',#1833);
#1833 = CARTESIAN_POINT('',(0.3,0.3,8.2));
#1834 = LINE('',#1835,#1836);
#1835 = CARTESIAN_POINT('',(0.3,0.3,8.2));
#1836 = VECTOR('',#1837,1.);
#1837 = DIRECTION('',(-0.57735026919,-0.57735026919,-0.57735026919));
#1838 = ORIENTED_EDGE('',*,*,#1839,.F.);
#1839 = EDGE_CURVE('',#1823,#1832,#1840,.T.);
#1840 = LINE('',#1841,#1842);
#1841 = CARTESIAN_POINT('',(0.3,-0.6,8.2));
#1842 = VECTOR('',#1843,1.);
#1843 = DIRECTION('',(1.110223024625E-16,1.,0.));
#1844 = PLANE('',#1845);
#1845 = AXIS2_PLACEMENT_3D('',#1846,#1847,#1848);
#1846 = CARTESIAN_POINT('',(0.45,-0.6,8.35));
#1847 = DIRECTION('',(-0.707106781187,7.850462293414E-17,0.707106781187)
  );
#1848 = DIRECTION('',(1.110223024625E-16,1.,2.680278185005E-29));
#1849 = ADVANCED_FACE('',(#1850),#1868,.T.);
#1850 = FACE_BOUND('',#1851,.T.);
#1851 = EDGE_LOOP('',(#1852,#1853,#1854,#1862));
#1852 = ORIENTED_EDGE('',*,*,#1831,.F.);
#1853 = ORIENTED_EDGE('',*,*,#528,.T.);
#1854 = ORIENTED_EDGE('',*,*,#1855,.T.);
#1855 = EDGE_CURVE('',#521,#1856,#1858,.T.);
#1856 = VERTEX_POINT('',#1857);
#1857 = CARTESIAN_POINT('',(-0.3,0.3,8.2));
#1858 = LINE('',#1859,#1860);
#1859 = CARTESIAN_POINT('',(-0.3,0.3,8.2));
#1860 = VECTOR('',#1861,1.);
#1861 = DIRECTION('',(0.57735026919,-0.57735026919,-0.57735026919));
#1862 = ORIENTED_EDGE('',*,*,#1863,.F.);
#1863 = EDGE_CURVE('',#1832,#1856,#1864,.T.);
#1864 = LINE('',#1865,#1866);
#1865 = CARTESIAN_POINT('',(0.6,0.3,8.2));
#1866 = VECTOR('',#1867,1.);
#1867 = DIRECTION('',(-1.,1.110223024625E-16,0.));
#1868 = PLANE('',#1869);
#1869 = AXIS2_PLACEMENT_3D('',#1870,#1871,#1872);
#1870 = CARTESIAN_POINT('',(0.6,0.45,8.35));
#1871 = DIRECTION('',(-7.850462293414E-17,-0.707106781187,0.707106781187
    ));
#1872 = DIRECTION('',(-1.,1.110223024625E-16,2.680278185005E-29));
#1873 = ADVANCED_FACE('',(#1874),#1892,.T.);
#1874 = FACE_BOUND('',#1875,.T.);
#1875 = EDGE_LOOP('',(#1876,#1877,#1878,#1886));
#1876 = ORIENTED_EDGE('',*,*,#1855,.F.);
#1877 = ORIENTED_EDGE('',*,*,#520,.T.);
#1878 = ORIENTED_EDGE('',*,*,#1879,.T.);
#1879 = EDGE_CURVE('',#513,#1880,#1882,.T.);
#1880 = VERTEX_POINT('',#1881);
#1881 = CARTESIAN_POINT('',(-0.3,-0.3,8.2));
#1882 = LINE('',#1883,#1884);
#1883 = CARTESIAN_POINT('',(-0.3,-0.3,8.2));
#1884 = VECTOR('',#1885,1.);
#1885 = DIRECTION('',(0.57735026919,0.57735026919,-0.57735026919));
#1886 = ORIENTED_EDGE('',*,*,#1887,.F.);
#1887 = EDGE_CURVE('',#1856,#1880,#1888,.T.);
#1888 = LINE('',#1889,#1890);
#1889 = CARTESIAN_POINT('',(-0.3,0.6,8.2));
#1890 = VECTOR('',#1891,1.);
#1891 = DIRECTION('',(-1.110223024625E-16,-1.,0.));
#1892 = PLANE('',#1893);
#1893 = AXIS2_PLACEMENT_3D('',#1894,#1895,#1896);
#1894 = CARTESIAN_POINT('',(-0.45,0.6,8.35));
#1895 = DIRECTION('',(0.707106781187,-7.850462293414E-17,0.707106781187)
  );
#1896 = DIRECTION('',(-1.110223024625E-16,-1.,2.680278185005E-29));
#1897 = ADVANCED_FACE('',(#1898),#1909,.T.);
#1898 = FACE_BOUND('',#1899,.T.);
#1899 = EDGE_LOOP('',(#1900,#1901,#1902,#1903));
#1900 = ORIENTED_EDGE('',*,*,#1879,.F.);
#1901 = ORIENTED_EDGE('',*,*,#512,.T.);
#1902 = ORIENTED_EDGE('',*,*,#1822,.T.);
#1903 = ORIENTED_EDGE('',*,*,#1904,.F.);
#1904 = EDGE_CURVE('',#1880,#1823,#1905,.T.);
#1905 = LINE('',#1906,#1907);
#1906 = CARTESIAN_POINT('',(-0.6,-0.3,8.2));
#1907 = VECTOR('',#1908,1.);
#1908 = DIRECTION('',(1.,-1.110223024625E-16,0.));
#1909 = PLANE('',#1910);
#1910 = AXIS2_PLACEMENT_3D('',#1911,#1912,#1913);
#1911 = CARTESIAN_POINT('',(-0.6,-0.45,8.35));
#1912 = DIRECTION('',(7.850462293414E-17,0.707106781187,0.707106781187)
  );
#1913 = DIRECTION('',(1.,-1.110223024625E-16,2.680278185005E-29));
#1914 = ADVANCED_FACE('',(#1915),#1926,.T.);
#1915 = FACE_BOUND('',#1916,.T.);
#1916 = EDGE_LOOP('',(#1917,#1918,#1919,#1925));
#1917 = ORIENTED_EDGE('',*,*,#592,.F.);
#1918 = ORIENTED_EDGE('',*,*,#602,.T.);
#1919 = ORIENTED_EDGE('',*,*,#1920,.T.);
#1920 = EDGE_CURVE('',#603,#643,#1921,.T.);
#1921 = LINE('',#1922,#1923);
#1922 = CARTESIAN_POINT('',(-0.1,-18.08,0.2));
#1923 = VECTOR('',#1924,1.);
#1924 = DIRECTION('',(1.,-1.110223024625E-16,0.));
#1925 = ORIENTED_EDGE('',*,*,#650,.T.);
#1926 = PLANE('',#1927);
#1927 = AXIS2_PLACEMENT_3D('',#1928,#1929,#1930);
#1928 = CARTESIAN_POINT('',(-0.1,-18.08,0.2));
#1929 = DIRECTION('',(0.,-0.,-1.));
#1930 = DIRECTION('',(-1.110223024625E-16,-1.,0.));
#1931 = ADVANCED_FACE('',(#1932),#1973,.F.);
#1932 = FACE_BOUND('',#1933,.F.);
#1933 = EDGE_LOOP('',(#1934,#1942,#1943,#1951,#1959,#1967));
#1934 = ORIENTED_EDGE('',*,*,#1935,.T.);
#1935 = EDGE_CURVE('',#1936,#643,#1938,.T.);
#1936 = VERTEX_POINT('',#1937);
#1937 = CARTESIAN_POINT('',(0.1,-18.08,-2.5));
#1938 = LINE('',#1939,#1940);
#1939 = CARTESIAN_POINT('',(0.1,-18.08,-2.5));
#1940 = VECTOR('',#1941,1.);
#1941 = DIRECTION('',(0.,0.,1.));
#1942 = ORIENTED_EDGE('',*,*,#642,.F.);
#1943 = ORIENTED_EDGE('',*,*,#1944,.T.);
#1944 = EDGE_CURVE('',#635,#1945,#1947,.T.);
#1945 = VERTEX_POINT('',#1946);
#1946 = CARTESIAN_POINT('',(0.1,-17.48,-2.5));
#1947 = LINE('',#1948,#1949);
#1948 = CARTESIAN_POINT('',(0.1,-17.48,0.2));
#1949 = VECTOR('',#1950,1.);
#1950 = DIRECTION('',(0.,0.,-1.));
#1951 = ORIENTED_EDGE('',*,*,#1952,.T.);
#1952 = EDGE_CURVE('',#1945,#1953,#1955,.T.);
#1953 = VERTEX_POINT('',#1954);
#1954 = CARTESIAN_POINT('',(0.1,-17.63,-3.1));
#1955 = LINE('',#1956,#1957);
#1956 = CARTESIAN_POINT('',(0.1,-17.48,-2.5));
#1957 = VECTOR('',#1958,1.);
#1958 = DIRECTION('',(-2.692686352073E-17,-0.242535625036,
    -0.970142500145));
#1959 = ORIENTED_EDGE('',*,*,#1960,.T.);
#1960 = EDGE_CURVE('',#1953,#1961,#1963,.T.);
#1961 = VERTEX_POINT('',#1962);
#1962 = CARTESIAN_POINT('',(0.1,-17.93,-3.1));
#1963 = LINE('',#1964,#1965);
#1964 = CARTESIAN_POINT('',(0.1,-17.63,-3.1));
#1965 = VECTOR('',#1966,1.);
#1966 = DIRECTION('',(-1.110223024625E-16,-1.,0.));
#1967 = ORIENTED_EDGE('',*,*,#1968,.T.);
#1968 = EDGE_CURVE('',#1961,#1936,#1969,.T.);
#1969 = LINE('',#1970,#1971);
#1970 = CARTESIAN_POINT('',(0.1,-17.93,-3.1));
#1971 = VECTOR('',#1972,1.);
#1972 = DIRECTION('',(-2.692686352073E-17,-0.242535625036,0.970142500145
    ));
#1973 = PLANE('',#1974);
#1974 = AXIS2_PLACEMENT_3D('',#1975,#1976,#1977);
#1975 = CARTESIAN_POINT('',(0.1,-17.78,3.911477598424));
#1976 = DIRECTION('',(-1.,1.110223024625E-16,0.));
#1977 = DIRECTION('',(0.,0.,1.));
#1978 = ADVANCED_FACE('',(#1979),#1990,.T.);
#1979 = FACE_BOUND('',#1980,.T.);
#1980 = EDGE_LOOP('',(#1981,#1987,#1988,#1989));
#1981 = ORIENTED_EDGE('',*,*,#1982,.F.);
#1982 = EDGE_CURVE('',#611,#635,#1983,.T.);
#1983 = LINE('',#1984,#1985);
#1984 = CARTESIAN_POINT('',(-0.1,-17.48,0.2));
#1985 = VECTOR('',#1986,1.);
#1986 = DIRECTION('',(1.,-1.110223024625E-16,0.));
#1987 = ORIENTED_EDGE('',*,*,#618,.T.);
#1988 = ORIENTED_EDGE('',*,*,#626,.T.);
#1989 = ORIENTED_EDGE('',*,*,#634,.T.);
#1990 = PLANE('',#1991);
#1991 = AXIS2_PLACEMENT_3D('',#1992,#1993,#1994);
#1992 = CARTESIAN_POINT('',(-0.1,-18.08,0.2));
#1993 = DIRECTION('',(0.,-0.,-1.));
#1994 = DIRECTION('',(-1.110223024625E-16,-1.,0.));
#1995 = ADVANCED_FACE('',(#1996),#2037,.T.);
#1996 = FACE_BOUND('',#1997,.T.);
#1997 = EDGE_LOOP('',(#1998,#2006,#2007,#2015,#2023,#2031));
#1998 = ORIENTED_EDGE('',*,*,#1999,.T.);
#1999 = EDGE_CURVE('',#2000,#603,#2002,.T.);
#2000 = VERTEX_POINT('',#2001);
#2001 = CARTESIAN_POINT('',(-0.1,-18.08,-2.5));
#2002 = LINE('',#2003,#2004);
#2003 = CARTESIAN_POINT('',(-0.1,-18.08,-2.5));
#2004 = VECTOR('',#2005,1.);
#2005 = DIRECTION('',(0.,0.,1.));
#2006 = ORIENTED_EDGE('',*,*,#610,.F.);
#2007 = ORIENTED_EDGE('',*,*,#2008,.T.);
#2008 = EDGE_CURVE('',#611,#2009,#2011,.T.);
#2009 = VERTEX_POINT('',#2010);
#2010 = CARTESIAN_POINT('',(-0.1,-17.48,-2.5));
#2011 = LINE('',#2012,#2013);
#2012 = CARTESIAN_POINT('',(-0.1,-17.48,0.2));
#2013 = VECTOR('',#2014,1.);
#2014 = DIRECTION('',(0.,0.,-1.));
#2015 = ORIENTED_EDGE('',*,*,#2016,.T.);
#2016 = EDGE_CURVE('',#2009,#2017,#2019,.T.);
#2017 = VERTEX_POINT('',#2018);
#2018 = CARTESIAN_POINT('',(-0.1,-17.63,-3.1));
#2019 = LINE('',#2020,#2021);
#2020 = CARTESIAN_POINT('',(-0.1,-17.48,-2.5));
#2021 = VECTOR('',#2022,1.);
#2022 = DIRECTION('',(-2.692686352073E-17,-0.242535625036,
    -0.970142500145));
#2023 = ORIENTED_EDGE('',*,*,#2024,.F.);
#2024 = EDGE_CURVE('',#2025,#2017,#2027,.T.);
#2025 = VERTEX_POINT('',#2026);
#2026 = CARTESIAN_POINT('',(-0.1,-17.93,-3.1));
#2027 = LINE('',#2028,#2029);
#2028 = CARTESIAN_POINT('',(-0.1,-17.93,-3.1));
#2029 = VECTOR('',#2030,1.);
#2030 = DIRECTION('',(1.110223024625E-16,1.,0.));
#2031 = ORIENTED_EDGE('',*,*,#2032,.T.);
#2032 = EDGE_CURVE('',#2025,#2000,#2033,.T.);
#2033 = LINE('',#2034,#2035);
#2034 = CARTESIAN_POINT('',(-0.1,-17.93,-3.1));
#2035 = VECTOR('',#2036,1.);
#2036 = DIRECTION('',(-2.692686352073E-17,-0.242535625036,0.970142500145
    ));
#2037 = PLANE('',#2038);
#2038 = AXIS2_PLACEMENT_3D('',#2039,#2040,#2041);
#2039 = CARTESIAN_POINT('',(-0.1,-17.78,3.911477598424));
#2040 = DIRECTION('',(-1.,1.110223024625E-16,0.));
#2041 = DIRECTION('',(0.,0.,1.));
#2042 = ADVANCED_FACE('',(#2043),#2054,.T.);
#2043 = FACE_BOUND('',#2044,.T.);
#2044 = EDGE_LOOP('',(#2045,#2046,#2047,#2053));
#2045 = ORIENTED_EDGE('',*,*,#658,.F.);
#2046 = ORIENTED_EDGE('',*,*,#668,.T.);
#2047 = ORIENTED_EDGE('',*,*,#2048,.T.);
#2048 = EDGE_CURVE('',#669,#709,#2049,.T.);
#2049 = LINE('',#2050,#2051);
#2050 = CARTESIAN_POINT('',(-0.1,-15.54,0.2));
#2051 = VECTOR('',#2052,1.);
#2052 = DIRECTION('',(1.,-1.110223024625E-16,0.));
#2053 = ORIENTED_EDGE('',*,*,#716,.T.);
#2054 = PLANE('',#2055);
#2055 = AXIS2_PLACEMENT_3D('',#2056,#2057,#2058);
#2056 = CARTESIAN_POINT('',(-0.1,-15.54,0.2));
#2057 = DIRECTION('',(0.,-0.,-1.));
#2058 = DIRECTION('',(-1.110223024625E-16,-1.,0.));
#2059 = ADVANCED_FACE('',(#2060),#2101,.F.);
#2060 = FACE_BOUND('',#2061,.F.);
#2061 = EDGE_LOOP('',(#2062,#2070,#2071,#2079,#2087,#2095));
#2062 = ORIENTED_EDGE('',*,*,#2063,.T.);
#2063 = EDGE_CURVE('',#2064,#709,#2066,.T.);
#2064 = VERTEX_POINT('',#2065);
#2065 = CARTESIAN_POINT('',(0.1,-15.54,-2.5));
#2066 = LINE('',#2067,#2068);
#2067 = CARTESIAN_POINT('',(0.1,-15.54,-2.5));
#2068 = VECTOR('',#2069,1.);
#2069 = DIRECTION('',(0.,0.,1.));
#2070 = ORIENTED_EDGE('',*,*,#708,.F.);
#2071 = ORIENTED_EDGE('',*,*,#2072,.T.);
#2072 = EDGE_CURVE('',#701,#2073,#2075,.T.);
#2073 = VERTEX_POINT('',#2074);
#2074 = CARTESIAN_POINT('',(0.1,-14.94,-2.5));
#2075 = LINE('',#2076,#2077);
#2076 = CARTESIAN_POINT('',(0.1,-14.94,0.2));
#2077 = VECTOR('',#2078,1.);
#2078 = DIRECTION('',(0.,0.,-1.));
#2079 = ORIENTED_EDGE('',*,*,#2080,.T.);
#2080 = EDGE_CURVE('',#2073,#2081,#2083,.T.);
#2081 = VERTEX_POINT('',#2082);
#2082 = CARTESIAN_POINT('',(0.1,-15.09,-3.1));
#2083 = LINE('',#2084,#2085);
#2084 = CARTESIAN_POINT('',(0.1,-14.94,-2.5));
#2085 = VECTOR('',#2086,1.);
#2086 = DIRECTION('',(-2.692686352073E-17,-0.242535625036,
    -0.970142500145));
#2087 = ORIENTED_EDGE('',*,*,#2088,.T.);
#2088 = EDGE_CURVE('',#2081,#2089,#2091,.T.);
#2089 = VERTEX_POINT('',#2090);
#2090 = CARTESIAN_POINT('',(0.1,-15.39,-3.1));
#2091 = LINE('',#2092,#2093);
#2092 = CARTESIAN_POINT('',(0.1,-15.09,-3.1));
#2093 = VECTOR('',#2094,1.);
#2094 = DIRECTION('',(-1.110223024625E-16,-1.,0.));
#2095 = ORIENTED_EDGE('',*,*,#2096,.T.);
#2096 = EDGE_CURVE('',#2089,#2064,#2097,.T.);
#2097 = LINE('',#2098,#2099);
#2098 = CARTESIAN_POINT('',(0.1,-15.39,-3.1));
#2099 = VECTOR('',#2100,1.);
#2100 = DIRECTION('',(-2.692686352073E-17,-0.242535625036,0.970142500145
    ));
#2101 = PLANE('',#2102);
#2102 = AXIS2_PLACEMENT_3D('',#2103,#2104,#2105);
#2103 = CARTESIAN_POINT('',(0.1,-15.24,3.911477598424));
#2104 = DIRECTION('',(-1.,1.110223024625E-16,0.));
#2105 = DIRECTION('',(0.,0.,1.));
#2106 = ADVANCED_FACE('',(#2107),#2118,.T.);
#2107 = FACE_BOUND('',#2108,.T.);
#2108 = EDGE_LOOP('',(#2109,#2115,#2116,#2117));
#2109 = ORIENTED_EDGE('',*,*,#2110,.F.);
#2110 = EDGE_CURVE('',#677,#701,#2111,.T.);
#2111 = LINE('',#2112,#2113);
#2112 = CARTESIAN_POINT('',(-0.1,-14.94,0.2));
#2113 = VECTOR('',#2114,1.);
#2114 = DIRECTION('',(1.,-1.110223024625E-16,0.));
#2115 = ORIENTED_EDGE('',*,*,#684,.T.);
#2116 = ORIENTED_EDGE('',*,*,#692,.T.);
#2117 = ORIENTED_EDGE('',*,*,#700,.T.);
#2118 = PLANE('',#2119);
#2119 = AXIS2_PLACEMENT_3D('',#2120,#2121,#2122);
#2120 = CARTESIAN_POINT('',(-0.1,-15.54,0.2));
#2121 = DIRECTION('',(0.,-0.,-1.));
#2122 = DIRECTION('',(-1.110223024625E-16,-1.,0.));
#2123 = ADVANCED_FACE('',(#2124),#2165,.T.);
#2124 = FACE_BOUND('',#2125,.T.);
#2125 = EDGE_LOOP('',(#2126,#2134,#2135,#2143,#2151,#2159));
#2126 = ORIENTED_EDGE('',*,*,#2127,.T.);
#2127 = EDGE_CURVE('',#2128,#669,#2130,.T.);
#2128 = VERTEX_POINT('',#2129);
#2129 = CARTESIAN_POINT('',(-0.1,-15.54,-2.5));
#2130 = LINE('',#2131,#2132);
#2131 = CARTESIAN_POINT('',(-0.1,-15.54,-2.5));
#2132 = VECTOR('',#2133,1.);
#2133 = DIRECTION('',(0.,0.,1.));
#2134 = ORIENTED_EDGE('',*,*,#676,.F.);
#2135 = ORIENTED_EDGE('',*,*,#2136,.T.);
#2136 = EDGE_CURVE('',#677,#2137,#2139,.T.);
#2137 = VERTEX_POINT('',#2138);
#2138 = CARTESIAN_POINT('',(-0.1,-14.94,-2.5));
#2139 = LINE('',#2140,#2141);
#2140 = CARTESIAN_POINT('',(-0.1,-14.94,0.2));
#2141 = VECTOR('',#2142,1.);
#2142 = DIRECTION('',(0.,0.,-1.));
#2143 = ORIENTED_EDGE('',*,*,#2144,.T.);
#2144 = EDGE_CURVE('',#2137,#2145,#2147,.T.);
#2145 = VERTEX_POINT('',#2146);
#2146 = CARTESIAN_POINT('',(-0.1,-15.09,-3.1));
#2147 = LINE('',#2148,#2149);
#2148 = CARTESIAN_POINT('',(-0.1,-14.94,-2.5));
#2149 = VECTOR('',#2150,1.);
#2150 = DIRECTION('',(-2.692686352073E-17,-0.242535625036,
    -0.970142500145));
#2151 = ORIENTED_EDGE('',*,*,#2152,.F.);
#2152 = EDGE_CURVE('',#2153,#2145,#2155,.T.);
#2153 = VERTEX_POINT('',#2154);
#2154 = CARTESIAN_POINT('',(-0.1,-15.39,-3.1));
#2155 = LINE('',#2156,#2157);
#2156 = CARTESIAN_POINT('',(-0.1,-15.39,-3.1));
#2157 = VECTOR('',#2158,1.);
#2158 = DIRECTION('',(1.110223024625E-16,1.,0.));
#2159 = ORIENTED_EDGE('',*,*,#2160,.T.);
#2160 = EDGE_CURVE('',#2153,#2128,#2161,.T.);
#2161 = LINE('',#2162,#2163);
#2162 = CARTESIAN_POINT('',(-0.1,-15.39,-3.1));
#2163 = VECTOR('',#2164,1.);
#2164 = DIRECTION('',(-2.692686352073E-17,-0.242535625036,0.970142500145
    ));
#2165 = PLANE('',#2166);
#2166 = AXIS2_PLACEMENT_3D('',#2167,#2168,#2169);
#2167 = CARTESIAN_POINT('',(-0.1,-15.24,3.911477598424));
#2168 = DIRECTION('',(-1.,1.110223024625E-16,0.));
#2169 = DIRECTION('',(0.,0.,1.));
#2170 = ADVANCED_FACE('',(#2171),#2182,.T.);
#2171 = FACE_BOUND('',#2172,.T.);
#2172 = EDGE_LOOP('',(#2173,#2174,#2175,#2181));
#2173 = ORIENTED_EDGE('',*,*,#724,.F.);
#2174 = ORIENTED_EDGE('',*,*,#734,.T.);
#2175 = ORIENTED_EDGE('',*,*,#2176,.T.);
#2176 = EDGE_CURVE('',#735,#775,#2177,.T.);
#2177 = LINE('',#2178,#2179);
#2178 = CARTESIAN_POINT('',(-0.1,-13.,0.2));
#2179 = VECTOR('',#2180,1.);
#2180 = DIRECTION('',(1.,-1.110223024625E-16,0.));
#2181 = ORIENTED_EDGE('',*,*,#782,.T.);
#2182 = PLANE('',#2183);
#2183 = AXIS2_PLACEMENT_3D('',#2184,#2185,#2186);
#2184 = CARTESIAN_POINT('',(-0.1,-13.,0.2));
#2185 = DIRECTION('',(0.,-0.,-1.));
#2186 = DIRECTION('',(-1.110223024625E-16,-1.,0.));
#2187 = ADVANCED_FACE('',(#2188),#2229,.F.);
#2188 = FACE_BOUND('',#2189,.F.);
#2189 = EDGE_LOOP('',(#2190,#2198,#2199,#2207,#2215,#2223));
#2190 = ORIENTED_EDGE('',*,*,#2191,.T.);
#2191 = EDGE_CURVE('',#2192,#775,#2194,.T.);
#2192 = VERTEX_POINT('',#2193);
#2193 = CARTESIAN_POINT('',(0.1,-13.,-2.5));
#2194 = LINE('',#2195,#2196);
#2195 = CARTESIAN_POINT('',(0.1,-13.,-2.5));
#2196 = VECTOR('',#2197,1.);
#2197 = DIRECTION('',(0.,0.,1.));
#2198 = ORIENTED_EDGE('',*,*,#774,.F.);
#2199 = ORIENTED_EDGE('',*,*,#2200,.T.);
#2200 = EDGE_CURVE('',#767,#2201,#2203,.T.);
#2201 = VERTEX_POINT('',#2202);
#2202 = CARTESIAN_POINT('',(0.1,-12.4,-2.5));
#2203 = LINE('',#2204,#2205);
#2204 = CARTESIAN_POINT('',(0.1,-12.4,0.2));
#2205 = VECTOR('',#2206,1.);
#2206 = DIRECTION('',(0.,0.,-1.));
#2207 = ORIENTED_EDGE('',*,*,#2208,.T.);
#2208 = EDGE_CURVE('',#2201,#2209,#2211,.T.);
#2209 = VERTEX_POINT('',#2210);
#2210 = CARTESIAN_POINT('',(0.1,-12.55,-3.1));
#2211 = LINE('',#2212,#2213);
#2212 = CARTESIAN_POINT('',(0.1,-12.4,-2.5));
#2213 = VECTOR('',#2214,1.);
#2214 = DIRECTION('',(-2.692686352073E-17,-0.242535625036,
    -0.970142500145));
#2215 = ORIENTED_EDGE('',*,*,#2216,.T.);
#2216 = EDGE_CURVE('',#2209,#2217,#2219,.T.);
#2217 = VERTEX_POINT('',#2218);
#2218 = CARTESIAN_POINT('',(0.1,-12.85,-3.1));
#2219 = LINE('',#2220,#2221);
#2220 = CARTESIAN_POINT('',(0.1,-12.55,-3.1));
#2221 = VECTOR('',#2222,1.);
#2222 = DIRECTION('',(-1.110223024625E-16,-1.,0.));
#2223 = ORIENTED_EDGE('',*,*,#2224,.T.);
#2224 = EDGE_CURVE('',#2217,#2192,#2225,.T.);
#2225 = LINE('',#2226,#2227);
#2226 = CARTESIAN_POINT('',(0.1,-12.85,-3.1));
#2227 = VECTOR('',#2228,1.);
#2228 = DIRECTION('',(-2.692686352073E-17,-0.242535625036,0.970142500145
    ));
#2229 = PLANE('',#2230);
#2230 = AXIS2_PLACEMENT_3D('',#2231,#2232,#2233);
#2231 = CARTESIAN_POINT('',(0.1,-12.7,3.911477598424));
#2232 = DIRECTION('',(-1.,1.110223024625E-16,0.));
#2233 = DIRECTION('',(0.,0.,1.));
#2234 = ADVANCED_FACE('',(#2235),#2246,.T.);
#2235 = FACE_BOUND('',#2236,.T.);
#2236 = EDGE_LOOP('',(#2237,#2243,#2244,#2245));
#2237 = ORIENTED_EDGE('',*,*,#2238,.F.);
#2238 = EDGE_CURVE('',#743,#767,#2239,.T.);
#2239 = LINE('',#2240,#2241);
#2240 = CARTESIAN_POINT('',(-0.1,-12.4,0.2));
#2241 = VECTOR('',#2242,1.);
#2242 = DIRECTION('',(1.,-1.110223024625E-16,0.));
#2243 = ORIENTED_EDGE('',*,*,#750,.T.);
#2244 = ORIENTED_EDGE('',*,*,#758,.T.);
#2245 = ORIENTED_EDGE('',*,*,#766,.T.);
#2246 = PLANE('',#2247);
#2247 = AXIS2_PLACEMENT_3D('',#2248,#2249,#2250);
#2248 = CARTESIAN_POINT('',(-0.1,-13.,0.2));
#2249 = DIRECTION('',(0.,-0.,-1.));
#2250 = DIRECTION('',(-1.110223024625E-16,-1.,0.));
#2251 = ADVANCED_FACE('',(#2252),#2293,.T.);
#2252 = FACE_BOUND('',#2253,.T.);
#2253 = EDGE_LOOP('',(#2254,#2262,#2263,#2271,#2279,#2287));
#2254 = ORIENTED_EDGE('',*,*,#2255,.T.);
#2255 = EDGE_CURVE('',#2256,#735,#2258,.T.);
#2256 = VERTEX_POINT('',#2257);
#2257 = CARTESIAN_POINT('',(-0.1,-13.,-2.5));
#2258 = LINE('',#2259,#2260);
#2259 = CARTESIAN_POINT('',(-0.1,-13.,-2.5));
#2260 = VECTOR('',#2261,1.);
#2261 = DIRECTION('',(0.,0.,1.));
#2262 = ORIENTED_EDGE('',*,*,#742,.F.);
#2263 = ORIENTED_EDGE('',*,*,#2264,.T.);
#2264 = EDGE_CURVE('',#743,#2265,#2267,.T.);
#2265 = VERTEX_POINT('',#2266);
#2266 = CARTESIAN_POINT('',(-0.1,-12.4,-2.5));
#2267 = LINE('',#2268,#2269);
#2268 = CARTESIAN_POINT('',(-0.1,-12.4,0.2));
#2269 = VECTOR('',#2270,1.);
#2270 = DIRECTION('',(0.,0.,-1.));
#2271 = ORIENTED_EDGE('',*,*,#2272,.T.);
#2272 = EDGE_CURVE('',#2265,#2273,#2275,.T.);
#2273 = VERTEX_POINT('',#2274);
#2274 = CARTESIAN_POINT('',(-0.1,-12.55,-3.1));
#2275 = LINE('',#2276,#2277);
#2276 = CARTESIAN_POINT('',(-0.1,-12.4,-2.5));
#2277 = VECTOR('',#2278,1.);
#2278 = DIRECTION('',(-2.692686352073E-17,-0.242535625036,
    -0.970142500145));
#2279 = ORIENTED_EDGE('',*,*,#2280,.F.);
#2280 = EDGE_CURVE('',#2281,#2273,#2283,.T.);
#2281 = VERTEX_POINT('',#2282);
#2282 = CARTESIAN_POINT('',(-0.1,-12.85,-3.1));
#2283 = LINE('',#2284,#2285);
#2284 = CARTESIAN_POINT('',(-0.1,-12.85,-3.1));
#2285 = VECTOR('',#2286,1.);
#2286 = DIRECTION('',(1.110223024625E-16,1.,0.));
#2287 = ORIENTED_EDGE('',*,*,#2288,.T.);
#2288 = EDGE_CURVE('',#2281,#2256,#2289,.T.);
#2289 = LINE('',#2290,#2291);
#2290 = CARTESIAN_POINT('',(-0.1,-12.85,-3.1));
#2291 = VECTOR('',#2292,1.);
#2292 = DIRECTION('',(-2.692686352073E-17,-0.242535625036,0.970142500145
    ));
#2293 = PLANE('',#2294);
#2294 = AXIS2_PLACEMENT_3D('',#2295,#2296,#2297);
#2295 = CARTESIAN_POINT('',(-0.1,-12.7,3.911477598424));
#2296 = DIRECTION('',(-1.,1.110223024625E-16,0.));
#2297 = DIRECTION('',(0.,0.,1.));
#2298 = ADVANCED_FACE('',(#2299),#2310,.T.);
#2299 = FACE_BOUND('',#2300,.T.);
#2300 = EDGE_LOOP('',(#2301,#2302,#2303,#2309));
#2301 = ORIENTED_EDGE('',*,*,#790,.F.);
#2302 = ORIENTED_EDGE('',*,*,#800,.T.);
#2303 = ORIENTED_EDGE('',*,*,#2304,.T.);
#2304 = EDGE_CURVE('',#801,#841,#2305,.T.);
#2305 = LINE('',#2306,#2307);
#2306 = CARTESIAN_POINT('',(-0.1,-10.46,0.2));
#2307 = VECTOR('',#2308,1.);
#2308 = DIRECTION('',(1.,-1.110223024625E-16,0.));
#2309 = ORIENTED_EDGE('',*,*,#848,.T.);
#2310 = PLANE('',#2311);
#2311 = AXIS2_PLACEMENT_3D('',#2312,#2313,#2314);
#2312 = CARTESIAN_POINT('',(-0.1,-10.46,0.2));
#2313 = DIRECTION('',(0.,-0.,-1.));
#2314 = DIRECTION('',(-1.110223024625E-16,-1.,0.));
#2315 = ADVANCED_FACE('',(#2316),#2357,.F.);
#2316 = FACE_BOUND('',#2317,.F.);
#2317 = EDGE_LOOP('',(#2318,#2326,#2327,#2335,#2343,#2351));
#2318 = ORIENTED_EDGE('',*,*,#2319,.T.);
#2319 = EDGE_CURVE('',#2320,#841,#2322,.T.);
#2320 = VERTEX_POINT('',#2321);
#2321 = CARTESIAN_POINT('',(0.1,-10.46,-2.5));
#2322 = LINE('',#2323,#2324);
#2323 = CARTESIAN_POINT('',(0.1,-10.46,-2.5));
#2324 = VECTOR('',#2325,1.);
#2325 = DIRECTION('',(0.,0.,1.));
#2326 = ORIENTED_EDGE('',*,*,#840,.F.);
#2327 = ORIENTED_EDGE('',*,*,#2328,.T.);
#2328 = EDGE_CURVE('',#833,#2329,#2331,.T.);
#2329 = VERTEX_POINT('',#2330);
#2330 = CARTESIAN_POINT('',(0.1,-9.86,-2.5));
#2331 = LINE('',#2332,#2333);
#2332 = CARTESIAN_POINT('',(0.1,-9.86,0.2));
#2333 = VECTOR('',#2334,1.);
#2334 = DIRECTION('',(0.,0.,-1.));
#2335 = ORIENTED_EDGE('',*,*,#2336,.T.);
#2336 = EDGE_CURVE('',#2329,#2337,#2339,.T.);
#2337 = VERTEX_POINT('',#2338);
#2338 = CARTESIAN_POINT('',(0.1,-10.01,-3.1));
#2339 = LINE('',#2340,#2341);
#2340 = CARTESIAN_POINT('',(0.1,-9.86,-2.5));
#2341 = VECTOR('',#2342,1.);
#2342 = DIRECTION('',(-2.692686352073E-17,-0.242535625036,
    -0.970142500145));
#2343 = ORIENTED_EDGE('',*,*,#2344,.T.);
#2344 = EDGE_CURVE('',#2337,#2345,#2347,.T.);
#2345 = VERTEX_POINT('',#2346);
#2346 = CARTESIAN_POINT('',(0.1,-10.31,-3.1));
#2347 = LINE('',#2348,#2349);
#2348 = CARTESIAN_POINT('',(0.1,-10.01,-3.1));
#2349 = VECTOR('',#2350,1.);
#2350 = DIRECTION('',(-1.110223024625E-16,-1.,0.));
#2351 = ORIENTED_EDGE('',*,*,#2352,.T.);
#2352 = EDGE_CURVE('',#2345,#2320,#2353,.T.);
#2353 = LINE('',#2354,#2355);
#2354 = CARTESIAN_POINT('',(0.1,-10.31,-3.1));
#2355 = VECTOR('',#2356,1.);
#2356 = DIRECTION('',(-2.692686352073E-17,-0.242535625036,0.970142500145
    ));
#2357 = PLANE('',#2358);
#2358 = AXIS2_PLACEMENT_3D('',#2359,#2360,#2361);
#2359 = CARTESIAN_POINT('',(0.1,-10.16,3.911477598424));
#2360 = DIRECTION('',(-1.,1.110223024625E-16,0.));
#2361 = DIRECTION('',(0.,0.,1.));
#2362 = ADVANCED_FACE('',(#2363),#2374,.T.);
#2363 = FACE_BOUND('',#2364,.T.);
#2364 = EDGE_LOOP('',(#2365,#2371,#2372,#2373));
#2365 = ORIENTED_EDGE('',*,*,#2366,.F.);
#2366 = EDGE_CURVE('',#809,#833,#2367,.T.);
#2367 = LINE('',#2368,#2369);
#2368 = CARTESIAN_POINT('',(-0.1,-9.86,0.2));
#2369 = VECTOR('',#2370,1.);
#2370 = DIRECTION('',(1.,-1.110223024625E-16,0.));
#2371 = ORIENTED_EDGE('',*,*,#816,.T.);
#2372 = ORIENTED_EDGE('',*,*,#824,.T.);
#2373 = ORIENTED_EDGE('',*,*,#832,.T.);
#2374 = PLANE('',#2375);
#2375 = AXIS2_PLACEMENT_3D('',#2376,#2377,#2378);
#2376 = CARTESIAN_POINT('',(-0.1,-10.46,0.2));
#2377 = DIRECTION('',(0.,-0.,-1.));
#2378 = DIRECTION('',(-1.110223024625E-16,-1.,0.));
#2379 = ADVANCED_FACE('',(#2380),#2421,.T.);
#2380 = FACE_BOUND('',#2381,.T.);
#2381 = EDGE_LOOP('',(#2382,#2390,#2391,#2399,#2407,#2415));
#2382 = ORIENTED_EDGE('',*,*,#2383,.T.);
#2383 = EDGE_CURVE('',#2384,#801,#2386,.T.);
#2384 = VERTEX_POINT('',#2385);
#2385 = CARTESIAN_POINT('',(-0.1,-10.46,-2.5));
#2386 = LINE('',#2387,#2388);
#2387 = CARTESIAN_POINT('',(-0.1,-10.46,-2.5));
#2388 = VECTOR('',#2389,1.);
#2389 = DIRECTION('',(0.,0.,1.));
#2390 = ORIENTED_EDGE('',*,*,#808,.F.);
#2391 = ORIENTED_EDGE('',*,*,#2392,.T.);
#2392 = EDGE_CURVE('',#809,#2393,#2395,.T.);
#2393 = VERTEX_POINT('',#2394);
#2394 = CARTESIAN_POINT('',(-0.1,-9.86,-2.5));
#2395 = LINE('',#2396,#2397);
#2396 = CARTESIAN_POINT('',(-0.1,-9.86,0.2));
#2397 = VECTOR('',#2398,1.);
#2398 = DIRECTION('',(0.,0.,-1.));
#2399 = ORIENTED_EDGE('',*,*,#2400,.T.);
#2400 = EDGE_CURVE('',#2393,#2401,#2403,.T.);
#2401 = VERTEX_POINT('',#2402);
#2402 = CARTESIAN_POINT('',(-0.1,-10.01,-3.1));
#2403 = LINE('',#2404,#2405);
#2404 = CARTESIAN_POINT('',(-0.1,-9.86,-2.5));
#2405 = VECTOR('',#2406,1.);
#2406 = DIRECTION('',(-2.692686352073E-17,-0.242535625036,
    -0.970142500145));
#2407 = ORIENTED_EDGE('',*,*,#2408,.F.);
#2408 = EDGE_CURVE('',#2409,#2401,#2411,.T.);
#2409 = VERTEX_POINT('',#2410);
#2410 = CARTESIAN_POINT('',(-0.1,-10.31,-3.1));
#2411 = LINE('',#2412,#2413);
#2412 = CARTESIAN_POINT('',(-0.1,-10.31,-3.1));
#2413 = VECTOR('',#2414,1.);
#2414 = DIRECTION('',(1.110223024625E-16,1.,0.));
#2415 = ORIENTED_EDGE('',*,*,#2416,.T.);
#2416 = EDGE_CURVE('',#2409,#2384,#2417,.T.);
#2417 = LINE('',#2418,#2419);
#2418 = CARTESIAN_POINT('',(-0.1,-10.31,-3.1));
#2419 = VECTOR('',#2420,1.);
#2420 = DIRECTION('',(-2.692686352073E-17,-0.242535625036,0.970142500145
    ));
#2421 = PLANE('',#2422);
#2422 = AXIS2_PLACEMENT_3D('',#2423,#2424,#2425);
#2423 = CARTESIAN_POINT('',(-0.1,-10.16,3.911477598424));
#2424 = DIRECTION('',(-1.,1.110223024625E-16,0.));
#2425 = DIRECTION('',(0.,0.,1.));
#2426 = ADVANCED_FACE('',(#2427),#2438,.T.);
#2427 = FACE_BOUND('',#2428,.T.);
#2428 = EDGE_LOOP('',(#2429,#2430,#2431,#2437));
#2429 = ORIENTED_EDGE('',*,*,#856,.F.);
#2430 = ORIENTED_EDGE('',*,*,#866,.T.);
#2431 = ORIENTED_EDGE('',*,*,#2432,.T.);
#2432 = EDGE_CURVE('',#867,#907,#2433,.T.);
#2433 = LINE('',#2434,#2435);
#2434 = CARTESIAN_POINT('',(-0.1,-7.92,0.2));
#2435 = VECTOR('',#2436,1.);
#2436 = DIRECTION('',(1.,-1.110223024625E-16,0.));
#2437 = ORIENTED_EDGE('',*,*,#914,.T.);
#2438 = PLANE('',#2439);
#2439 = AXIS2_PLACEMENT_3D('',#2440,#2441,#2442);
#2440 = CARTESIAN_POINT('',(-0.1,-7.92,0.2));
#2441 = DIRECTION('',(0.,-0.,-1.));
#2442 = DIRECTION('',(-1.110223024625E-16,-1.,0.));
#2443 = ADVANCED_FACE('',(#2444),#2485,.F.);
#2444 = FACE_BOUND('',#2445,.F.);
#2445 = EDGE_LOOP('',(#2446,#2454,#2455,#2463,#2471,#2479));
#2446 = ORIENTED_EDGE('',*,*,#2447,.T.);
#2447 = EDGE_CURVE('',#2448,#907,#2450,.T.);
#2448 = VERTEX_POINT('',#2449);
#2449 = CARTESIAN_POINT('',(0.1,-7.92,-2.5));
#2450 = LINE('',#2451,#2452);
#2451 = CARTESIAN_POINT('',(0.1,-7.92,-2.5));
#2452 = VECTOR('',#2453,1.);
#2453 = DIRECTION('',(0.,0.,1.));
#2454 = ORIENTED_EDGE('',*,*,#906,.F.);
#2455 = ORIENTED_EDGE('',*,*,#2456,.T.);
#2456 = EDGE_CURVE('',#899,#2457,#2459,.T.);
#2457 = VERTEX_POINT('',#2458);
#2458 = CARTESIAN_POINT('',(0.1,-7.32,-2.5));
#2459 = LINE('',#2460,#2461);
#2460 = CARTESIAN_POINT('',(0.1,-7.32,0.2));
#2461 = VECTOR('',#2462,1.);
#2462 = DIRECTION('',(0.,0.,-1.));
#2463 = ORIENTED_EDGE('',*,*,#2464,.T.);
#2464 = EDGE_CURVE('',#2457,#2465,#2467,.T.);
#2465 = VERTEX_POINT('',#2466);
#2466 = CARTESIAN_POINT('',(0.1,-7.47,-3.1));
#2467 = LINE('',#2468,#2469);
#2468 = CARTESIAN_POINT('',(0.1,-7.32,-2.5));
#2469 = VECTOR('',#2470,1.);
#2470 = DIRECTION('',(-2.692686352073E-17,-0.242535625036,
    -0.970142500145));
#2471 = ORIENTED_EDGE('',*,*,#2472,.T.);
#2472 = EDGE_CURVE('',#2465,#2473,#2475,.T.);
#2473 = VERTEX_POINT('',#2474);
#2474 = CARTESIAN_POINT('',(0.1,-7.77,-3.1));
#2475 = LINE('',#2476,#2477);
#2476 = CARTESIAN_POINT('',(0.1,-7.47,-3.1));
#2477 = VECTOR('',#2478,1.);
#2478 = DIRECTION('',(-1.110223024625E-16,-1.,0.));
#2479 = ORIENTED_EDGE('',*,*,#2480,.T.);
#2480 = EDGE_CURVE('',#2473,#2448,#2481,.T.);
#2481 = LINE('',#2482,#2483);
#2482 = CARTESIAN_POINT('',(0.1,-7.77,-3.1));
#2483 = VECTOR('',#2484,1.);
#2484 = DIRECTION('',(-2.692686352073E-17,-0.242535625036,0.970142500145
    ));
#2485 = PLANE('',#2486);
#2486 = AXIS2_PLACEMENT_3D('',#2487,#2488,#2489);
#2487 = CARTESIAN_POINT('',(0.1,-7.62,3.911477598424));
#2488 = DIRECTION('',(-1.,1.110223024625E-16,0.));
#2489 = DIRECTION('',(0.,0.,1.));
#2490 = ADVANCED_FACE('',(#2491),#2502,.T.);
#2491 = FACE_BOUND('',#2492,.T.);
#2492 = EDGE_LOOP('',(#2493,#2499,#2500,#2501));
#2493 = ORIENTED_EDGE('',*,*,#2494,.F.);
#2494 = EDGE_CURVE('',#875,#899,#2495,.T.);
#2495 = LINE('',#2496,#2497);
#2496 = CARTESIAN_POINT('',(-0.1,-7.32,0.2));
#2497 = VECTOR('',#2498,1.);
#2498 = DIRECTION('',(1.,-1.110223024625E-16,0.));
#2499 = ORIENTED_EDGE('',*,*,#882,.T.);
#2500 = ORIENTED_EDGE('',*,*,#890,.T.);
#2501 = ORIENTED_EDGE('',*,*,#898,.T.);
#2502 = PLANE('',#2503);
#2503 = AXIS2_PLACEMENT_3D('',#2504,#2505,#2506);
#2504 = CARTESIAN_POINT('',(-0.1,-7.92,0.2));
#2505 = DIRECTION('',(0.,-0.,-1.));
#2506 = DIRECTION('',(-1.110223024625E-16,-1.,0.));
#2507 = ADVANCED_FACE('',(#2508),#2549,.T.);
#2508 = FACE_BOUND('',#2509,.T.);
#2509 = EDGE_LOOP('',(#2510,#2518,#2519,#2527,#2535,#2543));
#2510 = ORIENTED_EDGE('',*,*,#2511,.T.);
#2511 = EDGE_CURVE('',#2512,#867,#2514,.T.);
#2512 = VERTEX_POINT('',#2513);
#2513 = CARTESIAN_POINT('',(-0.1,-7.92,-2.5));
#2514 = LINE('',#2515,#2516);
#2515 = CARTESIAN_POINT('',(-0.1,-7.92,-2.5));
#2516 = VECTOR('',#2517,1.);
#2517 = DIRECTION('',(0.,0.,1.));
#2518 = ORIENTED_EDGE('',*,*,#874,.F.);
#2519 = ORIENTED_EDGE('',*,*,#2520,.T.);
#2520 = EDGE_CURVE('',#875,#2521,#2523,.T.);
#2521 = VERTEX_POINT('',#2522);
#2522 = CARTESIAN_POINT('',(-0.1,-7.32,-2.5));
#2523 = LINE('',#2524,#2525);
#2524 = CARTESIAN_POINT('',(-0.1,-7.32,0.2));
#2525 = VECTOR('',#2526,1.);
#2526 = DIRECTION('',(0.,0.,-1.));
#2527 = ORIENTED_EDGE('',*,*,#2528,.T.);
#2528 = EDGE_CURVE('',#2521,#2529,#2531,.T.);
#2529 = VERTEX_POINT('',#2530);
#2530 = CARTESIAN_POINT('',(-0.1,-7.47,-3.1));
#2531 = LINE('',#2532,#2533);
#2532 = CARTESIAN_POINT('',(-0.1,-7.32,-2.5));
#2533 = VECTOR('',#2534,1.);
#2534 = DIRECTION('',(-2.692686352073E-17,-0.242535625036,
    -0.970142500145));
#2535 = ORIENTED_EDGE('',*,*,#2536,.F.);
#2536 = EDGE_CURVE('',#2537,#2529,#2539,.T.);
#2537 = VERTEX_POINT('',#2538);
#2538 = CARTESIAN_POINT('',(-0.1,-7.77,-3.1));
#2539 = LINE('',#2540,#2541);
#2540 = CARTESIAN_POINT('',(-0.1,-7.77,-3.1));
#2541 = VECTOR('',#2542,1.);
#2542 = DIRECTION('',(1.110223024625E-16,1.,0.));
#2543 = ORIENTED_EDGE('',*,*,#2544,.T.);
#2544 = EDGE_CURVE('',#2537,#2512,#2545,.T.);
#2545 = LINE('',#2546,#2547);
#2546 = CARTESIAN_POINT('',(-0.1,-7.77,-3.1));
#2547 = VECTOR('',#2548,1.);
#2548 = DIRECTION('',(-2.692686352073E-17,-0.242535625036,0.970142500145
    ));
#2549 = PLANE('',#2550);
#2550 = AXIS2_PLACEMENT_3D('',#2551,#2552,#2553);
#2551 = CARTESIAN_POINT('',(-0.1,-7.62,3.911477598424));
#2552 = DIRECTION('',(-1.,1.110223024625E-16,0.));
#2553 = DIRECTION('',(0.,0.,1.));
#2554 = ADVANCED_FACE('',(#2555),#2566,.T.);
#2555 = FACE_BOUND('',#2556,.T.);
#2556 = EDGE_LOOP('',(#2557,#2558,#2559,#2565));
#2557 = ORIENTED_EDGE('',*,*,#922,.F.);
#2558 = ORIENTED_EDGE('',*,*,#932,.T.);
#2559 = ORIENTED_EDGE('',*,*,#2560,.T.);
#2560 = EDGE_CURVE('',#933,#973,#2561,.T.);
#2561 = LINE('',#2562,#2563);
#2562 = CARTESIAN_POINT('',(-0.1,-5.38,0.2));
#2563 = VECTOR('',#2564,1.);
#2564 = DIRECTION('',(1.,-1.110223024625E-16,0.));
#2565 = ORIENTED_EDGE('',*,*,#980,.T.);
#2566 = PLANE('',#2567);
#2567 = AXIS2_PLACEMENT_3D('',#2568,#2569,#2570);
#2568 = CARTESIAN_POINT('',(-0.1,-5.38,0.2));
#2569 = DIRECTION('',(0.,-0.,-1.));
#2570 = DIRECTION('',(-1.110223024625E-16,-1.,0.));
#2571 = ADVANCED_FACE('',(#2572),#2613,.F.);
#2572 = FACE_BOUND('',#2573,.F.);
#2573 = EDGE_LOOP('',(#2574,#2582,#2583,#2591,#2599,#2607));
#2574 = ORIENTED_EDGE('',*,*,#2575,.T.);
#2575 = EDGE_CURVE('',#2576,#973,#2578,.T.);
#2576 = VERTEX_POINT('',#2577);
#2577 = CARTESIAN_POINT('',(0.1,-5.38,-2.5));
#2578 = LINE('',#2579,#2580);
#2579 = CARTESIAN_POINT('',(0.1,-5.38,-2.5));
#2580 = VECTOR('',#2581,1.);
#2581 = DIRECTION('',(0.,0.,1.));
#2582 = ORIENTED_EDGE('',*,*,#972,.F.);
#2583 = ORIENTED_EDGE('',*,*,#2584,.T.);
#2584 = EDGE_CURVE('',#965,#2585,#2587,.T.);
#2585 = VERTEX_POINT('',#2586);
#2586 = CARTESIAN_POINT('',(0.1,-4.78,-2.5));
#2587 = LINE('',#2588,#2589);
#2588 = CARTESIAN_POINT('',(0.1,-4.78,0.2));
#2589 = VECTOR('',#2590,1.);
#2590 = DIRECTION('',(0.,0.,-1.));
#2591 = ORIENTED_EDGE('',*,*,#2592,.T.);
#2592 = EDGE_CURVE('',#2585,#2593,#2595,.T.);
#2593 = VERTEX_POINT('',#2594);
#2594 = CARTESIAN_POINT('',(0.1,-4.93,-3.1));
#2595 = LINE('',#2596,#2597);
#2596 = CARTESIAN_POINT('',(0.1,-4.78,-2.5));
#2597 = VECTOR('',#2598,1.);
#2598 = DIRECTION('',(-2.692686352073E-17,-0.242535625036,
    -0.970142500145));
#2599 = ORIENTED_EDGE('',*,*,#2600,.T.);
#2600 = EDGE_CURVE('',#2593,#2601,#2603,.T.);
#2601 = VERTEX_POINT('',#2602);
#2602 = CARTESIAN_POINT('',(0.1,-5.23,-3.1));
#2603 = LINE('',#2604,#2605);
#2604 = CARTESIAN_POINT('',(0.1,-4.93,-3.1));
#2605 = VECTOR('',#2606,1.);
#2606 = DIRECTION('',(-1.110223024625E-16,-1.,0.));
#2607 = ORIENTED_EDGE('',*,*,#2608,.T.);
#2608 = EDGE_CURVE('',#2601,#2576,#2609,.T.);
#2609 = LINE('',#2610,#2611);
#2610 = CARTESIAN_POINT('',(0.1,-5.23,-3.1));
#2611 = VECTOR('',#2612,1.);
#2612 = DIRECTION('',(-2.692686352073E-17,-0.242535625036,0.970142500145
    ));
#2613 = PLANE('',#2614);
#2614 = AXIS2_PLACEMENT_3D('',#2615,#2616,#2617);
#2615 = CARTESIAN_POINT('',(0.1,-5.08,3.911477598424));
#2616 = DIRECTION('',(-1.,1.110223024625E-16,0.));
#2617 = DIRECTION('',(0.,0.,1.));
#2618 = ADVANCED_FACE('',(#2619),#2630,.T.);
#2619 = FACE_BOUND('',#2620,.T.);
#2620 = EDGE_LOOP('',(#2621,#2627,#2628,#2629));
#2621 = ORIENTED_EDGE('',*,*,#2622,.F.);
#2622 = EDGE_CURVE('',#941,#965,#2623,.T.);
#2623 = LINE('',#2624,#2625);
#2624 = CARTESIAN_POINT('',(-0.1,-4.78,0.2));
#2625 = VECTOR('',#2626,1.);
#2626 = DIRECTION('',(1.,-1.110223024625E-16,0.));
#2627 = ORIENTED_EDGE('',*,*,#948,.T.);
#2628 = ORIENTED_EDGE('',*,*,#956,.T.);
#2629 = ORIENTED_EDGE('',*,*,#964,.T.);
#2630 = PLANE('',#2631);
#2631 = AXIS2_PLACEMENT_3D('',#2632,#2633,#2634);
#2632 = CARTESIAN_POINT('',(-0.1,-5.38,0.2));
#2633 = DIRECTION('',(0.,-0.,-1.));
#2634 = DIRECTION('',(-1.110223024625E-16,-1.,0.));
#2635 = ADVANCED_FACE('',(#2636),#2677,.T.);
#2636 = FACE_BOUND('',#2637,.T.);
#2637 = EDGE_LOOP('',(#2638,#2646,#2647,#2655,#2663,#2671));
#2638 = ORIENTED_EDGE('',*,*,#2639,.T.);
#2639 = EDGE_CURVE('',#2640,#933,#2642,.T.);
#2640 = VERTEX_POINT('',#2641);
#2641 = CARTESIAN_POINT('',(-0.1,-5.38,-2.5));
#2642 = LINE('',#2643,#2644);
#2643 = CARTESIAN_POINT('',(-0.1,-5.38,-2.5));
#2644 = VECTOR('',#2645,1.);
#2645 = DIRECTION('',(0.,0.,1.));
#2646 = ORIENTED_EDGE('',*,*,#940,.F.);
#2647 = ORIENTED_EDGE('',*,*,#2648,.T.);
#2648 = EDGE_CURVE('',#941,#2649,#2651,.T.);
#2649 = VERTEX_POINT('',#2650);
#2650 = CARTESIAN_POINT('',(-0.1,-4.78,-2.5));
#2651 = LINE('',#2652,#2653);
#2652 = CARTESIAN_POINT('',(-0.1,-4.78,0.2));
#2653 = VECTOR('',#2654,1.);
#2654 = DIRECTION('',(0.,0.,-1.));
#2655 = ORIENTED_EDGE('',*,*,#2656,.T.);
#2656 = EDGE_CURVE('',#2649,#2657,#2659,.T.);
#2657 = VERTEX_POINT('',#2658);
#2658 = CARTESIAN_POINT('',(-0.1,-4.93,-3.1));
#2659 = LINE('',#2660,#2661);
#2660 = CARTESIAN_POINT('',(-0.1,-4.78,-2.5));
#2661 = VECTOR('',#2662,1.);
#2662 = DIRECTION('',(-2.692686352073E-17,-0.242535625036,
    -0.970142500145));
#2663 = ORIENTED_EDGE('',*,*,#2664,.F.);
#2664 = EDGE_CURVE('',#2665,#2657,#2667,.T.);
#2665 = VERTEX_POINT('',#2666);
#2666 = CARTESIAN_POINT('',(-0.1,-5.23,-3.1));
#2667 = LINE('',#2668,#2669);
#2668 = CARTESIAN_POINT('',(-0.1,-5.23,-3.1));
#2669 = VECTOR('',#2670,1.);
#2670 = DIRECTION('',(1.110223024625E-16,1.,0.));
#2671 = ORIENTED_EDGE('',*,*,#2672,.T.);
#2672 = EDGE_CURVE('',#2665,#2640,#2673,.T.);
#2673 = LINE('',#2674,#2675);
#2674 = CARTESIAN_POINT('',(-0.1,-5.23,-3.1));
#2675 = VECTOR('',#2676,1.);
#2676 = DIRECTION('',(-2.692686352073E-17,-0.242535625036,0.970142500145
    ));
#2677 = PLANE('',#2678);
#2678 = AXIS2_PLACEMENT_3D('',#2679,#2680,#2681);
#2679 = CARTESIAN_POINT('',(-0.1,-5.08,3.911477598424));
#2680 = DIRECTION('',(-1.,1.110223024625E-16,0.));
#2681 = DIRECTION('',(0.,0.,1.));
#2682 = ADVANCED_FACE('',(#2683),#2694,.T.);
#2683 = FACE_BOUND('',#2684,.T.);
#2684 = EDGE_LOOP('',(#2685,#2686,#2687,#2693));
#2685 = ORIENTED_EDGE('',*,*,#988,.F.);
#2686 = ORIENTED_EDGE('',*,*,#998,.T.);
#2687 = ORIENTED_EDGE('',*,*,#2688,.T.);
#2688 = EDGE_CURVE('',#999,#1039,#2689,.T.);
#2689 = LINE('',#2690,#2691);
#2690 = CARTESIAN_POINT('',(-0.1,-2.84,0.2));
#2691 = VECTOR('',#2692,1.);
#2692 = DIRECTION('',(1.,-1.110223024625E-16,0.));
#2693 = ORIENTED_EDGE('',*,*,#1046,.T.);
#2694 = PLANE('',#2695);
#2695 = AXIS2_PLACEMENT_3D('',#2696,#2697,#2698);
#2696 = CARTESIAN_POINT('',(-0.1,-2.84,0.2));
#2697 = DIRECTION('',(0.,-0.,-1.));
#2698 = DIRECTION('',(-1.110223024625E-16,-1.,0.));
#2699 = ADVANCED_FACE('',(#2700),#2741,.F.);
#2700 = FACE_BOUND('',#2701,.F.);
#2701 = EDGE_LOOP('',(#2702,#2710,#2711,#2719,#2727,#2735));
#2702 = ORIENTED_EDGE('',*,*,#2703,.T.);
#2703 = EDGE_CURVE('',#2704,#1039,#2706,.T.);
#2704 = VERTEX_POINT('',#2705);
#2705 = CARTESIAN_POINT('',(0.1,-2.84,-2.5));
#2706 = LINE('',#2707,#2708);
#2707 = CARTESIAN_POINT('',(0.1,-2.84,-2.5));
#2708 = VECTOR('',#2709,1.);
#2709 = DIRECTION('',(0.,0.,1.));
#2710 = ORIENTED_EDGE('',*,*,#1038,.F.);
#2711 = ORIENTED_EDGE('',*,*,#2712,.T.);
#2712 = EDGE_CURVE('',#1031,#2713,#2715,.T.);
#2713 = VERTEX_POINT('',#2714);
#2714 = CARTESIAN_POINT('',(0.1,-2.24,-2.5));
#2715 = LINE('',#2716,#2717);
#2716 = CARTESIAN_POINT('',(0.1,-2.24,0.2));
#2717 = VECTOR('',#2718,1.);
#2718 = DIRECTION('',(0.,0.,-1.));
#2719 = ORIENTED_EDGE('',*,*,#2720,.T.);
#2720 = EDGE_CURVE('',#2713,#2721,#2723,.T.);
#2721 = VERTEX_POINT('',#2722);
#2722 = CARTESIAN_POINT('',(0.1,-2.39,-3.1));
#2723 = LINE('',#2724,#2725);
#2724 = CARTESIAN_POINT('',(0.1,-2.24,-2.5));
#2725 = VECTOR('',#2726,1.);
#2726 = DIRECTION('',(-2.692686352073E-17,-0.242535625036,
    -0.970142500145));
#2727 = ORIENTED_EDGE('',*,*,#2728,.T.);
#2728 = EDGE_CURVE('',#2721,#2729,#2731,.T.);
#2729 = VERTEX_POINT('',#2730);
#2730 = CARTESIAN_POINT('',(0.1,-2.69,-3.1));
#2731 = LINE('',#2732,#2733);
#2732 = CARTESIAN_POINT('',(0.1,-2.39,-3.1));
#2733 = VECTOR('',#2734,1.);
#2734 = DIRECTION('',(-1.110223024625E-16,-1.,0.));
#2735 = ORIENTED_EDGE('',*,*,#2736,.T.);
#2736 = EDGE_CURVE('',#2729,#2704,#2737,.T.);
#2737 = LINE('',#2738,#2739);
#2738 = CARTESIAN_POINT('',(0.1,-2.69,-3.1));
#2739 = VECTOR('',#2740,1.);
#2740 = DIRECTION('',(-2.692686352073E-17,-0.242535625036,0.970142500145
    ));
#2741 = PLANE('',#2742);
#2742 = AXIS2_PLACEMENT_3D('',#2743,#2744,#2745);
#2743 = CARTESIAN_POINT('',(0.1,-2.54,3.911477598424));
#2744 = DIRECTION('',(-1.,1.110223024625E-16,0.));
#2745 = DIRECTION('',(0.,0.,1.));
#2746 = ADVANCED_FACE('',(#2747),#2758,.T.);
#2747 = FACE_BOUND('',#2748,.T.);
#2748 = EDGE_LOOP('',(#2749,#2755,#2756,#2757));
#2749 = ORIENTED_EDGE('',*,*,#2750,.F.);
#2750 = EDGE_CURVE('',#1007,#1031,#2751,.T.);
#2751 = LINE('',#2752,#2753);
#2752 = CARTESIAN_POINT('',(-0.1,-2.24,0.2));
#2753 = VECTOR('',#2754,1.);
#2754 = DIRECTION('',(1.,-1.110223024625E-16,0.));
#2755 = ORIENTED_EDGE('',*,*,#1014,.T.);
#2756 = ORIENTED_EDGE('',*,*,#1022,.T.);
#2757 = ORIENTED_EDGE('',*,*,#1030,.T.);
#2758 = PLANE('',#2759);
#2759 = AXIS2_PLACEMENT_3D('',#2760,#2761,#2762);
#2760 = CARTESIAN_POINT('',(-0.1,-2.84,0.2));
#2761 = DIRECTION('',(0.,-0.,-1.));
#2762 = DIRECTION('',(-1.110223024625E-16,-1.,0.));
#2763 = ADVANCED_FACE('',(#2764),#2805,.T.);
#2764 = FACE_BOUND('',#2765,.T.);
#2765 = EDGE_LOOP('',(#2766,#2774,#2775,#2783,#2791,#2799));
#2766 = ORIENTED_EDGE('',*,*,#2767,.T.);
#2767 = EDGE_CURVE('',#2768,#999,#2770,.T.);
#2768 = VERTEX_POINT('',#2769);
#2769 = CARTESIAN_POINT('',(-0.1,-2.84,-2.5));
#2770 = LINE('',#2771,#2772);
#2771 = CARTESIAN_POINT('',(-0.1,-2.84,-2.5));
#2772 = VECTOR('',#2773,1.);
#2773 = DIRECTION('',(0.,0.,1.));
#2774 = ORIENTED_EDGE('',*,*,#1006,.F.);
#2775 = ORIENTED_EDGE('',*,*,#2776,.T.);
#2776 = EDGE_CURVE('',#1007,#2777,#2779,.T.);
#2777 = VERTEX_POINT('',#2778);
#2778 = CARTESIAN_POINT('',(-0.1,-2.24,-2.5));
#2779 = LINE('',#2780,#2781);
#2780 = CARTESIAN_POINT('',(-0.1,-2.24,0.2));
#2781 = VECTOR('',#2782,1.);
#2782 = DIRECTION('',(0.,0.,-1.));
#2783 = ORIENTED_EDGE('',*,*,#2784,.T.);
#2784 = EDGE_CURVE('',#2777,#2785,#2787,.T.);
#2785 = VERTEX_POINT('',#2786);
#2786 = CARTESIAN_POINT('',(-0.1,-2.39,-3.1));
#2787 = LINE('',#2788,#2789);
#2788 = CARTESIAN_POINT('',(-0.1,-2.24,-2.5));
#2789 = VECTOR('',#2790,1.);
#2790 = DIRECTION('',(-2.692686352073E-17,-0.242535625036,
    -0.970142500145));
#2791 = ORIENTED_EDGE('',*,*,#2792,.F.);
#2792 = EDGE_CURVE('',#2793,#2785,#2795,.T.);
#2793 = VERTEX_POINT('',#2794);
#2794 = CARTESIAN_POINT('',(-0.1,-2.69,-3.1));
#2795 = LINE('',#2796,#2797);
#2796 = CARTESIAN_POINT('',(-0.1,-2.69,-3.1));
#2797 = VECTOR('',#2798,1.);
#2798 = DIRECTION('',(1.110223024625E-16,1.,0.));
#2799 = ORIENTED_EDGE('',*,*,#2800,.T.);
#2800 = EDGE_CURVE('',#2793,#2768,#2801,.T.);
#2801 = LINE('',#2802,#2803);
#2802 = CARTESIAN_POINT('',(-0.1,-2.69,-3.1));
#2803 = VECTOR('',#2804,1.);
#2804 = DIRECTION('',(-2.692686352073E-17,-0.242535625036,0.970142500145
    ));
#2805 = PLANE('',#2806);
#2806 = AXIS2_PLACEMENT_3D('',#2807,#2808,#2809);
#2807 = CARTESIAN_POINT('',(-0.1,-2.54,3.911477598424));
#2808 = DIRECTION('',(-1.,1.110223024625E-16,0.));
#2809 = DIRECTION('',(0.,0.,1.));
#2810 = ADVANCED_FACE('',(#2811),#2822,.T.);
#2811 = FACE_BOUND('',#2812,.T.);
#2812 = EDGE_LOOP('',(#2813,#2814,#2815,#2821));
#2813 = ORIENTED_EDGE('',*,*,#1054,.F.);
#2814 = ORIENTED_EDGE('',*,*,#1064,.T.);
#2815 = ORIENTED_EDGE('',*,*,#2816,.T.);
#2816 = EDGE_CURVE('',#1065,#1105,#2817,.T.);
#2817 = LINE('',#2818,#2819);
#2818 = CARTESIAN_POINT('',(-0.1,-0.3,0.2));
#2819 = VECTOR('',#2820,1.);
#2820 = DIRECTION('',(1.,-1.110223024625E-16,0.));
#2821 = ORIENTED_EDGE('',*,*,#1112,.T.);
#2822 = PLANE('',#2823);
#2823 = AXIS2_PLACEMENT_3D('',#2824,#2825,#2826);
#2824 = CARTESIAN_POINT('',(-0.1,-0.3,0.2));
#2825 = DIRECTION('',(0.,-0.,-1.));
#2826 = DIRECTION('',(-1.110223024625E-16,-1.,0.));
#2827 = ADVANCED_FACE('',(#2828),#2869,.F.);
#2828 = FACE_BOUND('',#2829,.F.);
#2829 = EDGE_LOOP('',(#2830,#2838,#2839,#2847,#2855,#2863));
#2830 = ORIENTED_EDGE('',*,*,#2831,.T.);
#2831 = EDGE_CURVE('',#2832,#1105,#2834,.T.);
#2832 = VERTEX_POINT('',#2833);
#2833 = CARTESIAN_POINT('',(0.1,-0.3,-2.5));
#2834 = LINE('',#2835,#2836);
#2835 = CARTESIAN_POINT('',(0.1,-0.3,-2.5));
#2836 = VECTOR('',#2837,1.);
#2837 = DIRECTION('',(0.,0.,1.));
#2838 = ORIENTED_EDGE('',*,*,#1104,.F.);
#2839 = ORIENTED_EDGE('',*,*,#2840,.T.);
#2840 = EDGE_CURVE('',#1097,#2841,#2843,.T.);
#2841 = VERTEX_POINT('',#2842);
#2842 = CARTESIAN_POINT('',(0.1,0.3,-2.5));
#2843 = LINE('',#2844,#2845);
#2844 = CARTESIAN_POINT('',(0.1,0.3,0.2));
#2845 = VECTOR('',#2846,1.);
#2846 = DIRECTION('',(0.,0.,-1.));
#2847 = ORIENTED_EDGE('',*,*,#2848,.T.);
#2848 = EDGE_CURVE('',#2841,#2849,#2851,.T.);
#2849 = VERTEX_POINT('',#2850);
#2850 = CARTESIAN_POINT('',(0.1,0.15,-3.1));
#2851 = LINE('',#2852,#2853);
#2852 = CARTESIAN_POINT('',(0.1,0.3,-2.5));
#2853 = VECTOR('',#2854,1.);
#2854 = DIRECTION('',(-2.692686352073E-17,-0.242535625036,
    -0.970142500145));
#2855 = ORIENTED_EDGE('',*,*,#2856,.T.);
#2856 = EDGE_CURVE('',#2849,#2857,#2859,.T.);
#2857 = VERTEX_POINT('',#2858);
#2858 = CARTESIAN_POINT('',(0.1,-0.15,-3.1));
#2859 = LINE('',#2860,#2861);
#2860 = CARTESIAN_POINT('',(0.1,0.15,-3.1));
#2861 = VECTOR('',#2862,1.);
#2862 = DIRECTION('',(-1.110223024625E-16,-1.,0.));
#2863 = ORIENTED_EDGE('',*,*,#2864,.T.);
#2864 = EDGE_CURVE('',#2857,#2832,#2865,.T.);
#2865 = LINE('',#2866,#2867);
#2866 = CARTESIAN_POINT('',(0.1,-0.15,-3.1));
#2867 = VECTOR('',#2868,1.);
#2868 = DIRECTION('',(-2.692686352073E-17,-0.242535625036,0.970142500145
    ));
#2869 = PLANE('',#2870);
#2870 = AXIS2_PLACEMENT_3D('',#2871,#2872,#2873);
#2871 = CARTESIAN_POINT('',(0.1,-1.110223024625E-17,3.911477598424));
#2872 = DIRECTION('',(-1.,1.110223024625E-16,0.));
#2873 = DIRECTION('',(0.,0.,1.));
#2874 = ADVANCED_FACE('',(#2875),#2886,.T.);
#2875 = FACE_BOUND('',#2876,.T.);
#2876 = EDGE_LOOP('',(#2877,#2883,#2884,#2885));
#2877 = ORIENTED_EDGE('',*,*,#2878,.F.);
#2878 = EDGE_CURVE('',#1073,#1097,#2879,.T.);
#2879 = LINE('',#2880,#2881);
#2880 = CARTESIAN_POINT('',(-0.1,0.3,0.2));
#2881 = VECTOR('',#2882,1.);
#2882 = DIRECTION('',(1.,-1.110223024625E-16,0.));
#2883 = ORIENTED_EDGE('',*,*,#1080,.T.);
#2884 = ORIENTED_EDGE('',*,*,#1088,.T.);
#2885 = ORIENTED_EDGE('',*,*,#1096,.T.);
#2886 = PLANE('',#2887);
#2887 = AXIS2_PLACEMENT_3D('',#2888,#2889,#2890);
#2888 = CARTESIAN_POINT('',(-0.1,-0.3,0.2));
#2889 = DIRECTION('',(0.,-0.,-1.));
#2890 = DIRECTION('',(-1.110223024625E-16,-1.,0.));
#2891 = ADVANCED_FACE('',(#2892),#2933,.T.);
#2892 = FACE_BOUND('',#2893,.T.);
#2893 = EDGE_LOOP('',(#2894,#2902,#2903,#2911,#2919,#2927));
#2894 = ORIENTED_EDGE('',*,*,#2895,.T.);
#2895 = EDGE_CURVE('',#2896,#1065,#2898,.T.);
#2896 = VERTEX_POINT('',#2897);
#2897 = CARTESIAN_POINT('',(-0.1,-0.3,-2.5));
#2898 = LINE('',#2899,#2900);
#2899 = CARTESIAN_POINT('',(-0.1,-0.3,-2.5));
#2900 = VECTOR('',#2901,1.);
#2901 = DIRECTION('',(0.,0.,1.));
#2902 = ORIENTED_EDGE('',*,*,#1072,.F.);
#2903 = ORIENTED_EDGE('',*,*,#2904,.T.);
#2904 = EDGE_CURVE('',#1073,#2905,#2907,.T.);
#2905 = VERTEX_POINT('',#2906);
#2906 = CARTESIAN_POINT('',(-0.1,0.3,-2.5));
#2907 = LINE('',#2908,#2909);
#2908 = CARTESIAN_POINT('',(-0.1,0.3,0.2));
#2909 = VECTOR('',#2910,1.);
#2910 = DIRECTION('',(0.,0.,-1.));
#2911 = ORIENTED_EDGE('',*,*,#2912,.T.);
#2912 = EDGE_CURVE('',#2905,#2913,#2915,.T.);
#2913 = VERTEX_POINT('',#2914);
#2914 = CARTESIAN_POINT('',(-0.1,0.15,-3.1));
#2915 = LINE('',#2916,#2917);
#2916 = CARTESIAN_POINT('',(-0.1,0.3,-2.5));
#2917 = VECTOR('',#2918,1.);
#2918 = DIRECTION('',(-2.692686352073E-17,-0.242535625036,
    -0.970142500145));
#2919 = ORIENTED_EDGE('',*,*,#2920,.F.);
#2920 = EDGE_CURVE('',#2921,#2913,#2923,.T.);
#2921 = VERTEX_POINT('',#2922);
#2922 = CARTESIAN_POINT('',(-0.1,-0.15,-3.1));
#2923 = LINE('',#2924,#2925);
#2924 = CARTESIAN_POINT('',(-0.1,-0.15,-3.1));
#2925 = VECTOR('',#2926,1.);
#2926 = DIRECTION('',(1.110223024625E-16,1.,0.));
#2927 = ORIENTED_EDGE('',*,*,#2928,.T.);
#2928 = EDGE_CURVE('',#2921,#2896,#2929,.T.);
#2929 = LINE('',#2930,#2931);
#2930 = CARTESIAN_POINT('',(-0.1,-0.15,-3.1));
#2931 = VECTOR('',#2932,1.);
#2932 = DIRECTION('',(-2.692686352073E-17,-0.242535625036,0.970142500145
    ));
#2933 = PLANE('',#2934);
#2934 = AXIS2_PLACEMENT_3D('',#2935,#2936,#2937);
#2935 = CARTESIAN_POINT('',(-0.1,1.110223024625E-17,3.911477598424));
#2936 = DIRECTION('',(-1.,1.110223024625E-16,0.));
#2937 = DIRECTION('',(0.,0.,1.));
#2938 = ADVANCED_FACE('',(#2939),#2964,.F.);
#2939 = FACE_BOUND('',#2940,.F.);
#2940 = EDGE_LOOP('',(#2941,#2949,#2957,#2963));
#2941 = ORIENTED_EDGE('',*,*,#2942,.T.);
#2942 = EDGE_CURVE('',#1151,#2943,#2945,.T.);
#2943 = VERTEX_POINT('',#2944);
#2944 = CARTESIAN_POINT('',(0.3,-18.08,0.9));
#2945 = LINE('',#2946,#2947);
#2946 = CARTESIAN_POINT('',(0.3,-18.08,8.2));
#2947 = VECTOR('',#2948,1.);
#2948 = DIRECTION('',(0.,-0.,-1.));
#2949 = ORIENTED_EDGE('',*,*,#2950,.T.);
#2950 = EDGE_CURVE('',#2943,#2951,#2953,.T.);
#2951 = VERTEX_POINT('',#2952);
#2952 = CARTESIAN_POINT('',(0.3,-17.48,0.9));
#2953 = LINE('',#2954,#2955);
#2954 = CARTESIAN_POINT('',(0.3,-18.08,0.9));
#2955 = VECTOR('',#2956,1.);
#2956 = DIRECTION('',(1.110223024625E-16,1.,0.));
#2957 = ORIENTED_EDGE('',*,*,#2958,.F.);
#2958 = EDGE_CURVE('',#1160,#2951,#2959,.T.);
#2959 = LINE('',#2960,#2961);
#2960 = CARTESIAN_POINT('',(0.3,-17.48,8.2));
#2961 = VECTOR('',#2962,1.);
#2962 = DIRECTION('',(0.,-0.,-1.));
#2963 = ORIENTED_EDGE('',*,*,#1167,.F.);
#2964 = PLANE('',#2965);
#2965 = AXIS2_PLACEMENT_3D('',#2966,#2967,#2968);
#2966 = CARTESIAN_POINT('',(0.3,-18.08,8.2));
#2967 = DIRECTION('',(1.,-1.110223024625E-16,0.));
#2968 = DIRECTION('',(1.110223024625E-16,1.,0.));
#2969 = ADVANCED_FACE('',(#2970),#3020,.F.);
#2970 = FACE_BOUND('',#2971,.F.);
#2971 = EDGE_LOOP('',(#2972,#2973,#2974,#2982,#2990,#2998,#3006,#3014));
#2972 = ORIENTED_EDGE('',*,*,#1191,.F.);
#2973 = ORIENTED_EDGE('',*,*,#2958,.T.);
#2974 = ORIENTED_EDGE('',*,*,#2975,.T.);
#2975 = EDGE_CURVE('',#2951,#2976,#2978,.T.);
#2976 = VERTEX_POINT('',#2977);
#2977 = CARTESIAN_POINT('',(0.1,-17.48,0.9));
#2978 = LINE('',#2979,#2980);
#2979 = CARTESIAN_POINT('',(0.3,-17.48,0.9));
#2980 = VECTOR('',#2981,1.);
#2981 = DIRECTION('',(-1.,1.110223024625E-16,0.));
#2982 = ORIENTED_EDGE('',*,*,#2983,.T.);
#2983 = EDGE_CURVE('',#2976,#2984,#2986,.T.);
#2984 = VERTEX_POINT('',#2985);
#2985 = CARTESIAN_POINT('',(0.1,-17.48,7.4));
#2986 = LINE('',#2987,#2988);
#2987 = CARTESIAN_POINT('',(0.1,-17.48,6.055738799212));
#2988 = VECTOR('',#2989,1.);
#2989 = DIRECTION('',(0.,-0.,1.));
#2990 = ORIENTED_EDGE('',*,*,#2991,.F.);
#2991 = EDGE_CURVE('',#2992,#2984,#2994,.T.);
#2992 = VERTEX_POINT('',#2993);
#2993 = CARTESIAN_POINT('',(-0.1,-17.48,7.4));
#2994 = LINE('',#2995,#2996);
#2995 = CARTESIAN_POINT('',(-0.1,-17.48,7.4));
#2996 = VECTOR('',#2997,1.);
#2997 = DIRECTION('',(1.,-1.110223024625E-16,0.));
#2998 = ORIENTED_EDGE('',*,*,#2999,.F.);
#2999 = EDGE_CURVE('',#3000,#2992,#3002,.T.);
#3000 = VERTEX_POINT('',#3001);
#3001 = CARTESIAN_POINT('',(-0.1,-17.48,0.9));
#3002 = LINE('',#3003,#3004);
#3003 = CARTESIAN_POINT('',(-0.1,-17.48,6.055738799212));
#3004 = VECTOR('',#3005,1.);
#3005 = DIRECTION('',(0.,-0.,1.));
#3006 = ORIENTED_EDGE('',*,*,#3007,.T.);
#3007 = EDGE_CURVE('',#3000,#3008,#3010,.T.);
#3008 = VERTEX_POINT('',#3009);
#3009 = CARTESIAN_POINT('',(-0.3,-17.48,0.9));
#3010 = LINE('',#3011,#3012);
#3011 = CARTESIAN_POINT('',(0.3,-17.48,0.9));
#3012 = VECTOR('',#3013,1.);
#3013 = DIRECTION('',(-1.,1.110223024625E-16,0.));
#3014 = ORIENTED_EDGE('',*,*,#3015,.F.);
#3015 = EDGE_CURVE('',#1184,#3008,#3016,.T.);
#3016 = LINE('',#3017,#3018);
#3017 = CARTESIAN_POINT('',(-0.3,-17.48,8.2));
#3018 = VECTOR('',#3019,1.);
#3019 = DIRECTION('',(0.,-0.,-1.));
#3020 = PLANE('',#3021);
#3021 = AXIS2_PLACEMENT_3D('',#3022,#3023,#3024);
#3022 = CARTESIAN_POINT('',(0.3,-17.48,8.2));
#3023 = DIRECTION('',(1.110223024625E-16,1.,0.));
#3024 = DIRECTION('',(-1.,1.110223024625E-16,0.));
#3025 = ADVANCED_FACE('',(#3026),#3044,.F.);
#3026 = FACE_BOUND('',#3027,.F.);
#3027 = EDGE_LOOP('',(#3028,#3029,#3037,#3043));
#3028 = ORIENTED_EDGE('',*,*,#3015,.T.);
#3029 = ORIENTED_EDGE('',*,*,#3030,.T.);
#3030 = EDGE_CURVE('',#3008,#3031,#3033,.T.);
#3031 = VERTEX_POINT('',#3032);
#3032 = CARTESIAN_POINT('',(-0.3,-18.08,0.9));
#3033 = LINE('',#3034,#3035);
#3034 = CARTESIAN_POINT('',(-0.3,-17.48,0.9));
#3035 = VECTOR('',#3036,1.);
#3036 = DIRECTION('',(-1.110223024625E-16,-1.,0.));
#3037 = ORIENTED_EDGE('',*,*,#3038,.F.);
#3038 = EDGE_CURVE('',#1208,#3031,#3039,.T.);
#3039 = LINE('',#3040,#3041);
#3040 = CARTESIAN_POINT('',(-0.3,-18.08,8.2));
#3041 = VECTOR('',#3042,1.);
#3042 = DIRECTION('',(0.,-0.,-1.));
#3043 = ORIENTED_EDGE('',*,*,#1215,.F.);
#3044 = PLANE('',#3045);
#3045 = AXIS2_PLACEMENT_3D('',#3046,#3047,#3048);
#3046 = CARTESIAN_POINT('',(-0.3,-17.48,8.2));
#3047 = DIRECTION('',(-1.,1.110223024625E-16,0.));
#3048 = DIRECTION('',(-1.110223024625E-16,-1.,0.));
#3049 = ADVANCED_FACE('',(#3050),#3093,.F.);
#3050 = FACE_BOUND('',#3051,.F.);
#3051 = EDGE_LOOP('',(#3052,#3053,#3054,#3062,#3070,#3078,#3086,#3092));
#3052 = ORIENTED_EDGE('',*,*,#1232,.F.);
#3053 = ORIENTED_EDGE('',*,*,#3038,.T.);
#3054 = ORIENTED_EDGE('',*,*,#3055,.T.);
#3055 = EDGE_CURVE('',#3031,#3056,#3058,.T.);
#3056 = VERTEX_POINT('',#3057);
#3057 = CARTESIAN_POINT('',(-0.1,-18.08,0.9));
#3058 = LINE('',#3059,#3060);
#3059 = CARTESIAN_POINT('',(-0.3,-18.08,0.9));
#3060 = VECTOR('',#3061,1.);
#3061 = DIRECTION('',(1.,-1.110223024625E-16,0.));
#3062 = ORIENTED_EDGE('',*,*,#3063,.F.);
#3063 = EDGE_CURVE('',#3064,#3056,#3066,.T.);
#3064 = VERTEX_POINT('',#3065);
#3065 = CARTESIAN_POINT('',(-0.1,-18.08,7.4));
#3066 = LINE('',#3067,#3068);
#3067 = CARTESIAN_POINT('',(-0.1,-18.08,6.055738799212));
#3068 = VECTOR('',#3069,1.);
#3069 = DIRECTION('',(-0.,0.,-1.));
#3070 = ORIENTED_EDGE('',*,*,#3071,.T.);
#3071 = EDGE_CURVE('',#3064,#3072,#3074,.T.);
#3072 = VERTEX_POINT('',#3073);
#3073 = CARTESIAN_POINT('',(0.1,-18.08,7.4));
#3074 = LINE('',#3075,#3076);
#3075 = CARTESIAN_POINT('',(-0.1,-18.08,7.4));
#3076 = VECTOR('',#3077,1.);
#3077 = DIRECTION('',(1.,-1.110223024625E-16,0.));
#3078 = ORIENTED_EDGE('',*,*,#3079,.T.);
#3079 = EDGE_CURVE('',#3072,#3080,#3082,.T.);
#3080 = VERTEX_POINT('',#3081);
#3081 = CARTESIAN_POINT('',(0.1,-18.08,0.9));
#3082 = LINE('',#3083,#3084);
#3083 = CARTESIAN_POINT('',(0.1,-18.08,6.055738799212));
#3084 = VECTOR('',#3085,1.);
#3085 = DIRECTION('',(-0.,0.,-1.));
#3086 = ORIENTED_EDGE('',*,*,#3087,.T.);
#3087 = EDGE_CURVE('',#3080,#2943,#3088,.T.);
#3088 = LINE('',#3089,#3090);
#3089 = CARTESIAN_POINT('',(-0.3,-18.08,0.9));
#3090 = VECTOR('',#3091,1.);
#3091 = DIRECTION('',(1.,-1.110223024625E-16,0.));
#3092 = ORIENTED_EDGE('',*,*,#2942,.F.);
#3093 = PLANE('',#3094);
#3094 = AXIS2_PLACEMENT_3D('',#3095,#3096,#3097);
#3095 = CARTESIAN_POINT('',(-0.3,-18.08,8.2));
#3096 = DIRECTION('',(-1.110223024625E-16,-1.,0.));
#3097 = DIRECTION('',(1.,-1.110223024625E-16,0.));
#3098 = ADVANCED_FACE('',(#3099),#3124,.F.);
#3099 = FACE_BOUND('',#3100,.F.);
#3100 = EDGE_LOOP('',(#3101,#3109,#3117,#3123));
#3101 = ORIENTED_EDGE('',*,*,#3102,.T.);
#3102 = EDGE_CURVE('',#1247,#3103,#3105,.T.);
#3103 = VERTEX_POINT('',#3104);
#3104 = CARTESIAN_POINT('',(0.3,-15.54,0.9));
#3105 = LINE('',#3106,#3107);
#3106 = CARTESIAN_POINT('',(0.3,-15.54,8.2));
#3107 = VECTOR('',#3108,1.);
#3108 = DIRECTION('',(0.,-0.,-1.));
#3109 = ORIENTED_EDGE('',*,*,#3110,.T.);
#3110 = EDGE_CURVE('',#3103,#3111,#3113,.T.);
#3111 = VERTEX_POINT('',#3112);
#3112 = CARTESIAN_POINT('',(0.3,-14.94,0.9));
#3113 = LINE('',#3114,#3115);
#3114 = CARTESIAN_POINT('',(0.3,-15.54,0.9));
#3115 = VECTOR('',#3116,1.);
#3116 = DIRECTION('',(1.110223024625E-16,1.,0.));
#3117 = ORIENTED_EDGE('',*,*,#3118,.F.);
#3118 = EDGE_CURVE('',#1256,#3111,#3119,.T.);
#3119 = LINE('',#3120,#3121);
#3120 = CARTESIAN_POINT('',(0.3,-14.94,8.2));
#3121 = VECTOR('',#3122,1.);
#3122 = DIRECTION('',(0.,-0.,-1.));
#3123 = ORIENTED_EDGE('',*,*,#1263,.F.);
#3124 = PLANE('',#3125);
#3125 = AXIS2_PLACEMENT_3D('',#3126,#3127,#3128);
#3126 = CARTESIAN_POINT('',(0.3,-15.54,8.2));
#3127 = DIRECTION('',(1.,-1.110223024625E-16,0.));
#3128 = DIRECTION('',(1.110223024625E-16,1.,0.));
#3129 = ADVANCED_FACE('',(#3130),#3180,.F.);
#3130 = FACE_BOUND('',#3131,.F.);
#3131 = EDGE_LOOP('',(#3132,#3133,#3134,#3142,#3150,#3158,#3166,#3174));
#3132 = ORIENTED_EDGE('',*,*,#1287,.F.);
#3133 = ORIENTED_EDGE('',*,*,#3118,.T.);
#3134 = ORIENTED_EDGE('',*,*,#3135,.T.);
#3135 = EDGE_CURVE('',#3111,#3136,#3138,.T.);
#3136 = VERTEX_POINT('',#3137);
#3137 = CARTESIAN_POINT('',(0.1,-14.94,0.9));
#3138 = LINE('',#3139,#3140);
#3139 = CARTESIAN_POINT('',(0.3,-14.94,0.9));
#3140 = VECTOR('',#3141,1.);
#3141 = DIRECTION('',(-1.,1.110223024625E-16,0.));
#3142 = ORIENTED_EDGE('',*,*,#3143,.T.);
#3143 = EDGE_CURVE('',#3136,#3144,#3146,.T.);
#3144 = VERTEX_POINT('',#3145);
#3145 = CARTESIAN_POINT('',(0.1,-14.94,7.4));
#3146 = LINE('',#3147,#3148);
#3147 = CARTESIAN_POINT('',(0.1,-14.94,6.055738799212));
#3148 = VECTOR('',#3149,1.);
#3149 = DIRECTION('',(0.,-0.,1.));
#3150 = ORIENTED_EDGE('',*,*,#3151,.F.);
#3151 = EDGE_CURVE('',#3152,#3144,#3154,.T.);
#3152 = VERTEX_POINT('',#3153);
#3153 = CARTESIAN_POINT('',(-0.1,-14.94,7.4));
#3154 = LINE('',#3155,#3156);
#3155 = CARTESIAN_POINT('',(-0.1,-14.94,7.4));
#3156 = VECTOR('',#3157,1.);
#3157 = DIRECTION('',(1.,-1.110223024625E-16,0.));
#3158 = ORIENTED_EDGE('',*,*,#3159,.F.);
#3159 = EDGE_CURVE('',#3160,#3152,#3162,.T.);
#3160 = VERTEX_POINT('',#3161);
#3161 = CARTESIAN_POINT('',(-0.1,-14.94,0.9));
#3162 = LINE('',#3163,#3164);
#3163 = CARTESIAN_POINT('',(-0.1,-14.94,6.055738799212));
#3164 = VECTOR('',#3165,1.);
#3165 = DIRECTION('',(0.,-0.,1.));
#3166 = ORIENTED_EDGE('',*,*,#3167,.T.);
#3167 = EDGE_CURVE('',#3160,#3168,#3170,.T.);
#3168 = VERTEX_POINT('',#3169);
#3169 = CARTESIAN_POINT('',(-0.3,-14.94,0.9));
#3170 = LINE('',#3171,#3172);
#3171 = CARTESIAN_POINT('',(0.3,-14.94,0.9));
#3172 = VECTOR('',#3173,1.);
#3173 = DIRECTION('',(-1.,1.110223024625E-16,0.));
#3174 = ORIENTED_EDGE('',*,*,#3175,.F.);
#3175 = EDGE_CURVE('',#1280,#3168,#3176,.T.);
#3176 = LINE('',#3177,#3178);
#3177 = CARTESIAN_POINT('',(-0.3,-14.94,8.2));
#3178 = VECTOR('',#3179,1.);
#3179 = DIRECTION('',(0.,-0.,-1.));
#3180 = PLANE('',#3181);
#3181 = AXIS2_PLACEMENT_3D('',#3182,#3183,#3184);
#3182 = CARTESIAN_POINT('',(0.3,-14.94,8.2));
#3183 = DIRECTION('',(1.110223024625E-16,1.,0.));
#3184 = DIRECTION('',(-1.,1.110223024625E-16,0.));
#3185 = ADVANCED_FACE('',(#3186),#3204,.F.);
#3186 = FACE_BOUND('',#3187,.F.);
#3187 = EDGE_LOOP('',(#3188,#3189,#3197,#3203));
#3188 = ORIENTED_EDGE('',*,*,#3175,.T.);
#3189 = ORIENTED_EDGE('',*,*,#3190,.T.);
#3190 = EDGE_CURVE('',#3168,#3191,#3193,.T.);
#3191 = VERTEX_POINT('',#3192);
#3192 = CARTESIAN_POINT('',(-0.3,-15.54,0.9));
#3193 = LINE('',#3194,#3195);
#3194 = CARTESIAN_POINT('',(-0.3,-14.94,0.9));
#3195 = VECTOR('',#3196,1.);
#3196 = DIRECTION('',(-1.110223024625E-16,-1.,0.));
#3197 = ORIENTED_EDGE('',*,*,#3198,.F.);
#3198 = EDGE_CURVE('',#1304,#3191,#3199,.T.);
#3199 = LINE('',#3200,#3201);
#3200 = CARTESIAN_POINT('',(-0.3,-15.54,8.2));
#3201 = VECTOR('',#3202,1.);
#3202 = DIRECTION('',(0.,-0.,-1.));
#3203 = ORIENTED_EDGE('',*,*,#1311,.F.);
#3204 = PLANE('',#3205);
#3205 = AXIS2_PLACEMENT_3D('',#3206,#3207,#3208);
#3206 = CARTESIAN_POINT('',(-0.3,-14.94,8.2));
#3207 = DIRECTION('',(-1.,1.110223024625E-16,0.));
#3208 = DIRECTION('',(-1.110223024625E-16,-1.,0.));
#3209 = ADVANCED_FACE('',(#3210),#3253,.F.);
#3210 = FACE_BOUND('',#3211,.F.);
#3211 = EDGE_LOOP('',(#3212,#3213,#3214,#3222,#3230,#3238,#3246,#3252));
#3212 = ORIENTED_EDGE('',*,*,#1328,.F.);
#3213 = ORIENTED_EDGE('',*,*,#3198,.T.);
#3214 = ORIENTED_EDGE('',*,*,#3215,.T.);
#3215 = EDGE_CURVE('',#3191,#3216,#3218,.T.);
#3216 = VERTEX_POINT('',#3217);
#3217 = CARTESIAN_POINT('',(-0.1,-15.54,0.9));
#3218 = LINE('',#3219,#3220);
#3219 = CARTESIAN_POINT('',(-0.3,-15.54,0.9));
#3220 = VECTOR('',#3221,1.);
#3221 = DIRECTION('',(1.,-1.110223024625E-16,0.));
#3222 = ORIENTED_EDGE('',*,*,#3223,.F.);
#3223 = EDGE_CURVE('',#3224,#3216,#3226,.T.);
#3224 = VERTEX_POINT('',#3225);
#3225 = CARTESIAN_POINT('',(-0.1,-15.54,7.4));
#3226 = LINE('',#3227,#3228);
#3227 = CARTESIAN_POINT('',(-0.1,-15.54,6.055738799212));
#3228 = VECTOR('',#3229,1.);
#3229 = DIRECTION('',(-0.,0.,-1.));
#3230 = ORIENTED_EDGE('',*,*,#3231,.T.);
#3231 = EDGE_CURVE('',#3224,#3232,#3234,.T.);
#3232 = VERTEX_POINT('',#3233);
#3233 = CARTESIAN_POINT('',(0.1,-15.54,7.4));
#3234 = LINE('',#3235,#3236);
#3235 = CARTESIAN_POINT('',(-0.1,-15.54,7.4));
#3236 = VECTOR('',#3237,1.);
#3237 = DIRECTION('',(1.,-1.110223024625E-16,0.));
#3238 = ORIENTED_EDGE('',*,*,#3239,.T.);
#3239 = EDGE_CURVE('',#3232,#3240,#3242,.T.);
#3240 = VERTEX_POINT('',#3241);
#3241 = CARTESIAN_POINT('',(0.1,-15.54,0.9));
#3242 = LINE('',#3243,#3244);
#3243 = CARTESIAN_POINT('',(0.1,-15.54,6.055738799212));
#3244 = VECTOR('',#3245,1.);
#3245 = DIRECTION('',(-0.,0.,-1.));
#3246 = ORIENTED_EDGE('',*,*,#3247,.T.);
#3247 = EDGE_CURVE('',#3240,#3103,#3248,.T.);
#3248 = LINE('',#3249,#3250);
#3249 = CARTESIAN_POINT('',(-0.3,-15.54,0.9));
#3250 = VECTOR('',#3251,1.);
#3251 = DIRECTION('',(1.,-1.110223024625E-16,0.));
#3252 = ORIENTED_EDGE('',*,*,#3102,.F.);
#3253 = PLANE('',#3254);
#3254 = AXIS2_PLACEMENT_3D('',#3255,#3256,#3257);
#3255 = CARTESIAN_POINT('',(-0.3,-15.54,8.2));
#3256 = DIRECTION('',(-1.110223024625E-16,-1.,0.));
#3257 = DIRECTION('',(1.,-1.110223024625E-16,0.));
#3258 = ADVANCED_FACE('',(#3259),#3284,.F.);
#3259 = FACE_BOUND('',#3260,.F.);
#3260 = EDGE_LOOP('',(#3261,#3269,#3277,#3283));
#3261 = ORIENTED_EDGE('',*,*,#3262,.T.);
#3262 = EDGE_CURVE('',#1343,#3263,#3265,.T.);
#3263 = VERTEX_POINT('',#3264);
#3264 = CARTESIAN_POINT('',(0.3,-13.,0.9));
#3265 = LINE('',#3266,#3267);
#3266 = CARTESIAN_POINT('',(0.3,-13.,8.2));
#3267 = VECTOR('',#3268,1.);
#3268 = DIRECTION('',(0.,-0.,-1.));
#3269 = ORIENTED_EDGE('',*,*,#3270,.T.);
#3270 = EDGE_CURVE('',#3263,#3271,#3273,.T.);
#3271 = VERTEX_POINT('',#3272);
#3272 = CARTESIAN_POINT('',(0.3,-12.4,0.9));
#3273 = LINE('',#3274,#3275);
#3274 = CARTESIAN_POINT('',(0.3,-13.,0.9));
#3275 = VECTOR('',#3276,1.);
#3276 = DIRECTION('',(1.110223024625E-16,1.,0.));
#3277 = ORIENTED_EDGE('',*,*,#3278,.F.);
#3278 = EDGE_CURVE('',#1352,#3271,#3279,.T.);
#3279 = LINE('',#3280,#3281);
#3280 = CARTESIAN_POINT('',(0.3,-12.4,8.2));
#3281 = VECTOR('',#3282,1.);
#3282 = DIRECTION('',(0.,-0.,-1.));
#3283 = ORIENTED_EDGE('',*,*,#1359,.F.);
#3284 = PLANE('',#3285);
#3285 = AXIS2_PLACEMENT_3D('',#3286,#3287,#3288);
#3286 = CARTESIAN_POINT('',(0.3,-13.,8.2));
#3287 = DIRECTION('',(1.,-1.110223024625E-16,0.));
#3288 = DIRECTION('',(1.110223024625E-16,1.,0.));
#3289 = ADVANCED_FACE('',(#3290),#3340,.F.);
#3290 = FACE_BOUND('',#3291,.F.);
#3291 = EDGE_LOOP('',(#3292,#3293,#3294,#3302,#3310,#3318,#3326,#3334));
#3292 = ORIENTED_EDGE('',*,*,#1383,.F.);
#3293 = ORIENTED_EDGE('',*,*,#3278,.T.);
#3294 = ORIENTED_EDGE('',*,*,#3295,.T.);
#3295 = EDGE_CURVE('',#3271,#3296,#3298,.T.);
#3296 = VERTEX_POINT('',#3297);
#3297 = CARTESIAN_POINT('',(0.1,-12.4,0.9));
#3298 = LINE('',#3299,#3300);
#3299 = CARTESIAN_POINT('',(0.3,-12.4,0.9));
#3300 = VECTOR('',#3301,1.);
#3301 = DIRECTION('',(-1.,1.110223024625E-16,0.));
#3302 = ORIENTED_EDGE('',*,*,#3303,.T.);
#3303 = EDGE_CURVE('',#3296,#3304,#3306,.T.);
#3304 = VERTEX_POINT('',#3305);
#3305 = CARTESIAN_POINT('',(0.1,-12.4,7.4));
#3306 = LINE('',#3307,#3308);
#3307 = CARTESIAN_POINT('',(0.1,-12.4,6.055738799212));
#3308 = VECTOR('',#3309,1.);
#3309 = DIRECTION('',(0.,-0.,1.));
#3310 = ORIENTED_EDGE('',*,*,#3311,.F.);
#3311 = EDGE_CURVE('',#3312,#3304,#3314,.T.);
#3312 = VERTEX_POINT('',#3313);
#3313 = CARTESIAN_POINT('',(-0.1,-12.4,7.4));
#3314 = LINE('',#3315,#3316);
#3315 = CARTESIAN_POINT('',(-0.1,-12.4,7.4));
#3316 = VECTOR('',#3317,1.);
#3317 = DIRECTION('',(1.,-1.110223024625E-16,0.));
#3318 = ORIENTED_EDGE('',*,*,#3319,.F.);
#3319 = EDGE_CURVE('',#3320,#3312,#3322,.T.);
#3320 = VERTEX_POINT('',#3321);
#3321 = CARTESIAN_POINT('',(-0.1,-12.4,0.9));
#3322 = LINE('',#3323,#3324);
#3323 = CARTESIAN_POINT('',(-0.1,-12.4,6.055738799212));
#3324 = VECTOR('',#3325,1.);
#3325 = DIRECTION('',(0.,-0.,1.));
#3326 = ORIENTED_EDGE('',*,*,#3327,.T.);
#3327 = EDGE_CURVE('',#3320,#3328,#3330,.T.);
#3328 = VERTEX_POINT('',#3329);
#3329 = CARTESIAN_POINT('',(-0.3,-12.4,0.9));
#3330 = LINE('',#3331,#3332);
#3331 = CARTESIAN_POINT('',(0.3,-12.4,0.9));
#3332 = VECTOR('',#3333,1.);
#3333 = DIRECTION('',(-1.,1.110223024625E-16,0.));
#3334 = ORIENTED_EDGE('',*,*,#3335,.F.);
#3335 = EDGE_CURVE('',#1376,#3328,#3336,.T.);
#3336 = LINE('',#3337,#3338);
#3337 = CARTESIAN_POINT('',(-0.3,-12.4,8.2));
#3338 = VECTOR('',#3339,1.);
#3339 = DIRECTION('',(0.,-0.,-1.));
#3340 = PLANE('',#3341);
#3341 = AXIS2_PLACEMENT_3D('',#3342,#3343,#3344);
#3342 = CARTESIAN_POINT('',(0.3,-12.4,8.2));
#3343 = DIRECTION('',(1.110223024625E-16,1.,0.));
#3344 = DIRECTION('',(-1.,1.110223024625E-16,0.));
#3345 = ADVANCED_FACE('',(#3346),#3364,.F.);
#3346 = FACE_BOUND('',#3347,.F.);
#3347 = EDGE_LOOP('',(#3348,#3349,#3357,#3363));
#3348 = ORIENTED_EDGE('',*,*,#3335,.T.);
#3349 = ORIENTED_EDGE('',*,*,#3350,.T.);
#3350 = EDGE_CURVE('',#3328,#3351,#3353,.T.);
#3351 = VERTEX_POINT('',#3352);
#3352 = CARTESIAN_POINT('',(-0.3,-13.,0.9));
#3353 = LINE('',#3354,#3355);
#3354 = CARTESIAN_POINT('',(-0.3,-12.4,0.9));
#3355 = VECTOR('',#3356,1.);
#3356 = DIRECTION('',(-1.110223024625E-16,-1.,0.));
#3357 = ORIENTED_EDGE('',*,*,#3358,.F.);
#3358 = EDGE_CURVE('',#1400,#3351,#3359,.T.);
#3359 = LINE('',#3360,#3361);
#3360 = CARTESIAN_POINT('',(-0.3,-13.,8.2));
#3361 = VECTOR('',#3362,1.);
#3362 = DIRECTION('',(0.,-0.,-1.));
#3363 = ORIENTED_EDGE('',*,*,#1407,.F.);
#3364 = PLANE('',#3365);
#3365 = AXIS2_PLACEMENT_3D('',#3366,#3367,#3368);
#3366 = CARTESIAN_POINT('',(-0.3,-12.4,8.2));
#3367 = DIRECTION('',(-1.,1.110223024625E-16,0.));
#3368 = DIRECTION('',(-1.110223024625E-16,-1.,0.));
#3369 = ADVANCED_FACE('',(#3370),#3413,.F.);
#3370 = FACE_BOUND('',#3371,.F.);
#3371 = EDGE_LOOP('',(#3372,#3373,#3374,#3382,#3390,#3398,#3406,#3412));
#3372 = ORIENTED_EDGE('',*,*,#1424,.F.);
#3373 = ORIENTED_EDGE('',*,*,#3358,.T.);
#3374 = ORIENTED_EDGE('',*,*,#3375,.T.);
#3375 = EDGE_CURVE('',#3351,#3376,#3378,.T.);
#3376 = VERTEX_POINT('',#3377);
#3377 = CARTESIAN_POINT('',(-0.1,-13.,0.9));
#3378 = LINE('',#3379,#3380);
#3379 = CARTESIAN_POINT('',(-0.3,-13.,0.9));
#3380 = VECTOR('',#3381,1.);
#3381 = DIRECTION('',(1.,-1.110223024625E-16,0.));
#3382 = ORIENTED_EDGE('',*,*,#3383,.F.);
#3383 = EDGE_CURVE('',#3384,#3376,#3386,.T.);
#3384 = VERTEX_POINT('',#3385);
#3385 = CARTESIAN_POINT('',(-0.1,-13.,7.4));
#3386 = LINE('',#3387,#3388);
#3387 = CARTESIAN_POINT('',(-0.1,-13.,6.055738799212));
#3388 = VECTOR('',#3389,1.);
#3389 = DIRECTION('',(-0.,0.,-1.));
#3390 = ORIENTED_EDGE('',*,*,#3391,.T.);
#3391 = EDGE_CURVE('',#3384,#3392,#3394,.T.);
#3392 = VERTEX_POINT('',#3393);
#3393 = CARTESIAN_POINT('',(0.1,-13.,7.4));
#3394 = LINE('',#3395,#3396);
#3395 = CARTESIAN_POINT('',(-0.1,-13.,7.4));
#3396 = VECTOR('',#3397,1.);
#3397 = DIRECTION('',(1.,-1.110223024625E-16,0.));
#3398 = ORIENTED_EDGE('',*,*,#3399,.T.);
#3399 = EDGE_CURVE('',#3392,#3400,#3402,.T.);
#3400 = VERTEX_POINT('',#3401);
#3401 = CARTESIAN_POINT('',(0.1,-13.,0.9));
#3402 = LINE('',#3403,#3404);
#3403 = CARTESIAN_POINT('',(0.1,-13.,6.055738799212));
#3404 = VECTOR('',#3405,1.);
#3405 = DIRECTION('',(-0.,0.,-1.));
#3406 = ORIENTED_EDGE('',*,*,#3407,.T.);
#3407 = EDGE_CURVE('',#3400,#3263,#3408,.T.);
#3408 = LINE('',#3409,#3410);
#3409 = CARTESIAN_POINT('',(-0.3,-13.,0.9));
#3410 = VECTOR('',#3411,1.);
#3411 = DIRECTION('',(1.,-1.110223024625E-16,0.));
#3412 = ORIENTED_EDGE('',*,*,#3262,.F.);
#3413 = PLANE('',#3414);
#3414 = AXIS2_PLACEMENT_3D('',#3415,#3416,#3417);
#3415 = CARTESIAN_POINT('',(-0.3,-13.,8.2));
#3416 = DIRECTION('',(-1.110223024625E-16,-1.,0.));
#3417 = DIRECTION('',(1.,-1.110223024625E-16,0.));
#3418 = ADVANCED_FACE('',(#3419),#3444,.F.);
#3419 = FACE_BOUND('',#3420,.F.);
#3420 = EDGE_LOOP('',(#3421,#3429,#3437,#3443));
#3421 = ORIENTED_EDGE('',*,*,#3422,.T.);
#3422 = EDGE_CURVE('',#1439,#3423,#3425,.T.);
#3423 = VERTEX_POINT('',#3424);
#3424 = CARTESIAN_POINT('',(0.3,-10.46,0.9));
#3425 = LINE('',#3426,#3427);
#3426 = CARTESIAN_POINT('',(0.3,-10.46,8.2));
#3427 = VECTOR('',#3428,1.);
#3428 = DIRECTION('',(0.,-0.,-1.));
#3429 = ORIENTED_EDGE('',*,*,#3430,.T.);
#3430 = EDGE_CURVE('',#3423,#3431,#3433,.T.);
#3431 = VERTEX_POINT('',#3432);
#3432 = CARTESIAN_POINT('',(0.3,-9.86,0.9));
#3433 = LINE('',#3434,#3435);
#3434 = CARTESIAN_POINT('',(0.3,-10.46,0.9));
#3435 = VECTOR('',#3436,1.);
#3436 = DIRECTION('',(1.110223024625E-16,1.,0.));
#3437 = ORIENTED_EDGE('',*,*,#3438,.F.);
#3438 = EDGE_CURVE('',#1448,#3431,#3439,.T.);
#3439 = LINE('',#3440,#3441);
#3440 = CARTESIAN_POINT('',(0.3,-9.86,8.2));
#3441 = VECTOR('',#3442,1.);
#3442 = DIRECTION('',(0.,-0.,-1.));
#3443 = ORIENTED_EDGE('',*,*,#1455,.F.);
#3444 = PLANE('',#3445);
#3445 = AXIS2_PLACEMENT_3D('',#3446,#3447,#3448);
#3446 = CARTESIAN_POINT('',(0.3,-10.46,8.2));
#3447 = DIRECTION('',(1.,-1.110223024625E-16,0.));
#3448 = DIRECTION('',(1.110223024625E-16,1.,0.));
#3449 = ADVANCED_FACE('',(#3450),#3500,.F.);
#3450 = FACE_BOUND('',#3451,.F.);
#3451 = EDGE_LOOP('',(#3452,#3453,#3454,#3462,#3470,#3478,#3486,#3494));
#3452 = ORIENTED_EDGE('',*,*,#1479,.F.);
#3453 = ORIENTED_EDGE('',*,*,#3438,.T.);
#3454 = ORIENTED_EDGE('',*,*,#3455,.T.);
#3455 = EDGE_CURVE('',#3431,#3456,#3458,.T.);
#3456 = VERTEX_POINT('',#3457);
#3457 = CARTESIAN_POINT('',(0.1,-9.86,0.9));
#3458 = LINE('',#3459,#3460);
#3459 = CARTESIAN_POINT('',(0.3,-9.86,0.9));
#3460 = VECTOR('',#3461,1.);
#3461 = DIRECTION('',(-1.,1.110223024625E-16,0.));
#3462 = ORIENTED_EDGE('',*,*,#3463,.T.);
#3463 = EDGE_CURVE('',#3456,#3464,#3466,.T.);
#3464 = VERTEX_POINT('',#3465);
#3465 = CARTESIAN_POINT('',(0.1,-9.86,7.4));
#3466 = LINE('',#3467,#3468);
#3467 = CARTESIAN_POINT('',(0.1,-9.86,6.055738799212));
#3468 = VECTOR('',#3469,1.);
#3469 = DIRECTION('',(0.,-0.,1.));
#3470 = ORIENTED_EDGE('',*,*,#3471,.F.);
#3471 = EDGE_CURVE('',#3472,#3464,#3474,.T.);
#3472 = VERTEX_POINT('',#3473);
#3473 = CARTESIAN_POINT('',(-0.1,-9.86,7.4));
#3474 = LINE('',#3475,#3476);
#3475 = CARTESIAN_POINT('',(-0.1,-9.86,7.4));
#3476 = VECTOR('',#3477,1.);
#3477 = DIRECTION('',(1.,-1.110223024625E-16,0.));
#3478 = ORIENTED_EDGE('',*,*,#3479,.F.);
#3479 = EDGE_CURVE('',#3480,#3472,#3482,.T.);
#3480 = VERTEX_POINT('',#3481);
#3481 = CARTESIAN_POINT('',(-0.1,-9.86,0.9));
#3482 = LINE('',#3483,#3484);
#3483 = CARTESIAN_POINT('',(-0.1,-9.86,6.055738799212));
#3484 = VECTOR('',#3485,1.);
#3485 = DIRECTION('',(0.,-0.,1.));
#3486 = ORIENTED_EDGE('',*,*,#3487,.T.);
#3487 = EDGE_CURVE('',#3480,#3488,#3490,.T.);
#3488 = VERTEX_POINT('',#3489);
#3489 = CARTESIAN_POINT('',(-0.3,-9.86,0.9));
#3490 = LINE('',#3491,#3492);
#3491 = CARTESIAN_POINT('',(0.3,-9.86,0.9));
#3492 = VECTOR('',#3493,1.);
#3493 = DIRECTION('',(-1.,1.110223024625E-16,0.));
#3494 = ORIENTED_EDGE('',*,*,#3495,.F.);
#3495 = EDGE_CURVE('',#1472,#3488,#3496,.T.);
#3496 = LINE('',#3497,#3498);
#3497 = CARTESIAN_POINT('',(-0.3,-9.86,8.2));
#3498 = VECTOR('',#3499,1.);
#3499 = DIRECTION('',(0.,-0.,-1.));
#3500 = PLANE('',#3501);
#3501 = AXIS2_PLACEMENT_3D('',#3502,#3503,#3504);
#3502 = CARTESIAN_POINT('',(0.3,-9.86,8.2));
#3503 = DIRECTION('',(1.110223024625E-16,1.,0.));
#3504 = DIRECTION('',(-1.,1.110223024625E-16,0.));
#3505 = ADVANCED_FACE('',(#3506),#3524,.F.);
#3506 = FACE_BOUND('',#3507,.F.);
#3507 = EDGE_LOOP('',(#3508,#3509,#3517,#3523));
#3508 = ORIENTED_EDGE('',*,*,#3495,.T.);
#3509 = ORIENTED_EDGE('',*,*,#3510,.T.);
#3510 = EDGE_CURVE('',#3488,#3511,#3513,.T.);
#3511 = VERTEX_POINT('',#3512);
#3512 = CARTESIAN_POINT('',(-0.3,-10.46,0.9));
#3513 = LINE('',#3514,#3515);
#3514 = CARTESIAN_POINT('',(-0.3,-9.86,0.9));
#3515 = VECTOR('',#3516,1.);
#3516 = DIRECTION('',(-1.110223024625E-16,-1.,0.));
#3517 = ORIENTED_EDGE('',*,*,#3518,.F.);
#3518 = EDGE_CURVE('',#1496,#3511,#3519,.T.);
#3519 = LINE('',#3520,#3521);
#3520 = CARTESIAN_POINT('',(-0.3,-10.46,8.2));
#3521 = VECTOR('',#3522,1.);
#3522 = DIRECTION('',(0.,-0.,-1.));
#3523 = ORIENTED_EDGE('',*,*,#1503,.F.);
#3524 = PLANE('',#3525);
#3525 = AXIS2_PLACEMENT_3D('',#3526,#3527,#3528);
#3526 = CARTESIAN_POINT('',(-0.3,-9.86,8.2));
#3527 = DIRECTION('',(-1.,1.110223024625E-16,0.));
#3528 = DIRECTION('',(-1.110223024625E-16,-1.,0.));
#3529 = ADVANCED_FACE('',(#3530),#3573,.F.);
#3530 = FACE_BOUND('',#3531,.F.);
#3531 = EDGE_LOOP('',(#3532,#3533,#3534,#3542,#3550,#3558,#3566,#3572));
#3532 = ORIENTED_EDGE('',*,*,#1520,.F.);
#3533 = ORIENTED_EDGE('',*,*,#3518,.T.);
#3534 = ORIENTED_EDGE('',*,*,#3535,.T.);
#3535 = EDGE_CURVE('',#3511,#3536,#3538,.T.);
#3536 = VERTEX_POINT('',#3537);
#3537 = CARTESIAN_POINT('',(-0.1,-10.46,0.9));
#3538 = LINE('',#3539,#3540);
#3539 = CARTESIAN_POINT('',(-0.3,-10.46,0.9));
#3540 = VECTOR('',#3541,1.);
#3541 = DIRECTION('',(1.,-1.110223024625E-16,0.));
#3542 = ORIENTED_EDGE('',*,*,#3543,.F.);
#3543 = EDGE_CURVE('',#3544,#3536,#3546,.T.);
#3544 = VERTEX_POINT('',#3545);
#3545 = CARTESIAN_POINT('',(-0.1,-10.46,7.4));
#3546 = LINE('',#3547,#3548);
#3547 = CARTESIAN_POINT('',(-0.1,-10.46,6.055738799212));
#3548 = VECTOR('',#3549,1.);
#3549 = DIRECTION('',(-0.,0.,-1.));
#3550 = ORIENTED_EDGE('',*,*,#3551,.T.);
#3551 = EDGE_CURVE('',#3544,#3552,#3554,.T.);
#3552 = VERTEX_POINT('',#3553);
#3553 = CARTESIAN_POINT('',(0.1,-10.46,7.4));
#3554 = LINE('',#3555,#3556);
#3555 = CARTESIAN_POINT('',(-0.1,-10.46,7.4));
#3556 = VECTOR('',#3557,1.);
#3557 = DIRECTION('',(1.,-1.110223024625E-16,0.));
#3558 = ORIENTED_EDGE('',*,*,#3559,.T.);
#3559 = EDGE_CURVE('',#3552,#3560,#3562,.T.);
#3560 = VERTEX_POINT('',#3561);
#3561 = CARTESIAN_POINT('',(0.1,-10.46,0.9));
#3562 = LINE('',#3563,#3564);
#3563 = CARTESIAN_POINT('',(0.1,-10.46,6.055738799212));
#3564 = VECTOR('',#3565,1.);
#3565 = DIRECTION('',(-0.,0.,-1.));
#3566 = ORIENTED_EDGE('',*,*,#3567,.T.);
#3567 = EDGE_CURVE('',#3560,#3423,#3568,.T.);
#3568 = LINE('',#3569,#3570);
#3569 = CARTESIAN_POINT('',(-0.3,-10.46,0.9));
#3570 = VECTOR('',#3571,1.);
#3571 = DIRECTION('',(1.,-1.110223024625E-16,0.));
#3572 = ORIENTED_EDGE('',*,*,#3422,.F.);
#3573 = PLANE('',#3574);
#3574 = AXIS2_PLACEMENT_3D('',#3575,#3576,#3577);
#3575 = CARTESIAN_POINT('',(-0.3,-10.46,8.2));
#3576 = DIRECTION('',(-1.110223024625E-16,-1.,0.));
#3577 = DIRECTION('',(1.,-1.110223024625E-16,0.));
#3578 = ADVANCED_FACE('',(#3579),#3604,.F.);
#3579 = FACE_BOUND('',#3580,.F.);
#3580 = EDGE_LOOP('',(#3581,#3589,#3597,#3603));
#3581 = ORIENTED_EDGE('',*,*,#3582,.T.);
#3582 = EDGE_CURVE('',#1535,#3583,#3585,.T.);
#3583 = VERTEX_POINT('',#3584);
#3584 = CARTESIAN_POINT('',(0.3,-7.92,0.9));
#3585 = LINE('',#3586,#3587);
#3586 = CARTESIAN_POINT('',(0.3,-7.92,8.2));
#3587 = VECTOR('',#3588,1.);
#3588 = DIRECTION('',(0.,-0.,-1.));
#3589 = ORIENTED_EDGE('',*,*,#3590,.T.);
#3590 = EDGE_CURVE('',#3583,#3591,#3593,.T.);
#3591 = VERTEX_POINT('',#3592);
#3592 = CARTESIAN_POINT('',(0.3,-7.32,0.9));
#3593 = LINE('',#3594,#3595);
#3594 = CARTESIAN_POINT('',(0.3,-7.92,0.9));
#3595 = VECTOR('',#3596,1.);
#3596 = DIRECTION('',(1.110223024625E-16,1.,0.));
#3597 = ORIENTED_EDGE('',*,*,#3598,.F.);
#3598 = EDGE_CURVE('',#1544,#3591,#3599,.T.);
#3599 = LINE('',#3600,#3601);
#3600 = CARTESIAN_POINT('',(0.3,-7.32,8.2));
#3601 = VECTOR('',#3602,1.);
#3602 = DIRECTION('',(0.,-0.,-1.));
#3603 = ORIENTED_EDGE('',*,*,#1551,.F.);
#3604 = PLANE('',#3605);
#3605 = AXIS2_PLACEMENT_3D('',#3606,#3607,#3608);
#3606 = CARTESIAN_POINT('',(0.3,-7.92,8.2));
#3607 = DIRECTION('',(1.,-1.110223024625E-16,0.));
#3608 = DIRECTION('',(1.110223024625E-16,1.,0.));
#3609 = ADVANCED_FACE('',(#3610),#3660,.F.);
#3610 = FACE_BOUND('',#3611,.F.);
#3611 = EDGE_LOOP('',(#3612,#3613,#3614,#3622,#3630,#3638,#3646,#3654));
#3612 = ORIENTED_EDGE('',*,*,#1575,.F.);
#3613 = ORIENTED_EDGE('',*,*,#3598,.T.);
#3614 = ORIENTED_EDGE('',*,*,#3615,.T.);
#3615 = EDGE_CURVE('',#3591,#3616,#3618,.T.);
#3616 = VERTEX_POINT('',#3617);
#3617 = CARTESIAN_POINT('',(0.1,-7.32,0.9));
#3618 = LINE('',#3619,#3620);
#3619 = CARTESIAN_POINT('',(0.3,-7.32,0.9));
#3620 = VECTOR('',#3621,1.);
#3621 = DIRECTION('',(-1.,1.110223024625E-16,0.));
#3622 = ORIENTED_EDGE('',*,*,#3623,.T.);
#3623 = EDGE_CURVE('',#3616,#3624,#3626,.T.);
#3624 = VERTEX_POINT('',#3625);
#3625 = CARTESIAN_POINT('',(0.1,-7.32,7.4));
#3626 = LINE('',#3627,#3628);
#3627 = CARTESIAN_POINT('',(0.1,-7.32,6.055738799212));
#3628 = VECTOR('',#3629,1.);
#3629 = DIRECTION('',(0.,-0.,1.));
#3630 = ORIENTED_EDGE('',*,*,#3631,.F.);
#3631 = EDGE_CURVE('',#3632,#3624,#3634,.T.);
#3632 = VERTEX_POINT('',#3633);
#3633 = CARTESIAN_POINT('',(-0.1,-7.32,7.4));
#3634 = LINE('',#3635,#3636);
#3635 = CARTESIAN_POINT('',(-0.1,-7.32,7.4));
#3636 = VECTOR('',#3637,1.);
#3637 = DIRECTION('',(1.,-1.110223024625E-16,0.));
#3638 = ORIENTED_EDGE('',*,*,#3639,.F.);
#3639 = EDGE_CURVE('',#3640,#3632,#3642,.T.);
#3640 = VERTEX_POINT('',#3641);
#3641 = CARTESIAN_POINT('',(-0.1,-7.32,0.9));
#3642 = LINE('',#3643,#3644);
#3643 = CARTESIAN_POINT('',(-0.1,-7.32,6.055738799212));
#3644 = VECTOR('',#3645,1.);
#3645 = DIRECTION('',(0.,-0.,1.));
#3646 = ORIENTED_EDGE('',*,*,#3647,.T.);
#3647 = EDGE_CURVE('',#3640,#3648,#3650,.T.);
#3648 = VERTEX_POINT('',#3649);
#3649 = CARTESIAN_POINT('',(-0.3,-7.32,0.9));
#3650 = LINE('',#3651,#3652);
#3651 = CARTESIAN_POINT('',(0.3,-7.32,0.9));
#3652 = VECTOR('',#3653,1.);
#3653 = DIRECTION('',(-1.,1.110223024625E-16,0.));
#3654 = ORIENTED_EDGE('',*,*,#3655,.F.);
#3655 = EDGE_CURVE('',#1568,#3648,#3656,.T.);
#3656 = LINE('',#3657,#3658);
#3657 = CARTESIAN_POINT('',(-0.3,-7.32,8.2));
#3658 = VECTOR('',#3659,1.);
#3659 = DIRECTION('',(0.,-0.,-1.));
#3660 = PLANE('',#3661);
#3661 = AXIS2_PLACEMENT_3D('',#3662,#3663,#3664);
#3662 = CARTESIAN_POINT('',(0.3,-7.32,8.2));
#3663 = DIRECTION('',(1.110223024625E-16,1.,0.));
#3664 = DIRECTION('',(-1.,1.110223024625E-16,0.));
#3665 = ADVANCED_FACE('',(#3666),#3684,.F.);
#3666 = FACE_BOUND('',#3667,.F.);
#3667 = EDGE_LOOP('',(#3668,#3669,#3677,#3683));
#3668 = ORIENTED_EDGE('',*,*,#3655,.T.);
#3669 = ORIENTED_EDGE('',*,*,#3670,.T.);
#3670 = EDGE_CURVE('',#3648,#3671,#3673,.T.);
#3671 = VERTEX_POINT('',#3672);
#3672 = CARTESIAN_POINT('',(-0.3,-7.92,0.9));
#3673 = LINE('',#3674,#3675);
#3674 = CARTESIAN_POINT('',(-0.3,-7.32,0.9));
#3675 = VECTOR('',#3676,1.);
#3676 = DIRECTION('',(-1.110223024625E-16,-1.,0.));
#3677 = ORIENTED_EDGE('',*,*,#3678,.F.);
#3678 = EDGE_CURVE('',#1592,#3671,#3679,.T.);
#3679 = LINE('',#3680,#3681);
#3680 = CARTESIAN_POINT('',(-0.3,-7.92,8.2));
#3681 = VECTOR('',#3682,1.);
#3682 = DIRECTION('',(0.,-0.,-1.));
#3683 = ORIENTED_EDGE('',*,*,#1599,.F.);
#3684 = PLANE('',#3685);
#3685 = AXIS2_PLACEMENT_3D('',#3686,#3687,#3688);
#3686 = CARTESIAN_POINT('',(-0.3,-7.32,8.2));
#3687 = DIRECTION('',(-1.,1.110223024625E-16,0.));
#3688 = DIRECTION('',(-1.110223024625E-16,-1.,0.));
#3689 = ADVANCED_FACE('',(#3690),#3733,.F.);
#3690 = FACE_BOUND('',#3691,.F.);
#3691 = EDGE_LOOP('',(#3692,#3693,#3694,#3702,#3710,#3718,#3726,#3732));
#3692 = ORIENTED_EDGE('',*,*,#1616,.F.);
#3693 = ORIENTED_EDGE('',*,*,#3678,.T.);
#3694 = ORIENTED_EDGE('',*,*,#3695,.T.);
#3695 = EDGE_CURVE('',#3671,#3696,#3698,.T.);
#3696 = VERTEX_POINT('',#3697);
#3697 = CARTESIAN_POINT('',(-0.1,-7.92,0.9));
#3698 = LINE('',#3699,#3700);
#3699 = CARTESIAN_POINT('',(-0.3,-7.92,0.9));
#3700 = VECTOR('',#3701,1.);
#3701 = DIRECTION('',(1.,-1.110223024625E-16,0.));
#3702 = ORIENTED_EDGE('',*,*,#3703,.F.);
#3703 = EDGE_CURVE('',#3704,#3696,#3706,.T.);
#3704 = VERTEX_POINT('',#3705);
#3705 = CARTESIAN_POINT('',(-0.1,-7.92,7.4));
#3706 = LINE('',#3707,#3708);
#3707 = CARTESIAN_POINT('',(-0.1,-7.92,6.055738799212));
#3708 = VECTOR('',#3709,1.);
#3709 = DIRECTION('',(-0.,0.,-1.));
#3710 = ORIENTED_EDGE('',*,*,#3711,.T.);
#3711 = EDGE_CURVE('',#3704,#3712,#3714,.T.);
#3712 = VERTEX_POINT('',#3713);
#3713 = CARTESIAN_POINT('',(0.1,-7.92,7.4));
#3714 = LINE('',#3715,#3716);
#3715 = CARTESIAN_POINT('',(-0.1,-7.92,7.4));
#3716 = VECTOR('',#3717,1.);
#3717 = DIRECTION('',(1.,-1.110223024625E-16,0.));
#3718 = ORIENTED_EDGE('',*,*,#3719,.T.);
#3719 = EDGE_CURVE('',#3712,#3720,#3722,.T.);
#3720 = VERTEX_POINT('',#3721);
#3721 = CARTESIAN_POINT('',(0.1,-7.92,0.9));
#3722 = LINE('',#3723,#3724);
#3723 = CARTESIAN_POINT('',(0.1,-7.92,6.055738799212));
#3724 = VECTOR('',#3725,1.);
#3725 = DIRECTION('',(-0.,0.,-1.));
#3726 = ORIENTED_EDGE('',*,*,#3727,.T.);
#3727 = EDGE_CURVE('',#3720,#3583,#3728,.T.);
#3728 = LINE('',#3729,#3730);
#3729 = CARTESIAN_POINT('',(-0.3,-7.92,0.9));
#3730 = VECTOR('',#3731,1.);
#3731 = DIRECTION('',(1.,-1.110223024625E-16,0.));
#3732 = ORIENTED_EDGE('',*,*,#3582,.F.);
#3733 = PLANE('',#3734);
#3734 = AXIS2_PLACEMENT_3D('',#3735,#3736,#3737);
#3735 = CARTESIAN_POINT('',(-0.3,-7.92,8.2));
#3736 = DIRECTION('',(-1.110223024625E-16,-1.,0.));
#3737 = DIRECTION('',(1.,-1.110223024625E-16,0.));
#3738 = ADVANCED_FACE('',(#3739),#3764,.F.);
#3739 = FACE_BOUND('',#3740,.F.);
#3740 = EDGE_LOOP('',(#3741,#3749,#3757,#3763));
#3741 = ORIENTED_EDGE('',*,*,#3742,.T.);
#3742 = EDGE_CURVE('',#1631,#3743,#3745,.T.);
#3743 = VERTEX_POINT('',#3744);
#3744 = CARTESIAN_POINT('',(0.3,-5.38,0.9));
#3745 = LINE('',#3746,#3747);
#3746 = CARTESIAN_POINT('',(0.3,-5.38,8.2));
#3747 = VECTOR('',#3748,1.);
#3748 = DIRECTION('',(0.,-0.,-1.));
#3749 = ORIENTED_EDGE('',*,*,#3750,.T.);
#3750 = EDGE_CURVE('',#3743,#3751,#3753,.T.);
#3751 = VERTEX_POINT('',#3752);
#3752 = CARTESIAN_POINT('',(0.3,-4.78,0.9));
#3753 = LINE('',#3754,#3755);
#3754 = CARTESIAN_POINT('',(0.3,-5.38,0.9));
#3755 = VECTOR('',#3756,1.);
#3756 = DIRECTION('',(1.110223024625E-16,1.,0.));
#3757 = ORIENTED_EDGE('',*,*,#3758,.F.);
#3758 = EDGE_CURVE('',#1640,#3751,#3759,.T.);
#3759 = LINE('',#3760,#3761);
#3760 = CARTESIAN_POINT('',(0.3,-4.78,8.2));
#3761 = VECTOR('',#3762,1.);
#3762 = DIRECTION('',(0.,-0.,-1.));
#3763 = ORIENTED_EDGE('',*,*,#1647,.F.);
#3764 = PLANE('',#3765);
#3765 = AXIS2_PLACEMENT_3D('',#3766,#3767,#3768);
#3766 = CARTESIAN_POINT('',(0.3,-5.38,8.2));
#3767 = DIRECTION('',(1.,-1.110223024625E-16,0.));
#3768 = DIRECTION('',(1.110223024625E-16,1.,0.));
#3769 = ADVANCED_FACE('',(#3770),#3820,.F.);
#3770 = FACE_BOUND('',#3771,.F.);
#3771 = EDGE_LOOP('',(#3772,#3773,#3774,#3782,#3790,#3798,#3806,#3814));
#3772 = ORIENTED_EDGE('',*,*,#1671,.F.);
#3773 = ORIENTED_EDGE('',*,*,#3758,.T.);
#3774 = ORIENTED_EDGE('',*,*,#3775,.T.);
#3775 = EDGE_CURVE('',#3751,#3776,#3778,.T.);
#3776 = VERTEX_POINT('',#3777);
#3777 = CARTESIAN_POINT('',(0.1,-4.78,0.9));
#3778 = LINE('',#3779,#3780);
#3779 = CARTESIAN_POINT('',(0.3,-4.78,0.9));
#3780 = VECTOR('',#3781,1.);
#3781 = DIRECTION('',(-1.,1.110223024625E-16,0.));
#3782 = ORIENTED_EDGE('',*,*,#3783,.T.);
#3783 = EDGE_CURVE('',#3776,#3784,#3786,.T.);
#3784 = VERTEX_POINT('',#3785);
#3785 = CARTESIAN_POINT('',(0.1,-4.78,7.4));
#3786 = LINE('',#3787,#3788);
#3787 = CARTESIAN_POINT('',(0.1,-4.78,6.055738799212));
#3788 = VECTOR('',#3789,1.);
#3789 = DIRECTION('',(0.,-0.,1.));
#3790 = ORIENTED_EDGE('',*,*,#3791,.F.);
#3791 = EDGE_CURVE('',#3792,#3784,#3794,.T.);
#3792 = VERTEX_POINT('',#3793);
#3793 = CARTESIAN_POINT('',(-0.1,-4.78,7.4));
#3794 = LINE('',#3795,#3796);
#3795 = CARTESIAN_POINT('',(-0.1,-4.78,7.4));
#3796 = VECTOR('',#3797,1.);
#3797 = DIRECTION('',(1.,-1.110223024625E-16,0.));
#3798 = ORIENTED_EDGE('',*,*,#3799,.F.);
#3799 = EDGE_CURVE('',#3800,#3792,#3802,.T.);
#3800 = VERTEX_POINT('',#3801);
#3801 = CARTESIAN_POINT('',(-0.1,-4.78,0.9));
#3802 = LINE('',#3803,#3804);
#3803 = CARTESIAN_POINT('',(-0.1,-4.78,6.055738799212));
#3804 = VECTOR('',#3805,1.);
#3805 = DIRECTION('',(0.,-0.,1.));
#3806 = ORIENTED_EDGE('',*,*,#3807,.T.);
#3807 = EDGE_CURVE('',#3800,#3808,#3810,.T.);
#3808 = VERTEX_POINT('',#3809);
#3809 = CARTESIAN_POINT('',(-0.3,-4.78,0.9));
#3810 = LINE('',#3811,#3812);
#3811 = CARTESIAN_POINT('',(0.3,-4.78,0.9));
#3812 = VECTOR('',#3813,1.);
#3813 = DIRECTION('',(-1.,1.110223024625E-16,0.));
#3814 = ORIENTED_EDGE('',*,*,#3815,.F.);
#3815 = EDGE_CURVE('',#1664,#3808,#3816,.T.);
#3816 = LINE('',#3817,#3818);
#3817 = CARTESIAN_POINT('',(-0.3,-4.78,8.2));
#3818 = VECTOR('',#3819,1.);
#3819 = DIRECTION('',(0.,-0.,-1.));
#3820 = PLANE('',#3821);
#3821 = AXIS2_PLACEMENT_3D('',#3822,#3823,#3824);
#3822 = CARTESIAN_POINT('',(0.3,-4.78,8.2));
#3823 = DIRECTION('',(1.110223024625E-16,1.,0.));
#3824 = DIRECTION('',(-1.,1.110223024625E-16,0.));
#3825 = ADVANCED_FACE('',(#3826),#3844,.F.);
#3826 = FACE_BOUND('',#3827,.F.);
#3827 = EDGE_LOOP('',(#3828,#3829,#3837,#3843));
#3828 = ORIENTED_EDGE('',*,*,#3815,.T.);
#3829 = ORIENTED_EDGE('',*,*,#3830,.T.);
#3830 = EDGE_CURVE('',#3808,#3831,#3833,.T.);
#3831 = VERTEX_POINT('',#3832);
#3832 = CARTESIAN_POINT('',(-0.3,-5.38,0.9));
#3833 = LINE('',#3834,#3835);
#3834 = CARTESIAN_POINT('',(-0.3,-4.78,0.9));
#3835 = VECTOR('',#3836,1.);
#3836 = DIRECTION('',(-1.110223024625E-16,-1.,0.));
#3837 = ORIENTED_EDGE('',*,*,#3838,.F.);
#3838 = EDGE_CURVE('',#1688,#3831,#3839,.T.);
#3839 = LINE('',#3840,#3841);
#3840 = CARTESIAN_POINT('',(-0.3,-5.38,8.2));
#3841 = VECTOR('',#3842,1.);
#3842 = DIRECTION('',(0.,-0.,-1.));
#3843 = ORIENTED_EDGE('',*,*,#1695,.F.);
#3844 = PLANE('',#3845);
#3845 = AXIS2_PLACEMENT_3D('',#3846,#3847,#3848);
#3846 = CARTESIAN_POINT('',(-0.3,-4.78,8.2));
#3847 = DIRECTION('',(-1.,1.110223024625E-16,0.));
#3848 = DIRECTION('',(-1.110223024625E-16,-1.,0.));
#3849 = ADVANCED_FACE('',(#3850),#3893,.F.);
#3850 = FACE_BOUND('',#3851,.F.);
#3851 = EDGE_LOOP('',(#3852,#3853,#3854,#3862,#3870,#3878,#3886,#3892));
#3852 = ORIENTED_EDGE('',*,*,#1712,.F.);
#3853 = ORIENTED_EDGE('',*,*,#3838,.T.);
#3854 = ORIENTED_EDGE('',*,*,#3855,.T.);
#3855 = EDGE_CURVE('',#3831,#3856,#3858,.T.);
#3856 = VERTEX_POINT('',#3857);
#3857 = CARTESIAN_POINT('',(-0.1,-5.38,0.9));
#3858 = LINE('',#3859,#3860);
#3859 = CARTESIAN_POINT('',(-0.3,-5.38,0.9));
#3860 = VECTOR('',#3861,1.);
#3861 = DIRECTION('',(1.,-1.110223024625E-16,0.));
#3862 = ORIENTED_EDGE('',*,*,#3863,.F.);
#3863 = EDGE_CURVE('',#3864,#3856,#3866,.T.);
#3864 = VERTEX_POINT('',#3865);
#3865 = CARTESIAN_POINT('',(-0.1,-5.38,7.4));
#3866 = LINE('',#3867,#3868);
#3867 = CARTESIAN_POINT('',(-0.1,-5.38,6.055738799212));
#3868 = VECTOR('',#3869,1.);
#3869 = DIRECTION('',(-0.,0.,-1.));
#3870 = ORIENTED_EDGE('',*,*,#3871,.T.);
#3871 = EDGE_CURVE('',#3864,#3872,#3874,.T.);
#3872 = VERTEX_POINT('',#3873);
#3873 = CARTESIAN_POINT('',(0.1,-5.38,7.4));
#3874 = LINE('',#3875,#3876);
#3875 = CARTESIAN_POINT('',(-0.1,-5.38,7.4));
#3876 = VECTOR('',#3877,1.);
#3877 = DIRECTION('',(1.,-1.110223024625E-16,0.));
#3878 = ORIENTED_EDGE('',*,*,#3879,.T.);
#3879 = EDGE_CURVE('',#3872,#3880,#3882,.T.);
#3880 = VERTEX_POINT('',#3881);
#3881 = CARTESIAN_POINT('',(0.1,-5.38,0.9));
#3882 = LINE('',#3883,#3884);
#3883 = CARTESIAN_POINT('',(0.1,-5.38,6.055738799212));
#3884 = VECTOR('',#3885,1.);
#3885 = DIRECTION('',(-0.,0.,-1.));
#3886 = ORIENTED_EDGE('',*,*,#3887,.T.);
#3887 = EDGE_CURVE('',#3880,#3743,#3888,.T.);
#3888 = LINE('',#3889,#3890);
#3889 = CARTESIAN_POINT('',(-0.3,-5.38,0.9));
#3890 = VECTOR('',#3891,1.);
#3891 = DIRECTION('',(1.,-1.110223024625E-16,0.));
#3892 = ORIENTED_EDGE('',*,*,#3742,.F.);
#3893 = PLANE('',#3894);
#3894 = AXIS2_PLACEMENT_3D('',#3895,#3896,#3897);
#3895 = CARTESIAN_POINT('',(-0.3,-5.38,8.2));
#3896 = DIRECTION('',(-1.110223024625E-16,-1.,0.));
#3897 = DIRECTION('',(1.,-1.110223024625E-16,0.));
#3898 = ADVANCED_FACE('',(#3899),#3924,.F.);
#3899 = FACE_BOUND('',#3900,.F.);
#3900 = EDGE_LOOP('',(#3901,#3909,#3917,#3923));
#3901 = ORIENTED_EDGE('',*,*,#3902,.T.);
#3902 = EDGE_CURVE('',#1727,#3903,#3905,.T.);
#3903 = VERTEX_POINT('',#3904);
#3904 = CARTESIAN_POINT('',(0.3,-2.84,0.9));
#3905 = LINE('',#3906,#3907);
#3906 = CARTESIAN_POINT('',(0.3,-2.84,8.2));
#3907 = VECTOR('',#3908,1.);
#3908 = DIRECTION('',(0.,-0.,-1.));
#3909 = ORIENTED_EDGE('',*,*,#3910,.T.);
#3910 = EDGE_CURVE('',#3903,#3911,#3913,.T.);
#3911 = VERTEX_POINT('',#3912);
#3912 = CARTESIAN_POINT('',(0.3,-2.24,0.9));
#3913 = LINE('',#3914,#3915);
#3914 = CARTESIAN_POINT('',(0.3,-2.84,0.9));
#3915 = VECTOR('',#3916,1.);
#3916 = DIRECTION('',(1.110223024625E-16,1.,0.));
#3917 = ORIENTED_EDGE('',*,*,#3918,.F.);
#3918 = EDGE_CURVE('',#1736,#3911,#3919,.T.);
#3919 = LINE('',#3920,#3921);
#3920 = CARTESIAN_POINT('',(0.3,-2.24,8.2));
#3921 = VECTOR('',#3922,1.);
#3922 = DIRECTION('',(0.,-0.,-1.));
#3923 = ORIENTED_EDGE('',*,*,#1743,.F.);
#3924 = PLANE('',#3925);
#3925 = AXIS2_PLACEMENT_3D('',#3926,#3927,#3928);
#3926 = CARTESIAN_POINT('',(0.3,-2.84,8.2));
#3927 = DIRECTION('',(1.,-1.110223024625E-16,0.));
#3928 = DIRECTION('',(1.110223024625E-16,1.,0.));
#3929 = ADVANCED_FACE('',(#3930),#3980,.F.);
#3930 = FACE_BOUND('',#3931,.F.);
#3931 = EDGE_LOOP('',(#3932,#3933,#3934,#3942,#3950,#3958,#3966,#3974));
#3932 = ORIENTED_EDGE('',*,*,#1767,.F.);
#3933 = ORIENTED_EDGE('',*,*,#3918,.T.);
#3934 = ORIENTED_EDGE('',*,*,#3935,.T.);
#3935 = EDGE_CURVE('',#3911,#3936,#3938,.T.);
#3936 = VERTEX_POINT('',#3937);
#3937 = CARTESIAN_POINT('',(0.1,-2.24,0.9));
#3938 = LINE('',#3939,#3940);
#3939 = CARTESIAN_POINT('',(0.3,-2.24,0.9));
#3940 = VECTOR('',#3941,1.);
#3941 = DIRECTION('',(-1.,1.110223024625E-16,0.));
#3942 = ORIENTED_EDGE('',*,*,#3943,.T.);
#3943 = EDGE_CURVE('',#3936,#3944,#3946,.T.);
#3944 = VERTEX_POINT('',#3945);
#3945 = CARTESIAN_POINT('',(0.1,-2.24,7.4));
#3946 = LINE('',#3947,#3948);
#3947 = CARTESIAN_POINT('',(0.1,-2.24,6.055738799212));
#3948 = VECTOR('',#3949,1.);
#3949 = DIRECTION('',(0.,-0.,1.));
#3950 = ORIENTED_EDGE('',*,*,#3951,.F.);
#3951 = EDGE_CURVE('',#3952,#3944,#3954,.T.);
#3952 = VERTEX_POINT('',#3953);
#3953 = CARTESIAN_POINT('',(-0.1,-2.24,7.4));
#3954 = LINE('',#3955,#3956);
#3955 = CARTESIAN_POINT('',(-0.1,-2.24,7.4));
#3956 = VECTOR('',#3957,1.);
#3957 = DIRECTION('',(1.,-1.110223024625E-16,0.));
#3958 = ORIENTED_EDGE('',*,*,#3959,.F.);
#3959 = EDGE_CURVE('',#3960,#3952,#3962,.T.);
#3960 = VERTEX_POINT('',#3961);
#3961 = CARTESIAN_POINT('',(-0.1,-2.24,0.9));
#3962 = LINE('',#3963,#3964);
#3963 = CARTESIAN_POINT('',(-0.1,-2.24,6.055738799212));
#3964 = VECTOR('',#3965,1.);
#3965 = DIRECTION('',(0.,-0.,1.));
#3966 = ORIENTED_EDGE('',*,*,#3967,.T.);
#3967 = EDGE_CURVE('',#3960,#3968,#3970,.T.);
#3968 = VERTEX_POINT('',#3969);
#3969 = CARTESIAN_POINT('',(-0.3,-2.24,0.9));
#3970 = LINE('',#3971,#3972);
#3971 = CARTESIAN_POINT('',(0.3,-2.24,0.9));
#3972 = VECTOR('',#3973,1.);
#3973 = DIRECTION('',(-1.,1.110223024625E-16,0.));
#3974 = ORIENTED_EDGE('',*,*,#3975,.F.);
#3975 = EDGE_CURVE('',#1760,#3968,#3976,.T.);
#3976 = LINE('',#3977,#3978);
#3977 = CARTESIAN_POINT('',(-0.3,-2.24,8.2));
#3978 = VECTOR('',#3979,1.);
#3979 = DIRECTION('',(0.,-0.,-1.));
#3980 = PLANE('',#3981);
#3981 = AXIS2_PLACEMENT_3D('',#3982,#3983,#3984);
#3982 = CARTESIAN_POINT('',(0.3,-2.24,8.2));
#3983 = DIRECTION('',(1.110223024625E-16,1.,0.));
#3984 = DIRECTION('',(-1.,1.110223024625E-16,0.));
#3985 = ADVANCED_FACE('',(#3986),#4004,.F.);
#3986 = FACE_BOUND('',#3987,.F.);
#3987 = EDGE_LOOP('',(#3988,#3989,#3997,#4003));
#3988 = ORIENTED_EDGE('',*,*,#3975,.T.);
#3989 = ORIENTED_EDGE('',*,*,#3990,.T.);
#3990 = EDGE_CURVE('',#3968,#3991,#3993,.T.);
#3991 = VERTEX_POINT('',#3992);
#3992 = CARTESIAN_POINT('',(-0.3,-2.84,0.9));
#3993 = LINE('',#3994,#3995);
#3994 = CARTESIAN_POINT('',(-0.3,-2.24,0.9));
#3995 = VECTOR('',#3996,1.);
#3996 = DIRECTION('',(-1.110223024625E-16,-1.,0.));
#3997 = ORIENTED_EDGE('',*,*,#3998,.F.);
#3998 = EDGE_CURVE('',#1784,#3991,#3999,.T.);
#3999 = LINE('',#4000,#4001);
#4000 = CARTESIAN_POINT('',(-0.3,-2.84,8.2));
#4001 = VECTOR('',#4002,1.);
#4002 = DIRECTION('',(0.,-0.,-1.));
#4003 = ORIENTED_EDGE('',*,*,#1791,.F.);
#4004 = PLANE('',#4005);
#4005 = AXIS2_PLACEMENT_3D('',#4006,#4007,#4008);
#4006 = CARTESIAN_POINT('',(-0.3,-2.24,8.2));
#4007 = DIRECTION('',(-1.,1.110223024625E-16,0.));
#4008 = DIRECTION('',(-1.110223024625E-16,-1.,0.));
#4009 = ADVANCED_FACE('',(#4010),#4053,.F.);
#4010 = FACE_BOUND('',#4011,.F.);
#4011 = EDGE_LOOP('',(#4012,#4013,#4014,#4022,#4030,#4038,#4046,#4052));
#4012 = ORIENTED_EDGE('',*,*,#1808,.F.);
#4013 = ORIENTED_EDGE('',*,*,#3998,.T.);
#4014 = ORIENTED_EDGE('',*,*,#4015,.T.);
#4015 = EDGE_CURVE('',#3991,#4016,#4018,.T.);
#4016 = VERTEX_POINT('',#4017);
#4017 = CARTESIAN_POINT('',(-0.1,-2.84,0.9));
#4018 = LINE('',#4019,#4020);
#4019 = CARTESIAN_POINT('',(-0.3,-2.84,0.9));
#4020 = VECTOR('',#4021,1.);
#4021 = DIRECTION('',(1.,-1.110223024625E-16,0.));
#4022 = ORIENTED_EDGE('',*,*,#4023,.F.);
#4023 = EDGE_CURVE('',#4024,#4016,#4026,.T.);
#4024 = VERTEX_POINT('',#4025);
#4025 = CARTESIAN_POINT('',(-0.1,-2.84,7.4));
#4026 = LINE('',#4027,#4028);
#4027 = CARTESIAN_POINT('',(-0.1,-2.84,6.055738799212));
#4028 = VECTOR('',#4029,1.);
#4029 = DIRECTION('',(-0.,0.,-1.));
#4030 = ORIENTED_EDGE('',*,*,#4031,.T.);
#4031 = EDGE_CURVE('',#4024,#4032,#4034,.T.);
#4032 = VERTEX_POINT('',#4033);
#4033 = CARTESIAN_POINT('',(0.1,-2.84,7.4));
#4034 = LINE('',#4035,#4036);
#4035 = CARTESIAN_POINT('',(-0.1,-2.84,7.4));
#4036 = VECTOR('',#4037,1.);
#4037 = DIRECTION('',(1.,-1.110223024625E-16,0.));
#4038 = ORIENTED_EDGE('',*,*,#4039,.T.);
#4039 = EDGE_CURVE('',#4032,#4040,#4042,.T.);
#4040 = VERTEX_POINT('',#4041);
#4041 = CARTESIAN_POINT('',(0.1,-2.84,0.9));
#4042 = LINE('',#4043,#4044);
#4043 = CARTESIAN_POINT('',(0.1,-2.84,6.055738799212));
#4044 = VECTOR('',#4045,1.);
#4045 = DIRECTION('',(-0.,0.,-1.));
#4046 = ORIENTED_EDGE('',*,*,#4047,.T.);
#4047 = EDGE_CURVE('',#4040,#3903,#4048,.T.);
#4048 = LINE('',#4049,#4050);
#4049 = CARTESIAN_POINT('',(-0.3,-2.84,0.9));
#4050 = VECTOR('',#4051,1.);
#4051 = DIRECTION('',(1.,-1.110223024625E-16,0.));
#4052 = ORIENTED_EDGE('',*,*,#3902,.F.);
#4053 = PLANE('',#4054);
#4054 = AXIS2_PLACEMENT_3D('',#4055,#4056,#4057);
#4055 = CARTESIAN_POINT('',(-0.3,-2.84,8.2));
#4056 = DIRECTION('',(-1.110223024625E-16,-1.,0.));
#4057 = DIRECTION('',(1.,-1.110223024625E-16,0.));
#4058 = ADVANCED_FACE('',(#4059),#4084,.F.);
#4059 = FACE_BOUND('',#4060,.F.);
#4060 = EDGE_LOOP('',(#4061,#4069,#4077,#4083));
#4061 = ORIENTED_EDGE('',*,*,#4062,.T.);
#4062 = EDGE_CURVE('',#1823,#4063,#4065,.T.);
#4063 = VERTEX_POINT('',#4064);
#4064 = CARTESIAN_POINT('',(0.3,-0.3,0.9));
#4065 = LINE('',#4066,#4067);
#4066 = CARTESIAN_POINT('',(0.3,-0.3,8.2));
#4067 = VECTOR('',#4068,1.);
#4068 = DIRECTION('',(0.,-0.,-1.));
#4069 = ORIENTED_EDGE('',*,*,#4070,.T.);
#4070 = EDGE_CURVE('',#4063,#4071,#4073,.T.);
#4071 = VERTEX_POINT('',#4072);
#4072 = CARTESIAN_POINT('',(0.3,0.3,0.9));
#4073 = LINE('',#4074,#4075);
#4074 = CARTESIAN_POINT('',(0.3,-0.3,0.9));
#4075 = VECTOR('',#4076,1.);
#4076 = DIRECTION('',(1.110223024625E-16,1.,0.));
#4077 = ORIENTED_EDGE('',*,*,#4078,.F.);
#4078 = EDGE_CURVE('',#1832,#4071,#4079,.T.);
#4079 = LINE('',#4080,#4081);
#4080 = CARTESIAN_POINT('',(0.3,0.3,8.2));
#4081 = VECTOR('',#4082,1.);
#4082 = DIRECTION('',(0.,-0.,-1.));
#4083 = ORIENTED_EDGE('',*,*,#1839,.F.);
#4084 = PLANE('',#4085);
#4085 = AXIS2_PLACEMENT_3D('',#4086,#4087,#4088);
#4086 = CARTESIAN_POINT('',(0.3,-0.3,8.2));
#4087 = DIRECTION('',(1.,-1.110223024625E-16,0.));
#4088 = DIRECTION('',(1.110223024625E-16,1.,0.));
#4089 = ADVANCED_FACE('',(#4090),#4140,.F.);
#4090 = FACE_BOUND('',#4091,.F.);
#4091 = EDGE_LOOP('',(#4092,#4093,#4094,#4102,#4110,#4118,#4126,#4134));
#4092 = ORIENTED_EDGE('',*,*,#1863,.F.);
#4093 = ORIENTED_EDGE('',*,*,#4078,.T.);
#4094 = ORIENTED_EDGE('',*,*,#4095,.T.);
#4095 = EDGE_CURVE('',#4071,#4096,#4098,.T.);
#4096 = VERTEX_POINT('',#4097);
#4097 = CARTESIAN_POINT('',(0.1,0.3,0.9));
#4098 = LINE('',#4099,#4100);
#4099 = CARTESIAN_POINT('',(0.3,0.3,0.9));
#4100 = VECTOR('',#4101,1.);
#4101 = DIRECTION('',(-1.,1.110223024625E-16,0.));
#4102 = ORIENTED_EDGE('',*,*,#4103,.T.);
#4103 = EDGE_CURVE('',#4096,#4104,#4106,.T.);
#4104 = VERTEX_POINT('',#4105);
#4105 = CARTESIAN_POINT('',(0.1,0.3,7.4));
#4106 = LINE('',#4107,#4108);
#4107 = CARTESIAN_POINT('',(0.1,0.3,6.055738799212));
#4108 = VECTOR('',#4109,1.);
#4109 = DIRECTION('',(0.,-0.,1.));
#4110 = ORIENTED_EDGE('',*,*,#4111,.F.);
#4111 = EDGE_CURVE('',#4112,#4104,#4114,.T.);
#4112 = VERTEX_POINT('',#4113);
#4113 = CARTESIAN_POINT('',(-0.1,0.3,7.4));
#4114 = LINE('',#4115,#4116);
#4115 = CARTESIAN_POINT('',(-0.1,0.3,7.4));
#4116 = VECTOR('',#4117,1.);
#4117 = DIRECTION('',(1.,-1.110223024625E-16,0.));
#4118 = ORIENTED_EDGE('',*,*,#4119,.F.);
#4119 = EDGE_CURVE('',#4120,#4112,#4122,.T.);
#4120 = VERTEX_POINT('',#4121);
#4121 = CARTESIAN_POINT('',(-0.1,0.3,0.9));
#4122 = LINE('',#4123,#4124);
#4123 = CARTESIAN_POINT('',(-0.1,0.3,6.055738799212));
#4124 = VECTOR('',#4125,1.);
#4125 = DIRECTION('',(0.,-0.,1.));
#4126 = ORIENTED_EDGE('',*,*,#4127,.T.);
#4127 = EDGE_CURVE('',#4120,#4128,#4130,.T.);
#4128 = VERTEX_POINT('',#4129);
#4129 = CARTESIAN_POINT('',(-0.3,0.3,0.9));
#4130 = LINE('',#4131,#4132);
#4131 = CARTESIAN_POINT('',(0.3,0.3,0.9));
#4132 = VECTOR('',#4133,1.);
#4133 = DIRECTION('',(-1.,1.110223024625E-16,0.));
#4134 = ORIENTED_EDGE('',*,*,#4135,.F.);
#4135 = EDGE_CURVE('',#1856,#4128,#4136,.T.);
#4136 = LINE('',#4137,#4138);
#4137 = CARTESIAN_POINT('',(-0.3,0.3,8.2));
#4138 = VECTOR('',#4139,1.);
#4139 = DIRECTION('',(0.,-0.,-1.));
#4140 = PLANE('',#4141);
#4141 = AXIS2_PLACEMENT_3D('',#4142,#4143,#4144);
#4142 = CARTESIAN_POINT('',(0.3,0.3,8.2));
#4143 = DIRECTION('',(1.110223024625E-16,1.,0.));
#4144 = DIRECTION('',(-1.,1.110223024625E-16,0.));
#4145 = ADVANCED_FACE('',(#4146),#4164,.F.);
#4146 = FACE_BOUND('',#4147,.F.);
#4147 = EDGE_LOOP('',(#4148,#4149,#4157,#4163));
#4148 = ORIENTED_EDGE('',*,*,#4135,.T.);
#4149 = ORIENTED_EDGE('',*,*,#4150,.T.);
#4150 = EDGE_CURVE('',#4128,#4151,#4153,.T.);
#4151 = VERTEX_POINT('',#4152);
#4152 = CARTESIAN_POINT('',(-0.3,-0.3,0.9));
#4153 = LINE('',#4154,#4155);
#4154 = CARTESIAN_POINT('',(-0.3,0.3,0.9));
#4155 = VECTOR('',#4156,1.);
#4156 = DIRECTION('',(-1.110223024625E-16,-1.,0.));
#4157 = ORIENTED_EDGE('',*,*,#4158,.F.);
#4158 = EDGE_CURVE('',#1880,#4151,#4159,.T.);
#4159 = LINE('',#4160,#4161);
#4160 = CARTESIAN_POINT('',(-0.3,-0.3,8.2));
#4161 = VECTOR('',#4162,1.);
#4162 = DIRECTION('',(0.,-0.,-1.));
#4163 = ORIENTED_EDGE('',*,*,#1887,.F.);
#4164 = PLANE('',#4165);
#4165 = AXIS2_PLACEMENT_3D('',#4166,#4167,#4168);
#4166 = CARTESIAN_POINT('',(-0.3,0.3,8.2));
#4167 = DIRECTION('',(-1.,1.110223024625E-16,0.));
#4168 = DIRECTION('',(-1.110223024625E-16,-1.,0.));
#4169 = ADVANCED_FACE('',(#4170),#4213,.F.);
#4170 = FACE_BOUND('',#4171,.F.);
#4171 = EDGE_LOOP('',(#4172,#4173,#4174,#4182,#4190,#4198,#4206,#4212));
#4172 = ORIENTED_EDGE('',*,*,#1904,.F.);
#4173 = ORIENTED_EDGE('',*,*,#4158,.T.);
#4174 = ORIENTED_EDGE('',*,*,#4175,.T.);
#4175 = EDGE_CURVE('',#4151,#4176,#4178,.T.);
#4176 = VERTEX_POINT('',#4177);
#4177 = CARTESIAN_POINT('',(-0.1,-0.3,0.9));
#4178 = LINE('',#4179,#4180);
#4179 = CARTESIAN_POINT('',(-0.3,-0.3,0.9));
#4180 = VECTOR('',#4181,1.);
#4181 = DIRECTION('',(1.,-1.110223024625E-16,0.));
#4182 = ORIENTED_EDGE('',*,*,#4183,.F.);
#4183 = EDGE_CURVE('',#4184,#4176,#4186,.T.);
#4184 = VERTEX_POINT('',#4185);
#4185 = CARTESIAN_POINT('',(-0.1,-0.3,7.4));
#4186 = LINE('',#4187,#4188);
#4187 = CARTESIAN_POINT('',(-0.1,-0.3,6.055738799212));
#4188 = VECTOR('',#4189,1.);
#4189 = DIRECTION('',(-0.,0.,-1.));
#4190 = ORIENTED_EDGE('',*,*,#4191,.T.);
#4191 = EDGE_CURVE('',#4184,#4192,#4194,.T.);
#4192 = VERTEX_POINT('',#4193);
#4193 = CARTESIAN_POINT('',(0.1,-0.3,7.4));
#4194 = LINE('',#4195,#4196);
#4195 = CARTESIAN_POINT('',(-0.1,-0.3,7.4));
#4196 = VECTOR('',#4197,1.);
#4197 = DIRECTION('',(1.,-1.110223024625E-16,0.));
#4198 = ORIENTED_EDGE('',*,*,#4199,.T.);
#4199 = EDGE_CURVE('',#4192,#4200,#4202,.T.);
#4200 = VERTEX_POINT('',#4201);
#4201 = CARTESIAN_POINT('',(0.1,-0.3,0.9));
#4202 = LINE('',#4203,#4204);
#4203 = CARTESIAN_POINT('',(0.1,-0.3,6.055738799212));
#4204 = VECTOR('',#4205,1.);
#4205 = DIRECTION('',(-0.,0.,-1.));
#4206 = ORIENTED_EDGE('',*,*,#4207,.T.);
#4207 = EDGE_CURVE('',#4200,#4063,#4208,.T.);
#4208 = LINE('',#4209,#4210);
#4209 = CARTESIAN_POINT('',(-0.3,-0.3,0.9));
#4210 = VECTOR('',#4211,1.);
#4211 = DIRECTION('',(1.,-1.110223024625E-16,0.));
#4212 = ORIENTED_EDGE('',*,*,#4062,.F.);
#4213 = PLANE('',#4214);
#4214 = AXIS2_PLACEMENT_3D('',#4215,#4216,#4217);
#4215 = CARTESIAN_POINT('',(-0.3,-0.3,8.2));
#4216 = DIRECTION('',(-1.110223024625E-16,-1.,0.));
#4217 = DIRECTION('',(1.,-1.110223024625E-16,0.));
#4218 = ADVANCED_FACE('',(#4219),#4230,.T.);
#4219 = FACE_BOUND('',#4220,.T.);
#4220 = EDGE_LOOP('',(#4221,#4227,#4228,#4229));
#4221 = ORIENTED_EDGE('',*,*,#4222,.T.);
#4222 = EDGE_CURVE('',#2000,#1936,#4223,.T.);
#4223 = LINE('',#4224,#4225);
#4224 = CARTESIAN_POINT('',(-0.1,-18.08,-2.5));
#4225 = VECTOR('',#4226,1.);
#4226 = DIRECTION('',(1.,-1.110223024625E-16,0.));
#4227 = ORIENTED_EDGE('',*,*,#1935,.T.);
#4228 = ORIENTED_EDGE('',*,*,#1920,.F.);
#4229 = ORIENTED_EDGE('',*,*,#1999,.F.);
#4230 = PLANE('',#4231);
#4231 = AXIS2_PLACEMENT_3D('',#4232,#4233,#4234);
#4232 = CARTESIAN_POINT('',(-0.1,-18.08,-2.5));
#4233 = DIRECTION('',(-1.110223024625E-16,-1.,0.));
#4234 = DIRECTION('',(0.,0.,1.));
#4235 = ADVANCED_FACE('',(#4236),#4247,.T.);
#4236 = FACE_BOUND('',#4237,.T.);
#4237 = EDGE_LOOP('',(#4238,#4244,#4245,#4246));
#4238 = ORIENTED_EDGE('',*,*,#4239,.T.);
#4239 = EDGE_CURVE('',#2025,#1961,#4240,.T.);
#4240 = LINE('',#4241,#4242);
#4241 = CARTESIAN_POINT('',(-0.1,-17.93,-3.1));
#4242 = VECTOR('',#4243,1.);
#4243 = DIRECTION('',(1.,-1.110223024625E-16,0.));
#4244 = ORIENTED_EDGE('',*,*,#1968,.T.);
#4245 = ORIENTED_EDGE('',*,*,#4222,.F.);
#4246 = ORIENTED_EDGE('',*,*,#2032,.F.);
#4247 = PLANE('',#4248);
#4248 = AXIS2_PLACEMENT_3D('',#4249,#4250,#4251);
#4249 = CARTESIAN_POINT('',(-0.1,-17.93,-3.1));
#4250 = DIRECTION('',(-1.077074540829E-16,-0.970142500145,
    -0.242535625036));
#4251 = DIRECTION('',(-2.692686352073E-17,-0.242535625036,0.970142500145
    ));
#4252 = ADVANCED_FACE('',(#4253),#4264,.T.);
#4253 = FACE_BOUND('',#4254,.T.);
#4254 = EDGE_LOOP('',(#4255,#4261,#4262,#4263));
#4255 = ORIENTED_EDGE('',*,*,#4256,.T.);
#4256 = EDGE_CURVE('',#2017,#1953,#4257,.T.);
#4257 = LINE('',#4258,#4259);
#4258 = CARTESIAN_POINT('',(-0.1,-17.63,-3.1));
#4259 = VECTOR('',#4260,1.);
#4260 = DIRECTION('',(1.,-1.110223024625E-16,0.));
#4261 = ORIENTED_EDGE('',*,*,#1960,.T.);
#4262 = ORIENTED_EDGE('',*,*,#4239,.F.);
#4263 = ORIENTED_EDGE('',*,*,#2024,.T.);
#4264 = PLANE('',#4265);
#4265 = AXIS2_PLACEMENT_3D('',#4266,#4267,#4268);
#4266 = CARTESIAN_POINT('',(-0.1,-17.63,-3.1));
#4267 = DIRECTION('',(0.,-0.,-1.));
#4268 = DIRECTION('',(-1.110223024625E-16,-1.,0.));
#4269 = ADVANCED_FACE('',(#4270),#4281,.T.);
#4270 = FACE_BOUND('',#4271,.T.);
#4271 = EDGE_LOOP('',(#4272,#4278,#4279,#4280));
#4272 = ORIENTED_EDGE('',*,*,#4273,.T.);
#4273 = EDGE_CURVE('',#2009,#1945,#4274,.T.);
#4274 = LINE('',#4275,#4276);
#4275 = CARTESIAN_POINT('',(-0.1,-17.48,-2.5));
#4276 = VECTOR('',#4277,1.);
#4277 = DIRECTION('',(1.,-1.110223024625E-16,0.));
#4278 = ORIENTED_EDGE('',*,*,#1952,.T.);
#4279 = ORIENTED_EDGE('',*,*,#4256,.F.);
#4280 = ORIENTED_EDGE('',*,*,#2016,.F.);
#4281 = PLANE('',#4282);
#4282 = AXIS2_PLACEMENT_3D('',#4283,#4284,#4285);
#4283 = CARTESIAN_POINT('',(-0.1,-17.48,-2.5));
#4284 = DIRECTION('',(1.077074540829E-16,0.970142500145,-0.242535625036)
  );
#4285 = DIRECTION('',(-2.692686352073E-17,-0.242535625036,
    -0.970142500145));
#4286 = ADVANCED_FACE('',(#4287),#4293,.T.);
#4287 = FACE_BOUND('',#4288,.T.);
#4288 = EDGE_LOOP('',(#4289,#4290,#4291,#4292));
#4289 = ORIENTED_EDGE('',*,*,#1982,.T.);
#4290 = ORIENTED_EDGE('',*,*,#1944,.T.);
#4291 = ORIENTED_EDGE('',*,*,#4273,.F.);
#4292 = ORIENTED_EDGE('',*,*,#2008,.F.);
#4293 = PLANE('',#4294);
#4294 = AXIS2_PLACEMENT_3D('',#4295,#4296,#4297);
#4295 = CARTESIAN_POINT('',(-0.1,-17.48,0.2));
#4296 = DIRECTION('',(1.110223024625E-16,1.,0.));
#4297 = DIRECTION('',(0.,0.,-1.));
#4298 = ADVANCED_FACE('',(#4299),#4310,.T.);
#4299 = FACE_BOUND('',#4300,.T.);
#4300 = EDGE_LOOP('',(#4301,#4307,#4308,#4309));
#4301 = ORIENTED_EDGE('',*,*,#4302,.T.);
#4302 = EDGE_CURVE('',#2128,#2064,#4303,.T.);
#4303 = LINE('',#4304,#4305);
#4304 = CARTESIAN_POINT('',(-0.1,-15.54,-2.5));
#4305 = VECTOR('',#4306,1.);
#4306 = DIRECTION('',(1.,-1.110223024625E-16,0.));
#4307 = ORIENTED_EDGE('',*,*,#2063,.T.);
#4308 = ORIENTED_EDGE('',*,*,#2048,.F.);
#4309 = ORIENTED_EDGE('',*,*,#2127,.F.);
#4310 = PLANE('',#4311);
#4311 = AXIS2_PLACEMENT_3D('',#4312,#4313,#4314);
#4312 = CARTESIAN_POINT('',(-0.1,-15.54,-2.5));
#4313 = DIRECTION('',(-1.110223024625E-16,-1.,0.));
#4314 = DIRECTION('',(0.,0.,1.));
#4315 = ADVANCED_FACE('',(#4316),#4327,.T.);
#4316 = FACE_BOUND('',#4317,.T.);
#4317 = EDGE_LOOP('',(#4318,#4324,#4325,#4326));
#4318 = ORIENTED_EDGE('',*,*,#4319,.T.);
#4319 = EDGE_CURVE('',#2153,#2089,#4320,.T.);
#4320 = LINE('',#4321,#4322);
#4321 = CARTESIAN_POINT('',(-0.1,-15.39,-3.1));
#4322 = VECTOR('',#4323,1.);
#4323 = DIRECTION('',(1.,-1.110223024625E-16,0.));
#4324 = ORIENTED_EDGE('',*,*,#2096,.T.);
#4325 = ORIENTED_EDGE('',*,*,#4302,.F.);
#4326 = ORIENTED_EDGE('',*,*,#2160,.F.);
#4327 = PLANE('',#4328);
#4328 = AXIS2_PLACEMENT_3D('',#4329,#4330,#4331);
#4329 = CARTESIAN_POINT('',(-0.1,-15.39,-3.1));
#4330 = DIRECTION('',(-1.077074540829E-16,-0.970142500145,
    -0.242535625036));
#4331 = DIRECTION('',(-2.692686352073E-17,-0.242535625036,0.970142500145
    ));
#4332 = ADVANCED_FACE('',(#4333),#4344,.T.);
#4333 = FACE_BOUND('',#4334,.T.);
#4334 = EDGE_LOOP('',(#4335,#4341,#4342,#4343));
#4335 = ORIENTED_EDGE('',*,*,#4336,.T.);
#4336 = EDGE_CURVE('',#2145,#2081,#4337,.T.);
#4337 = LINE('',#4338,#4339);
#4338 = CARTESIAN_POINT('',(-0.1,-15.09,-3.1));
#4339 = VECTOR('',#4340,1.);
#4340 = DIRECTION('',(1.,-1.110223024625E-16,0.));
#4341 = ORIENTED_EDGE('',*,*,#2088,.T.);
#4342 = ORIENTED_EDGE('',*,*,#4319,.F.);
#4343 = ORIENTED_EDGE('',*,*,#2152,.T.);
#4344 = PLANE('',#4345);
#4345 = AXIS2_PLACEMENT_3D('',#4346,#4347,#4348);
#4346 = CARTESIAN_POINT('',(-0.1,-15.09,-3.1));
#4347 = DIRECTION('',(0.,-0.,-1.));
#4348 = DIRECTION('',(-1.110223024625E-16,-1.,0.));
#4349 = ADVANCED_FACE('',(#4350),#4361,.T.);
#4350 = FACE_BOUND('',#4351,.T.);
#4351 = EDGE_LOOP('',(#4352,#4358,#4359,#4360));
#4352 = ORIENTED_EDGE('',*,*,#4353,.T.);
#4353 = EDGE_CURVE('',#2137,#2073,#4354,.T.);
#4354 = LINE('',#4355,#4356);
#4355 = CARTESIAN_POINT('',(-0.1,-14.94,-2.5));
#4356 = VECTOR('',#4357,1.);
#4357 = DIRECTION('',(1.,-1.110223024625E-16,0.));
#4358 = ORIENTED_EDGE('',*,*,#2080,.T.);
#4359 = ORIENTED_EDGE('',*,*,#4336,.F.);
#4360 = ORIENTED_EDGE('',*,*,#2144,.F.);
#4361 = PLANE('',#4362);
#4362 = AXIS2_PLACEMENT_3D('',#4363,#4364,#4365);
#4363 = CARTESIAN_POINT('',(-0.1,-14.94,-2.5));
#4364 = DIRECTION('',(1.077074540829E-16,0.970142500145,-0.242535625036)
  );
#4365 = DIRECTION('',(-2.692686352073E-17,-0.242535625036,
    -0.970142500145));
#4366 = ADVANCED_FACE('',(#4367),#4373,.T.);
#4367 = FACE_BOUND('',#4368,.T.);
#4368 = EDGE_LOOP('',(#4369,#4370,#4371,#4372));
#4369 = ORIENTED_EDGE('',*,*,#2110,.T.);
#4370 = ORIENTED_EDGE('',*,*,#2072,.T.);
#4371 = ORIENTED_EDGE('',*,*,#4353,.F.);
#4372 = ORIENTED_EDGE('',*,*,#2136,.F.);
#4373 = PLANE('',#4374);
#4374 = AXIS2_PLACEMENT_3D('',#4375,#4376,#4377);
#4375 = CARTESIAN_POINT('',(-0.1,-14.94,0.2));
#4376 = DIRECTION('',(1.110223024625E-16,1.,0.));
#4377 = DIRECTION('',(0.,0.,-1.));
#4378 = ADVANCED_FACE('',(#4379),#4390,.T.);
#4379 = FACE_BOUND('',#4380,.T.);
#4380 = EDGE_LOOP('',(#4381,#4387,#4388,#4389));
#4381 = ORIENTED_EDGE('',*,*,#4382,.T.);
#4382 = EDGE_CURVE('',#2256,#2192,#4383,.T.);
#4383 = LINE('',#4384,#4385);
#4384 = CARTESIAN_POINT('',(-0.1,-13.,-2.5));
#4385 = VECTOR('',#4386,1.);
#4386 = DIRECTION('',(1.,-1.110223024625E-16,0.));
#4387 = ORIENTED_EDGE('',*,*,#2191,.T.);
#4388 = ORIENTED_EDGE('',*,*,#2176,.F.);
#4389 = ORIENTED_EDGE('',*,*,#2255,.F.);
#4390 = PLANE('',#4391);
#4391 = AXIS2_PLACEMENT_3D('',#4392,#4393,#4394);
#4392 = CARTESIAN_POINT('',(-0.1,-13.,-2.5));
#4393 = DIRECTION('',(-1.110223024625E-16,-1.,0.));
#4394 = DIRECTION('',(0.,0.,1.));
#4395 = ADVANCED_FACE('',(#4396),#4407,.T.);
#4396 = FACE_BOUND('',#4397,.T.);
#4397 = EDGE_LOOP('',(#4398,#4404,#4405,#4406));
#4398 = ORIENTED_EDGE('',*,*,#4399,.T.);
#4399 = EDGE_CURVE('',#2281,#2217,#4400,.T.);
#4400 = LINE('',#4401,#4402);
#4401 = CARTESIAN_POINT('',(-0.1,-12.85,-3.1));
#4402 = VECTOR('',#4403,1.);
#4403 = DIRECTION('',(1.,-1.110223024625E-16,0.));
#4404 = ORIENTED_EDGE('',*,*,#2224,.T.);
#4405 = ORIENTED_EDGE('',*,*,#4382,.F.);
#4406 = ORIENTED_EDGE('',*,*,#2288,.F.);
#4407 = PLANE('',#4408);
#4408 = AXIS2_PLACEMENT_3D('',#4409,#4410,#4411);
#4409 = CARTESIAN_POINT('',(-0.1,-12.85,-3.1));
#4410 = DIRECTION('',(-1.077074540829E-16,-0.970142500145,
    -0.242535625036));
#4411 = DIRECTION('',(-2.692686352073E-17,-0.242535625036,0.970142500145
    ));
#4412 = ADVANCED_FACE('',(#4413),#4424,.T.);
#4413 = FACE_BOUND('',#4414,.T.);
#4414 = EDGE_LOOP('',(#4415,#4421,#4422,#4423));
#4415 = ORIENTED_EDGE('',*,*,#4416,.T.);
#4416 = EDGE_CURVE('',#2273,#2209,#4417,.T.);
#4417 = LINE('',#4418,#4419);
#4418 = CARTESIAN_POINT('',(-0.1,-12.55,-3.1));
#4419 = VECTOR('',#4420,1.);
#4420 = DIRECTION('',(1.,-1.110223024625E-16,0.));
#4421 = ORIENTED_EDGE('',*,*,#2216,.T.);
#4422 = ORIENTED_EDGE('',*,*,#4399,.F.);
#4423 = ORIENTED_EDGE('',*,*,#2280,.T.);
#4424 = PLANE('',#4425);
#4425 = AXIS2_PLACEMENT_3D('',#4426,#4427,#4428);
#4426 = CARTESIAN_POINT('',(-0.1,-12.55,-3.1));
#4427 = DIRECTION('',(0.,-0.,-1.));
#4428 = DIRECTION('',(-1.110223024625E-16,-1.,0.));
#4429 = ADVANCED_FACE('',(#4430),#4441,.T.);
#4430 = FACE_BOUND('',#4431,.T.);
#4431 = EDGE_LOOP('',(#4432,#4438,#4439,#4440));
#4432 = ORIENTED_EDGE('',*,*,#4433,.T.);
#4433 = EDGE_CURVE('',#2265,#2201,#4434,.T.);
#4434 = LINE('',#4435,#4436);
#4435 = CARTESIAN_POINT('',(-0.1,-12.4,-2.5));
#4436 = VECTOR('',#4437,1.);
#4437 = DIRECTION('',(1.,-1.110223024625E-16,0.));
#4438 = ORIENTED_EDGE('',*,*,#2208,.T.);
#4439 = ORIENTED_EDGE('',*,*,#4416,.F.);
#4440 = ORIENTED_EDGE('',*,*,#2272,.F.);
#4441 = PLANE('',#4442);
#4442 = AXIS2_PLACEMENT_3D('',#4443,#4444,#4445);
#4443 = CARTESIAN_POINT('',(-0.1,-12.4,-2.5));
#4444 = DIRECTION('',(1.077074540829E-16,0.970142500145,-0.242535625036)
  );
#4445 = DIRECTION('',(-2.692686352073E-17,-0.242535625036,
    -0.970142500145));
#4446 = ADVANCED_FACE('',(#4447),#4453,.T.);
#4447 = FACE_BOUND('',#4448,.T.);
#4448 = EDGE_LOOP('',(#4449,#4450,#4451,#4452));
#4449 = ORIENTED_EDGE('',*,*,#2238,.T.);
#4450 = ORIENTED_EDGE('',*,*,#2200,.T.);
#4451 = ORIENTED_EDGE('',*,*,#4433,.F.);
#4452 = ORIENTED_EDGE('',*,*,#2264,.F.);
#4453 = PLANE('',#4454);
#4454 = AXIS2_PLACEMENT_3D('',#4455,#4456,#4457);
#4455 = CARTESIAN_POINT('',(-0.1,-12.4,0.2));
#4456 = DIRECTION('',(1.110223024625E-16,1.,0.));
#4457 = DIRECTION('',(0.,0.,-1.));
#4458 = ADVANCED_FACE('',(#4459),#4470,.T.);
#4459 = FACE_BOUND('',#4460,.T.);
#4460 = EDGE_LOOP('',(#4461,#4467,#4468,#4469));
#4461 = ORIENTED_EDGE('',*,*,#4462,.T.);
#4462 = EDGE_CURVE('',#2384,#2320,#4463,.T.);
#4463 = LINE('',#4464,#4465);
#4464 = CARTESIAN_POINT('',(-0.1,-10.46,-2.5));
#4465 = VECTOR('',#4466,1.);
#4466 = DIRECTION('',(1.,-1.110223024625E-16,0.));
#4467 = ORIENTED_EDGE('',*,*,#2319,.T.);
#4468 = ORIENTED_EDGE('',*,*,#2304,.F.);
#4469 = ORIENTED_EDGE('',*,*,#2383,.F.);
#4470 = PLANE('',#4471);
#4471 = AXIS2_PLACEMENT_3D('',#4472,#4473,#4474);
#4472 = CARTESIAN_POINT('',(-0.1,-10.46,-2.5));
#4473 = DIRECTION('',(-1.110223024625E-16,-1.,0.));
#4474 = DIRECTION('',(0.,0.,1.));
#4475 = ADVANCED_FACE('',(#4476),#4487,.T.);
#4476 = FACE_BOUND('',#4477,.T.);
#4477 = EDGE_LOOP('',(#4478,#4484,#4485,#4486));
#4478 = ORIENTED_EDGE('',*,*,#4479,.T.);
#4479 = EDGE_CURVE('',#2409,#2345,#4480,.T.);
#4480 = LINE('',#4481,#4482);
#4481 = CARTESIAN_POINT('',(-0.1,-10.31,-3.1));
#4482 = VECTOR('',#4483,1.);
#4483 = DIRECTION('',(1.,-1.110223024625E-16,0.));
#4484 = ORIENTED_EDGE('',*,*,#2352,.T.);
#4485 = ORIENTED_EDGE('',*,*,#4462,.F.);
#4486 = ORIENTED_EDGE('',*,*,#2416,.F.);
#4487 = PLANE('',#4488);
#4488 = AXIS2_PLACEMENT_3D('',#4489,#4490,#4491);
#4489 = CARTESIAN_POINT('',(-0.1,-10.31,-3.1));
#4490 = DIRECTION('',(-1.077074540829E-16,-0.970142500145,
    -0.242535625036));
#4491 = DIRECTION('',(-2.692686352073E-17,-0.242535625036,0.970142500145
    ));
#4492 = ADVANCED_FACE('',(#4493),#4504,.T.);
#4493 = FACE_BOUND('',#4494,.T.);
#4494 = EDGE_LOOP('',(#4495,#4501,#4502,#4503));
#4495 = ORIENTED_EDGE('',*,*,#4496,.T.);
#4496 = EDGE_CURVE('',#2401,#2337,#4497,.T.);
#4497 = LINE('',#4498,#4499);
#4498 = CARTESIAN_POINT('',(-0.1,-10.01,-3.1));
#4499 = VECTOR('',#4500,1.);
#4500 = DIRECTION('',(1.,-1.110223024625E-16,0.));
#4501 = ORIENTED_EDGE('',*,*,#2344,.T.);
#4502 = ORIENTED_EDGE('',*,*,#4479,.F.);
#4503 = ORIENTED_EDGE('',*,*,#2408,.T.);
#4504 = PLANE('',#4505);
#4505 = AXIS2_PLACEMENT_3D('',#4506,#4507,#4508);
#4506 = CARTESIAN_POINT('',(-0.1,-10.01,-3.1));
#4507 = DIRECTION('',(0.,-0.,-1.));
#4508 = DIRECTION('',(-1.110223024625E-16,-1.,0.));
#4509 = ADVANCED_FACE('',(#4510),#4521,.T.);
#4510 = FACE_BOUND('',#4511,.T.);
#4511 = EDGE_LOOP('',(#4512,#4518,#4519,#4520));
#4512 = ORIENTED_EDGE('',*,*,#4513,.T.);
#4513 = EDGE_CURVE('',#2393,#2329,#4514,.T.);
#4514 = LINE('',#4515,#4516);
#4515 = CARTESIAN_POINT('',(-0.1,-9.86,-2.5));
#4516 = VECTOR('',#4517,1.);
#4517 = DIRECTION('',(1.,-1.110223024625E-16,0.));
#4518 = ORIENTED_EDGE('',*,*,#2336,.T.);
#4519 = ORIENTED_EDGE('',*,*,#4496,.F.);
#4520 = ORIENTED_EDGE('',*,*,#2400,.F.);
#4521 = PLANE('',#4522);
#4522 = AXIS2_PLACEMENT_3D('',#4523,#4524,#4525);
#4523 = CARTESIAN_POINT('',(-0.1,-9.86,-2.5));
#4524 = DIRECTION('',(1.077074540829E-16,0.970142500145,-0.242535625036)
  );
#4525 = DIRECTION('',(-2.692686352073E-17,-0.242535625036,
    -0.970142500145));
#4526 = ADVANCED_FACE('',(#4527),#4533,.T.);
#4527 = FACE_BOUND('',#4528,.T.);
#4528 = EDGE_LOOP('',(#4529,#4530,#4531,#4532));
#4529 = ORIENTED_EDGE('',*,*,#2366,.T.);
#4530 = ORIENTED_EDGE('',*,*,#2328,.T.);
#4531 = ORIENTED_EDGE('',*,*,#4513,.F.);
#4532 = ORIENTED_EDGE('',*,*,#2392,.F.);
#4533 = PLANE('',#4534);
#4534 = AXIS2_PLACEMENT_3D('',#4535,#4536,#4537);
#4535 = CARTESIAN_POINT('',(-0.1,-9.86,0.2));
#4536 = DIRECTION('',(1.110223024625E-16,1.,0.));
#4537 = DIRECTION('',(0.,0.,-1.));
#4538 = ADVANCED_FACE('',(#4539),#4550,.T.);
#4539 = FACE_BOUND('',#4540,.T.);
#4540 = EDGE_LOOP('',(#4541,#4547,#4548,#4549));
#4541 = ORIENTED_EDGE('',*,*,#4542,.T.);
#4542 = EDGE_CURVE('',#2512,#2448,#4543,.T.);
#4543 = LINE('',#4544,#4545);
#4544 = CARTESIAN_POINT('',(-0.1,-7.92,-2.5));
#4545 = VECTOR('',#4546,1.);
#4546 = DIRECTION('',(1.,-1.110223024625E-16,0.));
#4547 = ORIENTED_EDGE('',*,*,#2447,.T.);
#4548 = ORIENTED_EDGE('',*,*,#2432,.F.);
#4549 = ORIENTED_EDGE('',*,*,#2511,.F.);
#4550 = PLANE('',#4551);
#4551 = AXIS2_PLACEMENT_3D('',#4552,#4553,#4554);
#4552 = CARTESIAN_POINT('',(-0.1,-7.92,-2.5));
#4553 = DIRECTION('',(-1.110223024625E-16,-1.,0.));
#4554 = DIRECTION('',(0.,0.,1.));
#4555 = ADVANCED_FACE('',(#4556),#4567,.T.);
#4556 = FACE_BOUND('',#4557,.T.);
#4557 = EDGE_LOOP('',(#4558,#4564,#4565,#4566));
#4558 = ORIENTED_EDGE('',*,*,#4559,.T.);
#4559 = EDGE_CURVE('',#2537,#2473,#4560,.T.);
#4560 = LINE('',#4561,#4562);
#4561 = CARTESIAN_POINT('',(-0.1,-7.77,-3.1));
#4562 = VECTOR('',#4563,1.);
#4563 = DIRECTION('',(1.,-1.110223024625E-16,0.));
#4564 = ORIENTED_EDGE('',*,*,#2480,.T.);
#4565 = ORIENTED_EDGE('',*,*,#4542,.F.);
#4566 = ORIENTED_EDGE('',*,*,#2544,.F.);
#4567 = PLANE('',#4568);
#4568 = AXIS2_PLACEMENT_3D('',#4569,#4570,#4571);
#4569 = CARTESIAN_POINT('',(-0.1,-7.77,-3.1));
#4570 = DIRECTION('',(-1.077074540829E-16,-0.970142500145,
    -0.242535625036));
#4571 = DIRECTION('',(-2.692686352073E-17,-0.242535625036,0.970142500145
    ));
#4572 = ADVANCED_FACE('',(#4573),#4584,.T.);
#4573 = FACE_BOUND('',#4574,.T.);
#4574 = EDGE_LOOP('',(#4575,#4581,#4582,#4583));
#4575 = ORIENTED_EDGE('',*,*,#4576,.T.);
#4576 = EDGE_CURVE('',#2529,#2465,#4577,.T.);
#4577 = LINE('',#4578,#4579);
#4578 = CARTESIAN_POINT('',(-0.1,-7.47,-3.1));
#4579 = VECTOR('',#4580,1.);
#4580 = DIRECTION('',(1.,-1.110223024625E-16,0.));
#4581 = ORIENTED_EDGE('',*,*,#2472,.T.);
#4582 = ORIENTED_EDGE('',*,*,#4559,.F.);
#4583 = ORIENTED_EDGE('',*,*,#2536,.T.);
#4584 = PLANE('',#4585);
#4585 = AXIS2_PLACEMENT_3D('',#4586,#4587,#4588);
#4586 = CARTESIAN_POINT('',(-0.1,-7.47,-3.1));
#4587 = DIRECTION('',(0.,-0.,-1.));
#4588 = DIRECTION('',(-1.110223024625E-16,-1.,0.));
#4589 = ADVANCED_FACE('',(#4590),#4601,.T.);
#4590 = FACE_BOUND('',#4591,.T.);
#4591 = EDGE_LOOP('',(#4592,#4598,#4599,#4600));
#4592 = ORIENTED_EDGE('',*,*,#4593,.T.);
#4593 = EDGE_CURVE('',#2521,#2457,#4594,.T.);
#4594 = LINE('',#4595,#4596);
#4595 = CARTESIAN_POINT('',(-0.1,-7.32,-2.5));
#4596 = VECTOR('',#4597,1.);
#4597 = DIRECTION('',(1.,-1.110223024625E-16,0.));
#4598 = ORIENTED_EDGE('',*,*,#2464,.T.);
#4599 = ORIENTED_EDGE('',*,*,#4576,.F.);
#4600 = ORIENTED_EDGE('',*,*,#2528,.F.);
#4601 = PLANE('',#4602);
#4602 = AXIS2_PLACEMENT_3D('',#4603,#4604,#4605);
#4603 = CARTESIAN_POINT('',(-0.1,-7.32,-2.5));
#4604 = DIRECTION('',(1.077074540829E-16,0.970142500145,-0.242535625036)
  );
#4605 = DIRECTION('',(-2.692686352073E-17,-0.242535625036,
    -0.970142500145));
#4606 = ADVANCED_FACE('',(#4607),#4613,.T.);
#4607 = FACE_BOUND('',#4608,.T.);
#4608 = EDGE_LOOP('',(#4609,#4610,#4611,#4612));
#4609 = ORIENTED_EDGE('',*,*,#2494,.T.);
#4610 = ORIENTED_EDGE('',*,*,#2456,.T.);
#4611 = ORIENTED_EDGE('',*,*,#4593,.F.);
#4612 = ORIENTED_EDGE('',*,*,#2520,.F.);
#4613 = PLANE('',#4614);
#4614 = AXIS2_PLACEMENT_3D('',#4615,#4616,#4617);
#4615 = CARTESIAN_POINT('',(-0.1,-7.32,0.2));
#4616 = DIRECTION('',(1.110223024625E-16,1.,0.));
#4617 = DIRECTION('',(0.,0.,-1.));
#4618 = ADVANCED_FACE('',(#4619),#4630,.T.);
#4619 = FACE_BOUND('',#4620,.T.);
#4620 = EDGE_LOOP('',(#4621,#4627,#4628,#4629));
#4621 = ORIENTED_EDGE('',*,*,#4622,.T.);
#4622 = EDGE_CURVE('',#2640,#2576,#4623,.T.);
#4623 = LINE('',#4624,#4625);
#4624 = CARTESIAN_POINT('',(-0.1,-5.38,-2.5));
#4625 = VECTOR('',#4626,1.);
#4626 = DIRECTION('',(1.,-1.110223024625E-16,0.));
#4627 = ORIENTED_EDGE('',*,*,#2575,.T.);
#4628 = ORIENTED_EDGE('',*,*,#2560,.F.);
#4629 = ORIENTED_EDGE('',*,*,#2639,.F.);
#4630 = PLANE('',#4631);
#4631 = AXIS2_PLACEMENT_3D('',#4632,#4633,#4634);
#4632 = CARTESIAN_POINT('',(-0.1,-5.38,-2.5));
#4633 = DIRECTION('',(-1.110223024625E-16,-1.,0.));
#4634 = DIRECTION('',(0.,0.,1.));
#4635 = ADVANCED_FACE('',(#4636),#4647,.T.);
#4636 = FACE_BOUND('',#4637,.T.);
#4637 = EDGE_LOOP('',(#4638,#4644,#4645,#4646));
#4638 = ORIENTED_EDGE('',*,*,#4639,.T.);
#4639 = EDGE_CURVE('',#2665,#2601,#4640,.T.);
#4640 = LINE('',#4641,#4642);
#4641 = CARTESIAN_POINT('',(-0.1,-5.23,-3.1));
#4642 = VECTOR('',#4643,1.);
#4643 = DIRECTION('',(1.,-1.110223024625E-16,0.));
#4644 = ORIENTED_EDGE('',*,*,#2608,.T.);
#4645 = ORIENTED_EDGE('',*,*,#4622,.F.);
#4646 = ORIENTED_EDGE('',*,*,#2672,.F.);
#4647 = PLANE('',#4648);
#4648 = AXIS2_PLACEMENT_3D('',#4649,#4650,#4651);
#4649 = CARTESIAN_POINT('',(-0.1,-5.23,-3.1));
#4650 = DIRECTION('',(-1.077074540829E-16,-0.970142500145,
    -0.242535625036));
#4651 = DIRECTION('',(-2.692686352073E-17,-0.242535625036,0.970142500145
    ));
#4652 = ADVANCED_FACE('',(#4653),#4664,.T.);
#4653 = FACE_BOUND('',#4654,.T.);
#4654 = EDGE_LOOP('',(#4655,#4661,#4662,#4663));
#4655 = ORIENTED_EDGE('',*,*,#4656,.T.);
#4656 = EDGE_CURVE('',#2657,#2593,#4657,.T.);
#4657 = LINE('',#4658,#4659);
#4658 = CARTESIAN_POINT('',(-0.1,-4.93,-3.1));
#4659 = VECTOR('',#4660,1.);
#4660 = DIRECTION('',(1.,-1.110223024625E-16,0.));
#4661 = ORIENTED_EDGE('',*,*,#2600,.T.);
#4662 = ORIENTED_EDGE('',*,*,#4639,.F.);
#4663 = ORIENTED_EDGE('',*,*,#2664,.T.);
#4664 = PLANE('',#4665);
#4665 = AXIS2_PLACEMENT_3D('',#4666,#4667,#4668);
#4666 = CARTESIAN_POINT('',(-0.1,-4.93,-3.1));
#4667 = DIRECTION('',(0.,-0.,-1.));
#4668 = DIRECTION('',(-1.110223024625E-16,-1.,0.));
#4669 = ADVANCED_FACE('',(#4670),#4681,.T.);
#4670 = FACE_BOUND('',#4671,.T.);
#4671 = EDGE_LOOP('',(#4672,#4678,#4679,#4680));
#4672 = ORIENTED_EDGE('',*,*,#4673,.T.);
#4673 = EDGE_CURVE('',#2649,#2585,#4674,.T.);
#4674 = LINE('',#4675,#4676);
#4675 = CARTESIAN_POINT('',(-0.1,-4.78,-2.5));
#4676 = VECTOR('',#4677,1.);
#4677 = DIRECTION('',(1.,-1.110223024625E-16,0.));
#4678 = ORIENTED_EDGE('',*,*,#2592,.T.);
#4679 = ORIENTED_EDGE('',*,*,#4656,.F.);
#4680 = ORIENTED_EDGE('',*,*,#2656,.F.);
#4681 = PLANE('',#4682);
#4682 = AXIS2_PLACEMENT_3D('',#4683,#4684,#4685);
#4683 = CARTESIAN_POINT('',(-0.1,-4.78,-2.5));
#4684 = DIRECTION('',(1.077074540829E-16,0.970142500145,-0.242535625036)
  );
#4685 = DIRECTION('',(-2.692686352073E-17,-0.242535625036,
    -0.970142500145));
#4686 = ADVANCED_FACE('',(#4687),#4693,.T.);
#4687 = FACE_BOUND('',#4688,.T.);
#4688 = EDGE_LOOP('',(#4689,#4690,#4691,#4692));
#4689 = ORIENTED_EDGE('',*,*,#2622,.T.);
#4690 = ORIENTED_EDGE('',*,*,#2584,.T.);
#4691 = ORIENTED_EDGE('',*,*,#4673,.F.);
#4692 = ORIENTED_EDGE('',*,*,#2648,.F.);
#4693 = PLANE('',#4694);
#4694 = AXIS2_PLACEMENT_3D('',#4695,#4696,#4697);
#4695 = CARTESIAN_POINT('',(-0.1,-4.78,0.2));
#4696 = DIRECTION('',(1.110223024625E-16,1.,0.));
#4697 = DIRECTION('',(0.,0.,-1.));
#4698 = ADVANCED_FACE('',(#4699),#4710,.T.);
#4699 = FACE_BOUND('',#4700,.T.);
#4700 = EDGE_LOOP('',(#4701,#4707,#4708,#4709));
#4701 = ORIENTED_EDGE('',*,*,#4702,.T.);
#4702 = EDGE_CURVE('',#2768,#2704,#4703,.T.);
#4703 = LINE('',#4704,#4705);
#4704 = CARTESIAN_POINT('',(-0.1,-2.84,-2.5));
#4705 = VECTOR('',#4706,1.);
#4706 = DIRECTION('',(1.,-1.110223024625E-16,0.));
#4707 = ORIENTED_EDGE('',*,*,#2703,.T.);
#4708 = ORIENTED_EDGE('',*,*,#2688,.F.);
#4709 = ORIENTED_EDGE('',*,*,#2767,.F.);
#4710 = PLANE('',#4711);
#4711 = AXIS2_PLACEMENT_3D('',#4712,#4713,#4714);
#4712 = CARTESIAN_POINT('',(-0.1,-2.84,-2.5));
#4713 = DIRECTION('',(-1.110223024625E-16,-1.,0.));
#4714 = DIRECTION('',(0.,0.,1.));
#4715 = ADVANCED_FACE('',(#4716),#4727,.T.);
#4716 = FACE_BOUND('',#4717,.T.);
#4717 = EDGE_LOOP('',(#4718,#4724,#4725,#4726));
#4718 = ORIENTED_EDGE('',*,*,#4719,.T.);
#4719 = EDGE_CURVE('',#2793,#2729,#4720,.T.);
#4720 = LINE('',#4721,#4722);
#4721 = CARTESIAN_POINT('',(-0.1,-2.69,-3.1));
#4722 = VECTOR('',#4723,1.);
#4723 = DIRECTION('',(1.,-1.110223024625E-16,0.));
#4724 = ORIENTED_EDGE('',*,*,#2736,.T.);
#4725 = ORIENTED_EDGE('',*,*,#4702,.F.);
#4726 = ORIENTED_EDGE('',*,*,#2800,.F.);
#4727 = PLANE('',#4728);
#4728 = AXIS2_PLACEMENT_3D('',#4729,#4730,#4731);
#4729 = CARTESIAN_POINT('',(-0.1,-2.69,-3.1));
#4730 = DIRECTION('',(-1.077074540829E-16,-0.970142500145,
    -0.242535625036));
#4731 = DIRECTION('',(-2.692686352073E-17,-0.242535625036,0.970142500145
    ));
#4732 = ADVANCED_FACE('',(#4733),#4744,.T.);
#4733 = FACE_BOUND('',#4734,.T.);
#4734 = EDGE_LOOP('',(#4735,#4741,#4742,#4743));
#4735 = ORIENTED_EDGE('',*,*,#4736,.T.);
#4736 = EDGE_CURVE('',#2785,#2721,#4737,.T.);
#4737 = LINE('',#4738,#4739);
#4738 = CARTESIAN_POINT('',(-0.1,-2.39,-3.1));
#4739 = VECTOR('',#4740,1.);
#4740 = DIRECTION('',(1.,-1.110223024625E-16,0.));
#4741 = ORIENTED_EDGE('',*,*,#2728,.T.);
#4742 = ORIENTED_EDGE('',*,*,#4719,.F.);
#4743 = ORIENTED_EDGE('',*,*,#2792,.T.);
#4744 = PLANE('',#4745);
#4745 = AXIS2_PLACEMENT_3D('',#4746,#4747,#4748);
#4746 = CARTESIAN_POINT('',(-0.1,-2.39,-3.1));
#4747 = DIRECTION('',(0.,-0.,-1.));
#4748 = DIRECTION('',(-1.110223024625E-16,-1.,0.));
#4749 = ADVANCED_FACE('',(#4750),#4761,.T.);
#4750 = FACE_BOUND('',#4751,.T.);
#4751 = EDGE_LOOP('',(#4752,#4758,#4759,#4760));
#4752 = ORIENTED_EDGE('',*,*,#4753,.T.);
#4753 = EDGE_CURVE('',#2777,#2713,#4754,.T.);
#4754 = LINE('',#4755,#4756);
#4755 = CARTESIAN_POINT('',(-0.1,-2.24,-2.5));
#4756 = VECTOR('',#4757,1.);
#4757 = DIRECTION('',(1.,-1.110223024625E-16,0.));
#4758 = ORIENTED_EDGE('',*,*,#2720,.T.);
#4759 = ORIENTED_EDGE('',*,*,#4736,.F.);
#4760 = ORIENTED_EDGE('',*,*,#2784,.F.);
#4761 = PLANE('',#4762);
#4762 = AXIS2_PLACEMENT_3D('',#4763,#4764,#4765);
#4763 = CARTESIAN_POINT('',(-0.1,-2.24,-2.5));
#4764 = DIRECTION('',(1.077074540829E-16,0.970142500145,-0.242535625036)
  );
#4765 = DIRECTION('',(-2.692686352073E-17,-0.242535625036,
    -0.970142500145));
#4766 = ADVANCED_FACE('',(#4767),#4773,.T.);
#4767 = FACE_BOUND('',#4768,.T.);
#4768 = EDGE_LOOP('',(#4769,#4770,#4771,#4772));
#4769 = ORIENTED_EDGE('',*,*,#2750,.T.);
#4770 = ORIENTED_EDGE('',*,*,#2712,.T.);
#4771 = ORIENTED_EDGE('',*,*,#4753,.F.);
#4772 = ORIENTED_EDGE('',*,*,#2776,.F.);
#4773 = PLANE('',#4774);
#4774 = AXIS2_PLACEMENT_3D('',#4775,#4776,#4777);
#4775 = CARTESIAN_POINT('',(-0.1,-2.24,0.2));
#4776 = DIRECTION('',(1.110223024625E-16,1.,0.));
#4777 = DIRECTION('',(0.,0.,-1.));
#4778 = ADVANCED_FACE('',(#4779),#4790,.T.);
#4779 = FACE_BOUND('',#4780,.T.);
#4780 = EDGE_LOOP('',(#4781,#4787,#4788,#4789));
#4781 = ORIENTED_EDGE('',*,*,#4782,.T.);
#4782 = EDGE_CURVE('',#2896,#2832,#4783,.T.);
#4783 = LINE('',#4784,#4785);
#4784 = CARTESIAN_POINT('',(-0.1,-0.3,-2.5));
#4785 = VECTOR('',#4786,1.);
#4786 = DIRECTION('',(1.,-1.110223024625E-16,0.));
#4787 = ORIENTED_EDGE('',*,*,#2831,.T.);
#4788 = ORIENTED_EDGE('',*,*,#2816,.F.);
#4789 = ORIENTED_EDGE('',*,*,#2895,.F.);
#4790 = PLANE('',#4791);
#4791 = AXIS2_PLACEMENT_3D('',#4792,#4793,#4794);
#4792 = CARTESIAN_POINT('',(-0.1,-0.3,-2.5));
#4793 = DIRECTION('',(-1.110223024625E-16,-1.,0.));
#4794 = DIRECTION('',(0.,0.,1.));
#4795 = ADVANCED_FACE('',(#4796),#4807,.T.);
#4796 = FACE_BOUND('',#4797,.T.);
#4797 = EDGE_LOOP('',(#4798,#4804,#4805,#4806));
#4798 = ORIENTED_EDGE('',*,*,#4799,.T.);
#4799 = EDGE_CURVE('',#2921,#2857,#4800,.T.);
#4800 = LINE('',#4801,#4802);
#4801 = CARTESIAN_POINT('',(-0.1,-0.15,-3.1));
#4802 = VECTOR('',#4803,1.);
#4803 = DIRECTION('',(1.,-1.110223024625E-16,0.));
#4804 = ORIENTED_EDGE('',*,*,#2864,.T.);
#4805 = ORIENTED_EDGE('',*,*,#4782,.F.);
#4806 = ORIENTED_EDGE('',*,*,#2928,.F.);
#4807 = PLANE('',#4808);
#4808 = AXIS2_PLACEMENT_3D('',#4809,#4810,#4811);
#4809 = CARTESIAN_POINT('',(-0.1,-0.15,-3.1));
#4810 = DIRECTION('',(-1.077074540829E-16,-0.970142500145,
    -0.242535625036));
#4811 = DIRECTION('',(-2.692686352073E-17,-0.242535625036,0.970142500145
    ));
#4812 = ADVANCED_FACE('',(#4813),#4824,.T.);
#4813 = FACE_BOUND('',#4814,.T.);
#4814 = EDGE_LOOP('',(#4815,#4821,#4822,#4823));
#4815 = ORIENTED_EDGE('',*,*,#4816,.T.);
#4816 = EDGE_CURVE('',#2913,#2849,#4817,.T.);
#4817 = LINE('',#4818,#4819);
#4818 = CARTESIAN_POINT('',(-0.1,0.15,-3.1));
#4819 = VECTOR('',#4820,1.);
#4820 = DIRECTION('',(1.,-1.110223024625E-16,0.));
#4821 = ORIENTED_EDGE('',*,*,#2856,.T.);
#4822 = ORIENTED_EDGE('',*,*,#4799,.F.);
#4823 = ORIENTED_EDGE('',*,*,#2920,.T.);
#4824 = PLANE('',#4825);
#4825 = AXIS2_PLACEMENT_3D('',#4826,#4827,#4828);
#4826 = CARTESIAN_POINT('',(-0.1,0.15,-3.1));
#4827 = DIRECTION('',(0.,-0.,-1.));
#4828 = DIRECTION('',(-1.110223024625E-16,-1.,0.));
#4829 = ADVANCED_FACE('',(#4830),#4841,.T.);
#4830 = FACE_BOUND('',#4831,.T.);
#4831 = EDGE_LOOP('',(#4832,#4838,#4839,#4840));
#4832 = ORIENTED_EDGE('',*,*,#4833,.T.);
#4833 = EDGE_CURVE('',#2905,#2841,#4834,.T.);
#4834 = LINE('',#4835,#4836);
#4835 = CARTESIAN_POINT('',(-0.1,0.3,-2.5));
#4836 = VECTOR('',#4837,1.);
#4837 = DIRECTION('',(1.,-1.110223024625E-16,0.));
#4838 = ORIENTED_EDGE('',*,*,#2848,.T.);
#4839 = ORIENTED_EDGE('',*,*,#4816,.F.);
#4840 = ORIENTED_EDGE('',*,*,#2912,.F.);
#4841 = PLANE('',#4842);
#4842 = AXIS2_PLACEMENT_3D('',#4843,#4844,#4845);
#4843 = CARTESIAN_POINT('',(-0.1,0.3,-2.5));
#4844 = DIRECTION('',(1.077074540829E-16,0.970142500145,-0.242535625036)
  );
#4845 = DIRECTION('',(-2.692686352073E-17,-0.242535625036,
    -0.970142500145));
#4846 = ADVANCED_FACE('',(#4847),#4853,.T.);
#4847 = FACE_BOUND('',#4848,.T.);
#4848 = EDGE_LOOP('',(#4849,#4850,#4851,#4852));
#4849 = ORIENTED_EDGE('',*,*,#2878,.T.);
#4850 = ORIENTED_EDGE('',*,*,#2840,.T.);
#4851 = ORIENTED_EDGE('',*,*,#4833,.F.);
#4852 = ORIENTED_EDGE('',*,*,#2904,.F.);
#4853 = PLANE('',#4854);
#4854 = AXIS2_PLACEMENT_3D('',#4855,#4856,#4857);
#4855 = CARTESIAN_POINT('',(-0.1,0.3,0.2));
#4856 = DIRECTION('',(1.110223024625E-16,1.,0.));
#4857 = DIRECTION('',(0.,0.,-1.));
#4858 = ADVANCED_FACE('',(#4859),#4870,.T.);
#4859 = FACE_BOUND('',#4860,.T.);
#4860 = EDGE_LOOP('',(#4861,#4862,#4863,#4864));
#4861 = ORIENTED_EDGE('',*,*,#3087,.T.);
#4862 = ORIENTED_EDGE('',*,*,#2950,.T.);
#4863 = ORIENTED_EDGE('',*,*,#2975,.T.);
#4864 = ORIENTED_EDGE('',*,*,#4865,.T.);
#4865 = EDGE_CURVE('',#2976,#3080,#4866,.T.);
#4866 = LINE('',#4867,#4868);
#4867 = CARTESIAN_POINT('',(0.1,-17.78,0.9));
#4868 = VECTOR('',#4869,1.);
#4869 = DIRECTION('',(-1.110223024625E-16,-1.,0.));
#4870 = PLANE('',#4871);
#4871 = AXIS2_PLACEMENT_3D('',#4872,#4873,#4874);
#4872 = CARTESIAN_POINT('',(-2.067651605486E-15,-17.78,0.9));
#4873 = DIRECTION('',(0.,0.,1.));
#4874 = DIRECTION('',(1.110223024625E-16,1.,-0.));
#4875 = ADVANCED_FACE('',(#4876),#4887,.T.);
#4876 = FACE_BOUND('',#4877,.T.);
#4877 = EDGE_LOOP('',(#4878,#4879,#4885,#4886));
#4878 = ORIENTED_EDGE('',*,*,#3055,.T.);
#4879 = ORIENTED_EDGE('',*,*,#4880,.F.);
#4880 = EDGE_CURVE('',#3000,#3056,#4881,.T.);
#4881 = LINE('',#4882,#4883);
#4882 = CARTESIAN_POINT('',(-0.1,-17.78,0.9));
#4883 = VECTOR('',#4884,1.);
#4884 = DIRECTION('',(-1.110223024625E-16,-1.,0.));
#4885 = ORIENTED_EDGE('',*,*,#3007,.T.);
#4886 = ORIENTED_EDGE('',*,*,#3030,.T.);
#4887 = PLANE('',#4888);
#4888 = AXIS2_PLACEMENT_3D('',#4889,#4890,#4891);
#4889 = CARTESIAN_POINT('',(-2.067651605486E-15,-17.78,0.9));
#4890 = DIRECTION('',(0.,0.,1.));
#4891 = DIRECTION('',(1.110223024625E-16,1.,-0.));
#4892 = ADVANCED_FACE('',(#4893),#4936,.T.);
#4893 = FACE_BOUND('',#4894,.T.);
#4894 = EDGE_LOOP('',(#4895,#4896,#4904,#4912,#4920,#4928,#4934,#4935));
#4895 = ORIENTED_EDGE('',*,*,#3063,.F.);
#4896 = ORIENTED_EDGE('',*,*,#4897,.T.);
#4897 = EDGE_CURVE('',#3064,#4898,#4900,.T.);
#4898 = VERTEX_POINT('',#4899);
#4899 = CARTESIAN_POINT('',(-0.1,-18.03,7.35));
#4900 = LINE('',#4901,#4902);
#4901 = CARTESIAN_POINT('',(-0.1,-18.08,7.4));
#4902 = VECTOR('',#4903,1.);
#4903 = DIRECTION('',(7.850462293414E-17,0.707106781187,-0.707106781187)
  );
#4904 = ORIENTED_EDGE('',*,*,#4905,.T.);
#4905 = EDGE_CURVE('',#4898,#4906,#4908,.T.);
#4906 = VERTEX_POINT('',#4907);
#4907 = CARTESIAN_POINT('',(-0.1,-18.03,1.25));
#4908 = LINE('',#4909,#4910);
#4909 = CARTESIAN_POINT('',(-0.1,-18.03,7.35));
#4910 = VECTOR('',#4911,1.);
#4911 = DIRECTION('',(0.,0.,-1.));
#4912 = ORIENTED_EDGE('',*,*,#4913,.T.);
#4913 = EDGE_CURVE('',#4906,#4914,#4916,.T.);
#4914 = VERTEX_POINT('',#4915);
#4915 = CARTESIAN_POINT('',(-0.1,-17.53,1.25));
#4916 = LINE('',#4917,#4918);
#4917 = CARTESIAN_POINT('',(-0.1,-18.03,1.25));
#4918 = VECTOR('',#4919,1.);
#4919 = DIRECTION('',(1.110223024625E-16,1.,0.));
#4920 = ORIENTED_EDGE('',*,*,#4921,.T.);
#4921 = EDGE_CURVE('',#4914,#4922,#4924,.T.);
#4922 = VERTEX_POINT('',#4923);
#4923 = CARTESIAN_POINT('',(-0.1,-17.53,7.35));
#4924 = LINE('',#4925,#4926);
#4925 = CARTESIAN_POINT('',(-0.1,-17.53,1.25));
#4926 = VECTOR('',#4927,1.);
#4927 = DIRECTION('',(0.,0.,1.));
#4928 = ORIENTED_EDGE('',*,*,#4929,.T.);
#4929 = EDGE_CURVE('',#4922,#2992,#4930,.T.);
#4930 = LINE('',#4931,#4932);
#4931 = CARTESIAN_POINT('',(-0.1,-17.53,7.35));
#4932 = VECTOR('',#4933,1.);
#4933 = DIRECTION('',(7.850462293414E-17,0.707106781187,0.707106781187)
  );
#4934 = ORIENTED_EDGE('',*,*,#2999,.F.);
#4935 = ORIENTED_EDGE('',*,*,#4880,.T.);
#4936 = PLANE('',#4937);
#4937 = AXIS2_PLACEMENT_3D('',#4938,#4939,#4940);
#4938 = CARTESIAN_POINT('',(-0.1,-17.78,3.911477598424));
#4939 = DIRECTION('',(-1.,1.110223024625E-16,0.));
#4940 = DIRECTION('',(0.,0.,1.));
#4941 = ADVANCED_FACE('',(#4942),#4960,.T.);
#4942 = FACE_BOUND('',#4943,.T.);
#4943 = EDGE_LOOP('',(#4944,#4952,#4958,#4959));
#4944 = ORIENTED_EDGE('',*,*,#4945,.T.);
#4945 = EDGE_CURVE('',#4922,#4946,#4948,.T.);
#4946 = VERTEX_POINT('',#4947);
#4947 = CARTESIAN_POINT('',(0.1,-17.53,7.35));
#4948 = LINE('',#4949,#4950);
#4949 = CARTESIAN_POINT('',(-0.1,-17.53,7.35));
#4950 = VECTOR('',#4951,1.);
#4951 = DIRECTION('',(1.,-1.110223024625E-16,0.));
#4952 = ORIENTED_EDGE('',*,*,#4953,.T.);
#4953 = EDGE_CURVE('',#4946,#2984,#4954,.T.);
#4954 = LINE('',#4955,#4956);
#4955 = CARTESIAN_POINT('',(0.1,-17.53,7.35));
#4956 = VECTOR('',#4957,1.);
#4957 = DIRECTION('',(7.850462293414E-17,0.707106781187,0.707106781187)
  );
#4958 = ORIENTED_EDGE('',*,*,#2991,.F.);
#4959 = ORIENTED_EDGE('',*,*,#4929,.F.);
#4960 = PLANE('',#4961);
#4961 = AXIS2_PLACEMENT_3D('',#4962,#4963,#4964);
#4962 = CARTESIAN_POINT('',(-0.1,-17.53,7.35));
#4963 = DIRECTION('',(-7.850462293414E-17,-0.707106781187,0.707106781187
    ));
#4964 = DIRECTION('',(7.850462293414E-17,0.707106781187,0.707106781187)
  );
#4965 = ADVANCED_FACE('',(#4966),#5002,.F.);
#4966 = FACE_BOUND('',#4967,.F.);
#4967 = EDGE_LOOP('',(#4968,#4969,#4977,#4985,#4993,#4999,#5000,#5001));
#4968 = ORIENTED_EDGE('',*,*,#3079,.F.);
#4969 = ORIENTED_EDGE('',*,*,#4970,.T.);
#4970 = EDGE_CURVE('',#3072,#4971,#4973,.T.);
#4971 = VERTEX_POINT('',#4972);
#4972 = CARTESIAN_POINT('',(0.1,-18.03,7.35));
#4973 = LINE('',#4974,#4975);
#4974 = CARTESIAN_POINT('',(0.1,-18.08,7.4));
#4975 = VECTOR('',#4976,1.);
#4976 = DIRECTION('',(7.850462293414E-17,0.707106781187,-0.707106781187)
  );
#4977 = ORIENTED_EDGE('',*,*,#4978,.T.);
#4978 = EDGE_CURVE('',#4971,#4979,#4981,.T.);
#4979 = VERTEX_POINT('',#4980);
#4980 = CARTESIAN_POINT('',(0.1,-18.03,1.25));
#4981 = LINE('',#4982,#4983);
#4982 = CARTESIAN_POINT('',(0.1,-18.03,7.35));
#4983 = VECTOR('',#4984,1.);
#4984 = DIRECTION('',(0.,0.,-1.));
#4985 = ORIENTED_EDGE('',*,*,#4986,.T.);
#4986 = EDGE_CURVE('',#4979,#4987,#4989,.T.);
#4987 = VERTEX_POINT('',#4988);
#4988 = CARTESIAN_POINT('',(0.1,-17.53,1.25));
#4989 = LINE('',#4990,#4991);
#4990 = CARTESIAN_POINT('',(0.1,-18.03,1.25));
#4991 = VECTOR('',#4992,1.);
#4992 = DIRECTION('',(1.110223024625E-16,1.,0.));
#4993 = ORIENTED_EDGE('',*,*,#4994,.T.);
#4994 = EDGE_CURVE('',#4987,#4946,#4995,.T.);
#4995 = LINE('',#4996,#4997);
#4996 = CARTESIAN_POINT('',(0.1,-17.53,1.25));
#4997 = VECTOR('',#4998,1.);
#4998 = DIRECTION('',(0.,0.,1.));
#4999 = ORIENTED_EDGE('',*,*,#4953,.T.);
#5000 = ORIENTED_EDGE('',*,*,#2983,.F.);
#5001 = ORIENTED_EDGE('',*,*,#4865,.T.);
#5002 = PLANE('',#5003);
#5003 = AXIS2_PLACEMENT_3D('',#5004,#5005,#5006);
#5004 = CARTESIAN_POINT('',(0.1,-17.78,3.911477598424));
#5005 = DIRECTION('',(-1.,1.110223024625E-16,0.));
#5006 = DIRECTION('',(0.,0.,1.));
#5007 = ADVANCED_FACE('',(#5008),#5019,.T.);
#5008 = FACE_BOUND('',#5009,.T.);
#5009 = EDGE_LOOP('',(#5010,#5011,#5012,#5018));
#5010 = ORIENTED_EDGE('',*,*,#3071,.T.);
#5011 = ORIENTED_EDGE('',*,*,#4970,.T.);
#5012 = ORIENTED_EDGE('',*,*,#5013,.F.);
#5013 = EDGE_CURVE('',#4898,#4971,#5014,.T.);
#5014 = LINE('',#5015,#5016);
#5015 = CARTESIAN_POINT('',(-0.1,-18.03,7.35));
#5016 = VECTOR('',#5017,1.);
#5017 = DIRECTION('',(1.,-1.110223024625E-16,0.));
#5018 = ORIENTED_EDGE('',*,*,#4897,.F.);
#5019 = PLANE('',#5020);
#5020 = AXIS2_PLACEMENT_3D('',#5021,#5022,#5023);
#5021 = CARTESIAN_POINT('',(-0.1,-18.08,7.4));
#5022 = DIRECTION('',(7.850462293414E-17,0.707106781187,0.707106781187)
  );
#5023 = DIRECTION('',(7.850462293414E-17,0.707106781187,-0.707106781187)
  );
#5024 = ADVANCED_FACE('',(#5025),#5036,.T.);
#5025 = FACE_BOUND('',#5026,.T.);
#5026 = EDGE_LOOP('',(#5027,#5028,#5029,#5030));
#5027 = ORIENTED_EDGE('',*,*,#3247,.T.);
#5028 = ORIENTED_EDGE('',*,*,#3110,.T.);
#5029 = ORIENTED_EDGE('',*,*,#3135,.T.);
#5030 = ORIENTED_EDGE('',*,*,#5031,.T.);
#5031 = EDGE_CURVE('',#3136,#3240,#5032,.T.);
#5032 = LINE('',#5033,#5034);
#5033 = CARTESIAN_POINT('',(0.1,-15.24,0.9));
#5034 = VECTOR('',#5035,1.);
#5035 = DIRECTION('',(-1.110223024625E-16,-1.,0.));
#5036 = PLANE('',#5037);
#5037 = AXIS2_PLACEMENT_3D('',#5038,#5039,#5040);
#5038 = CARTESIAN_POINT('',(-1.785654957231E-15,-15.24,0.9));
#5039 = DIRECTION('',(0.,0.,1.));
#5040 = DIRECTION('',(1.110223024625E-16,1.,-0.));
#5041 = ADVANCED_FACE('',(#5042),#5053,.T.);
#5042 = FACE_BOUND('',#5043,.T.);
#5043 = EDGE_LOOP('',(#5044,#5045,#5051,#5052));
#5044 = ORIENTED_EDGE('',*,*,#3215,.T.);
#5045 = ORIENTED_EDGE('',*,*,#5046,.F.);
#5046 = EDGE_CURVE('',#3160,#3216,#5047,.T.);
#5047 = LINE('',#5048,#5049);
#5048 = CARTESIAN_POINT('',(-0.1,-15.24,0.9));
#5049 = VECTOR('',#5050,1.);
#5050 = DIRECTION('',(-1.110223024625E-16,-1.,0.));
#5051 = ORIENTED_EDGE('',*,*,#3167,.T.);
#5052 = ORIENTED_EDGE('',*,*,#3190,.T.);
#5053 = PLANE('',#5054);
#5054 = AXIS2_PLACEMENT_3D('',#5055,#5056,#5057);
#5055 = CARTESIAN_POINT('',(-1.785654957231E-15,-15.24,0.9));
#5056 = DIRECTION('',(0.,0.,1.));
#5057 = DIRECTION('',(1.110223024625E-16,1.,-0.));
#5058 = ADVANCED_FACE('',(#5059),#5102,.T.);
#5059 = FACE_BOUND('',#5060,.T.);
#5060 = EDGE_LOOP('',(#5061,#5062,#5070,#5078,#5086,#5094,#5100,#5101));
#5061 = ORIENTED_EDGE('',*,*,#3223,.F.);
#5062 = ORIENTED_EDGE('',*,*,#5063,.T.);
#5063 = EDGE_CURVE('',#3224,#5064,#5066,.T.);
#5064 = VERTEX_POINT('',#5065);
#5065 = CARTESIAN_POINT('',(-0.1,-15.49,7.35));
#5066 = LINE('',#5067,#5068);
#5067 = CARTESIAN_POINT('',(-0.1,-15.54,7.4));
#5068 = VECTOR('',#5069,1.);
#5069 = DIRECTION('',(7.850462293414E-17,0.707106781187,-0.707106781187)
  );
#5070 = ORIENTED_EDGE('',*,*,#5071,.T.);
#5071 = EDGE_CURVE('',#5064,#5072,#5074,.T.);
#5072 = VERTEX_POINT('',#5073);
#5073 = CARTESIAN_POINT('',(-0.1,-15.49,1.25));
#5074 = LINE('',#5075,#5076);
#5075 = CARTESIAN_POINT('',(-0.1,-15.49,7.35));
#5076 = VECTOR('',#5077,1.);
#5077 = DIRECTION('',(0.,0.,-1.));
#5078 = ORIENTED_EDGE('',*,*,#5079,.T.);
#5079 = EDGE_CURVE('',#5072,#5080,#5082,.T.);
#5080 = VERTEX_POINT('',#5081);
#5081 = CARTESIAN_POINT('',(-0.1,-14.99,1.25));
#5082 = LINE('',#5083,#5084);
#5083 = CARTESIAN_POINT('',(-0.1,-15.49,1.25));
#5084 = VECTOR('',#5085,1.);
#5085 = DIRECTION('',(1.110223024625E-16,1.,0.));
#5086 = ORIENTED_EDGE('',*,*,#5087,.T.);
#5087 = EDGE_CURVE('',#5080,#5088,#5090,.T.);
#5088 = VERTEX_POINT('',#5089);
#5089 = CARTESIAN_POINT('',(-0.1,-14.99,7.35));
#5090 = LINE('',#5091,#5092);
#5091 = CARTESIAN_POINT('',(-0.1,-14.99,1.25));
#5092 = VECTOR('',#5093,1.);
#5093 = DIRECTION('',(0.,0.,1.));
#5094 = ORIENTED_EDGE('',*,*,#5095,.T.);
#5095 = EDGE_CURVE('',#5088,#3152,#5096,.T.);
#5096 = LINE('',#5097,#5098);
#5097 = CARTESIAN_POINT('',(-0.1,-14.99,7.35));
#5098 = VECTOR('',#5099,1.);
#5099 = DIRECTION('',(7.850462293414E-17,0.707106781187,0.707106781187)
  );
#5100 = ORIENTED_EDGE('',*,*,#3159,.F.);
#5101 = ORIENTED_EDGE('',*,*,#5046,.T.);
#5102 = PLANE('',#5103);
#5103 = AXIS2_PLACEMENT_3D('',#5104,#5105,#5106);
#5104 = CARTESIAN_POINT('',(-0.1,-15.24,3.911477598424));
#5105 = DIRECTION('',(-1.,1.110223024625E-16,0.));
#5106 = DIRECTION('',(0.,0.,1.));
#5107 = ADVANCED_FACE('',(#5108),#5126,.T.);
#5108 = FACE_BOUND('',#5109,.T.);
#5109 = EDGE_LOOP('',(#5110,#5118,#5124,#5125));
#5110 = ORIENTED_EDGE('',*,*,#5111,.T.);
#5111 = EDGE_CURVE('',#5088,#5112,#5114,.T.);
#5112 = VERTEX_POINT('',#5113);
#5113 = CARTESIAN_POINT('',(0.1,-14.99,7.35));
#5114 = LINE('',#5115,#5116);
#5115 = CARTESIAN_POINT('',(-0.1,-14.99,7.35));
#5116 = VECTOR('',#5117,1.);
#5117 = DIRECTION('',(1.,-1.110223024625E-16,0.));
#5118 = ORIENTED_EDGE('',*,*,#5119,.T.);
#5119 = EDGE_CURVE('',#5112,#3144,#5120,.T.);
#5120 = LINE('',#5121,#5122);
#5121 = CARTESIAN_POINT('',(0.1,-14.99,7.35));
#5122 = VECTOR('',#5123,1.);
#5123 = DIRECTION('',(7.850462293414E-17,0.707106781187,0.707106781187)
  );
#5124 = ORIENTED_EDGE('',*,*,#3151,.F.);
#5125 = ORIENTED_EDGE('',*,*,#5095,.F.);
#5126 = PLANE('',#5127);
#5127 = AXIS2_PLACEMENT_3D('',#5128,#5129,#5130);
#5128 = CARTESIAN_POINT('',(-0.1,-14.99,7.35));
#5129 = DIRECTION('',(-7.850462293414E-17,-0.707106781187,0.707106781187
    ));
#5130 = DIRECTION('',(7.850462293414E-17,0.707106781187,0.707106781187)
  );
#5131 = ADVANCED_FACE('',(#5132),#5168,.F.);
#5132 = FACE_BOUND('',#5133,.F.);
#5133 = EDGE_LOOP('',(#5134,#5135,#5143,#5151,#5159,#5165,#5166,#5167));
#5134 = ORIENTED_EDGE('',*,*,#3239,.F.);
#5135 = ORIENTED_EDGE('',*,*,#5136,.T.);
#5136 = EDGE_CURVE('',#3232,#5137,#5139,.T.);
#5137 = VERTEX_POINT('',#5138);
#5138 = CARTESIAN_POINT('',(0.1,-15.49,7.35));
#5139 = LINE('',#5140,#5141);
#5140 = CARTESIAN_POINT('',(0.1,-15.54,7.4));
#5141 = VECTOR('',#5142,1.);
#5142 = DIRECTION('',(7.850462293414E-17,0.707106781187,-0.707106781187)
  );
#5143 = ORIENTED_EDGE('',*,*,#5144,.T.);
#5144 = EDGE_CURVE('',#5137,#5145,#5147,.T.);
#5145 = VERTEX_POINT('',#5146);
#5146 = CARTESIAN_POINT('',(0.1,-15.49,1.25));
#5147 = LINE('',#5148,#5149);
#5148 = CARTESIAN_POINT('',(0.1,-15.49,7.35));
#5149 = VECTOR('',#5150,1.);
#5150 = DIRECTION('',(0.,0.,-1.));
#5151 = ORIENTED_EDGE('',*,*,#5152,.T.);
#5152 = EDGE_CURVE('',#5145,#5153,#5155,.T.);
#5153 = VERTEX_POINT('',#5154);
#5154 = CARTESIAN_POINT('',(0.1,-14.99,1.25));
#5155 = LINE('',#5156,#5157);
#5156 = CARTESIAN_POINT('',(0.1,-15.49,1.25));
#5157 = VECTOR('',#5158,1.);
#5158 = DIRECTION('',(1.110223024625E-16,1.,0.));
#5159 = ORIENTED_EDGE('',*,*,#5160,.T.);
#5160 = EDGE_CURVE('',#5153,#5112,#5161,.T.);
#5161 = LINE('',#5162,#5163);
#5162 = CARTESIAN_POINT('',(0.1,-14.99,1.25));
#5163 = VECTOR('',#5164,1.);
#5164 = DIRECTION('',(0.,0.,1.));
#5165 = ORIENTED_EDGE('',*,*,#5119,.T.);
#5166 = ORIENTED_EDGE('',*,*,#3143,.F.);
#5167 = ORIENTED_EDGE('',*,*,#5031,.T.);
#5168 = PLANE('',#5169);
#5169 = AXIS2_PLACEMENT_3D('',#5170,#5171,#5172);
#5170 = CARTESIAN_POINT('',(0.1,-15.24,3.911477598424));
#5171 = DIRECTION('',(-1.,1.110223024625E-16,0.));
#5172 = DIRECTION('',(0.,0.,1.));
#5173 = ADVANCED_FACE('',(#5174),#5185,.T.);
#5174 = FACE_BOUND('',#5175,.T.);
#5175 = EDGE_LOOP('',(#5176,#5177,#5178,#5184));
#5176 = ORIENTED_EDGE('',*,*,#3231,.T.);
#5177 = ORIENTED_EDGE('',*,*,#5136,.T.);
#5178 = ORIENTED_EDGE('',*,*,#5179,.F.);
#5179 = EDGE_CURVE('',#5064,#5137,#5180,.T.);
#5180 = LINE('',#5181,#5182);
#5181 = CARTESIAN_POINT('',(-0.1,-15.49,7.35));
#5182 = VECTOR('',#5183,1.);
#5183 = DIRECTION('',(1.,-1.110223024625E-16,0.));
#5184 = ORIENTED_EDGE('',*,*,#5063,.F.);
#5185 = PLANE('',#5186);
#5186 = AXIS2_PLACEMENT_3D('',#5187,#5188,#5189);
#5187 = CARTESIAN_POINT('',(-0.1,-15.54,7.4));
#5188 = DIRECTION('',(7.850462293414E-17,0.707106781187,0.707106781187)
  );
#5189 = DIRECTION('',(7.850462293414E-17,0.707106781187,-0.707106781187)
  );
#5190 = ADVANCED_FACE('',(#5191),#5202,.T.);
#5191 = FACE_BOUND('',#5192,.T.);
#5192 = EDGE_LOOP('',(#5193,#5194,#5195,#5196));
#5193 = ORIENTED_EDGE('',*,*,#3407,.T.);
#5194 = ORIENTED_EDGE('',*,*,#3270,.T.);
#5195 = ORIENTED_EDGE('',*,*,#3295,.T.);
#5196 = ORIENTED_EDGE('',*,*,#5197,.T.);
#5197 = EDGE_CURVE('',#3296,#3400,#5198,.T.);
#5198 = LINE('',#5199,#5200);
#5199 = CARTESIAN_POINT('',(0.1,-12.7,0.9));
#5200 = VECTOR('',#5201,1.);
#5201 = DIRECTION('',(-1.110223024625E-16,-1.,0.));
#5202 = PLANE('',#5203);
#5203 = AXIS2_PLACEMENT_3D('',#5204,#5205,#5206);
#5204 = CARTESIAN_POINT('',(-1.503658308977E-15,-12.7,0.9));
#5205 = DIRECTION('',(0.,0.,1.));
#5206 = DIRECTION('',(1.110223024625E-16,1.,-0.));
#5207 = ADVANCED_FACE('',(#5208),#5219,.T.);
#5208 = FACE_BOUND('',#5209,.T.);
#5209 = EDGE_LOOP('',(#5210,#5211,#5217,#5218));
#5210 = ORIENTED_EDGE('',*,*,#3375,.T.);
#5211 = ORIENTED_EDGE('',*,*,#5212,.F.);
#5212 = EDGE_CURVE('',#3320,#3376,#5213,.T.);
#5213 = LINE('',#5214,#5215);
#5214 = CARTESIAN_POINT('',(-0.1,-12.7,0.9));
#5215 = VECTOR('',#5216,1.);
#5216 = DIRECTION('',(-1.110223024625E-16,-1.,0.));
#5217 = ORIENTED_EDGE('',*,*,#3327,.T.);
#5218 = ORIENTED_EDGE('',*,*,#3350,.T.);
#5219 = PLANE('',#5220);
#5220 = AXIS2_PLACEMENT_3D('',#5221,#5222,#5223);
#5221 = CARTESIAN_POINT('',(-1.503658308977E-15,-12.7,0.9));
#5222 = DIRECTION('',(0.,0.,1.));
#5223 = DIRECTION('',(1.110223024625E-16,1.,-0.));
#5224 = ADVANCED_FACE('',(#5225),#5268,.T.);
#5225 = FACE_BOUND('',#5226,.T.);
#5226 = EDGE_LOOP('',(#5227,#5228,#5236,#5244,#5252,#5260,#5266,#5267));
#5227 = ORIENTED_EDGE('',*,*,#3383,.F.);
#5228 = ORIENTED_EDGE('',*,*,#5229,.T.);
#5229 = EDGE_CURVE('',#3384,#5230,#5232,.T.);
#5230 = VERTEX_POINT('',#5231);
#5231 = CARTESIAN_POINT('',(-0.1,-12.95,7.35));
#5232 = LINE('',#5233,#5234);
#5233 = CARTESIAN_POINT('',(-0.1,-13.,7.4));
#5234 = VECTOR('',#5235,1.);
#5235 = DIRECTION('',(7.850462293414E-17,0.707106781187,-0.707106781187)
  );
#5236 = ORIENTED_EDGE('',*,*,#5237,.T.);
#5237 = EDGE_CURVE('',#5230,#5238,#5240,.T.);
#5238 = VERTEX_POINT('',#5239);
#5239 = CARTESIAN_POINT('',(-0.1,-12.95,1.25));
#5240 = LINE('',#5241,#5242);
#5241 = CARTESIAN_POINT('',(-0.1,-12.95,7.35));
#5242 = VECTOR('',#5243,1.);
#5243 = DIRECTION('',(0.,0.,-1.));
#5244 = ORIENTED_EDGE('',*,*,#5245,.T.);
#5245 = EDGE_CURVE('',#5238,#5246,#5248,.T.);
#5246 = VERTEX_POINT('',#5247);
#5247 = CARTESIAN_POINT('',(-0.1,-12.45,1.25));
#5248 = LINE('',#5249,#5250);
#5249 = CARTESIAN_POINT('',(-0.1,-12.95,1.25));
#5250 = VECTOR('',#5251,1.);
#5251 = DIRECTION('',(1.110223024625E-16,1.,0.));
#5252 = ORIENTED_EDGE('',*,*,#5253,.T.);
#5253 = EDGE_CURVE('',#5246,#5254,#5256,.T.);
#5254 = VERTEX_POINT('',#5255);
#5255 = CARTESIAN_POINT('',(-0.1,-12.45,7.35));
#5256 = LINE('',#5257,#5258);
#5257 = CARTESIAN_POINT('',(-0.1,-12.45,1.25));
#5258 = VECTOR('',#5259,1.);
#5259 = DIRECTION('',(0.,0.,1.));
#5260 = ORIENTED_EDGE('',*,*,#5261,.T.);
#5261 = EDGE_CURVE('',#5254,#3312,#5262,.T.);
#5262 = LINE('',#5263,#5264);
#5263 = CARTESIAN_POINT('',(-0.1,-12.45,7.35));
#5264 = VECTOR('',#5265,1.);
#5265 = DIRECTION('',(7.850462293414E-17,0.707106781187,0.707106781187)
  );
#5266 = ORIENTED_EDGE('',*,*,#3319,.F.);
#5267 = ORIENTED_EDGE('',*,*,#5212,.T.);
#5268 = PLANE('',#5269);
#5269 = AXIS2_PLACEMENT_3D('',#5270,#5271,#5272);
#5270 = CARTESIAN_POINT('',(-0.1,-12.7,3.911477598424));
#5271 = DIRECTION('',(-1.,1.110223024625E-16,0.));
#5272 = DIRECTION('',(0.,0.,1.));
#5273 = ADVANCED_FACE('',(#5274),#5292,.T.);
#5274 = FACE_BOUND('',#5275,.T.);
#5275 = EDGE_LOOP('',(#5276,#5284,#5290,#5291));
#5276 = ORIENTED_EDGE('',*,*,#5277,.T.);
#5277 = EDGE_CURVE('',#5254,#5278,#5280,.T.);
#5278 = VERTEX_POINT('',#5279);
#5279 = CARTESIAN_POINT('',(0.1,-12.45,7.35));
#5280 = LINE('',#5281,#5282);
#5281 = CARTESIAN_POINT('',(-0.1,-12.45,7.35));
#5282 = VECTOR('',#5283,1.);
#5283 = DIRECTION('',(1.,-1.110223024625E-16,0.));
#5284 = ORIENTED_EDGE('',*,*,#5285,.T.);
#5285 = EDGE_CURVE('',#5278,#3304,#5286,.T.);
#5286 = LINE('',#5287,#5288);
#5287 = CARTESIAN_POINT('',(0.1,-12.45,7.35));
#5288 = VECTOR('',#5289,1.);
#5289 = DIRECTION('',(7.850462293414E-17,0.707106781187,0.707106781187)
  );
#5290 = ORIENTED_EDGE('',*,*,#3311,.F.);
#5291 = ORIENTED_EDGE('',*,*,#5261,.F.);
#5292 = PLANE('',#5293);
#5293 = AXIS2_PLACEMENT_3D('',#5294,#5295,#5296);
#5294 = CARTESIAN_POINT('',(-0.1,-12.45,7.35));
#5295 = DIRECTION('',(-7.850462293414E-17,-0.707106781187,0.707106781187
    ));
#5296 = DIRECTION('',(7.850462293414E-17,0.707106781187,0.707106781187)
  );
#5297 = ADVANCED_FACE('',(#5298),#5334,.F.);
#5298 = FACE_BOUND('',#5299,.F.);
#5299 = EDGE_LOOP('',(#5300,#5301,#5309,#5317,#5325,#5331,#5332,#5333));
#5300 = ORIENTED_EDGE('',*,*,#3399,.F.);
#5301 = ORIENTED_EDGE('',*,*,#5302,.T.);
#5302 = EDGE_CURVE('',#3392,#5303,#5305,.T.);
#5303 = VERTEX_POINT('',#5304);
#5304 = CARTESIAN_POINT('',(0.1,-12.95,7.35));
#5305 = LINE('',#5306,#5307);
#5306 = CARTESIAN_POINT('',(0.1,-13.,7.4));
#5307 = VECTOR('',#5308,1.);
#5308 = DIRECTION('',(7.850462293414E-17,0.707106781187,-0.707106781187)
  );
#5309 = ORIENTED_EDGE('',*,*,#5310,.T.);
#5310 = EDGE_CURVE('',#5303,#5311,#5313,.T.);
#5311 = VERTEX_POINT('',#5312);
#5312 = CARTESIAN_POINT('',(0.1,-12.95,1.25));
#5313 = LINE('',#5314,#5315);
#5314 = CARTESIAN_POINT('',(0.1,-12.95,7.35));
#5315 = VECTOR('',#5316,1.);
#5316 = DIRECTION('',(0.,0.,-1.));
#5317 = ORIENTED_EDGE('',*,*,#5318,.T.);
#5318 = EDGE_CURVE('',#5311,#5319,#5321,.T.);
#5319 = VERTEX_POINT('',#5320);
#5320 = CARTESIAN_POINT('',(0.1,-12.45,1.25));
#5321 = LINE('',#5322,#5323);
#5322 = CARTESIAN_POINT('',(0.1,-12.95,1.25));
#5323 = VECTOR('',#5324,1.);
#5324 = DIRECTION('',(1.110223024625E-16,1.,0.));
#5325 = ORIENTED_EDGE('',*,*,#5326,.T.);
#5326 = EDGE_CURVE('',#5319,#5278,#5327,.T.);
#5327 = LINE('',#5328,#5329);
#5328 = CARTESIAN_POINT('',(0.1,-12.45,1.25));
#5329 = VECTOR('',#5330,1.);
#5330 = DIRECTION('',(0.,0.,1.));
#5331 = ORIENTED_EDGE('',*,*,#5285,.T.);
#5332 = ORIENTED_EDGE('',*,*,#3303,.F.);
#5333 = ORIENTED_EDGE('',*,*,#5197,.T.);
#5334 = PLANE('',#5335);
#5335 = AXIS2_PLACEMENT_3D('',#5336,#5337,#5338);
#5336 = CARTESIAN_POINT('',(0.1,-12.7,3.911477598424));
#5337 = DIRECTION('',(-1.,1.110223024625E-16,0.));
#5338 = DIRECTION('',(0.,0.,1.));
#5339 = ADVANCED_FACE('',(#5340),#5351,.T.);
#5340 = FACE_BOUND('',#5341,.T.);
#5341 = EDGE_LOOP('',(#5342,#5343,#5344,#5350));
#5342 = ORIENTED_EDGE('',*,*,#3391,.T.);
#5343 = ORIENTED_EDGE('',*,*,#5302,.T.);
#5344 = ORIENTED_EDGE('',*,*,#5345,.F.);
#5345 = EDGE_CURVE('',#5230,#5303,#5346,.T.);
#5346 = LINE('',#5347,#5348);
#5347 = CARTESIAN_POINT('',(-0.1,-12.95,7.35));
#5348 = VECTOR('',#5349,1.);
#5349 = DIRECTION('',(1.,-1.110223024625E-16,0.));
#5350 = ORIENTED_EDGE('',*,*,#5229,.F.);
#5351 = PLANE('',#5352);
#5352 = AXIS2_PLACEMENT_3D('',#5353,#5354,#5355);
#5353 = CARTESIAN_POINT('',(-0.1,-13.,7.4));
#5354 = DIRECTION('',(7.850462293414E-17,0.707106781187,0.707106781187)
  );
#5355 = DIRECTION('',(7.850462293414E-17,0.707106781187,-0.707106781187)
  );
#5356 = ADVANCED_FACE('',(#5357),#5368,.T.);
#5357 = FACE_BOUND('',#5358,.T.);
#5358 = EDGE_LOOP('',(#5359,#5360,#5361,#5362));
#5359 = ORIENTED_EDGE('',*,*,#3567,.T.);
#5360 = ORIENTED_EDGE('',*,*,#3430,.T.);
#5361 = ORIENTED_EDGE('',*,*,#3455,.T.);
#5362 = ORIENTED_EDGE('',*,*,#5363,.T.);
#5363 = EDGE_CURVE('',#3456,#3560,#5364,.T.);
#5364 = LINE('',#5365,#5366);
#5365 = CARTESIAN_POINT('',(0.1,-10.16,0.9));
#5366 = VECTOR('',#5367,1.);
#5367 = DIRECTION('',(-1.110223024625E-16,-1.,0.));
#5368 = PLANE('',#5369);
#5369 = AXIS2_PLACEMENT_3D('',#5370,#5371,#5372);
#5370 = CARTESIAN_POINT('',(-1.221661660722E-15,-10.16,0.9));
#5371 = DIRECTION('',(0.,0.,1.));
#5372 = DIRECTION('',(1.110223024625E-16,1.,-0.));
#5373 = ADVANCED_FACE('',(#5374),#5385,.T.);
#5374 = FACE_BOUND('',#5375,.T.);
#5375 = EDGE_LOOP('',(#5376,#5377,#5383,#5384));
#5376 = ORIENTED_EDGE('',*,*,#3535,.T.);
#5377 = ORIENTED_EDGE('',*,*,#5378,.F.);
#5378 = EDGE_CURVE('',#3480,#3536,#5379,.T.);
#5379 = LINE('',#5380,#5381);
#5380 = CARTESIAN_POINT('',(-0.1,-10.16,0.9));
#5381 = VECTOR('',#5382,1.);
#5382 = DIRECTION('',(-1.110223024625E-16,-1.,0.));
#5383 = ORIENTED_EDGE('',*,*,#3487,.T.);
#5384 = ORIENTED_EDGE('',*,*,#3510,.T.);
#5385 = PLANE('',#5386);
#5386 = AXIS2_PLACEMENT_3D('',#5387,#5388,#5389);
#5387 = CARTESIAN_POINT('',(-1.221661660722E-15,-10.16,0.9));
#5388 = DIRECTION('',(0.,0.,1.));
#5389 = DIRECTION('',(1.110223024625E-16,1.,-0.));
#5390 = ADVANCED_FACE('',(#5391),#5434,.T.);
#5391 = FACE_BOUND('',#5392,.T.);
#5392 = EDGE_LOOP('',(#5393,#5394,#5402,#5410,#5418,#5426,#5432,#5433));
#5393 = ORIENTED_EDGE('',*,*,#3543,.F.);
#5394 = ORIENTED_EDGE('',*,*,#5395,.T.);
#5395 = EDGE_CURVE('',#3544,#5396,#5398,.T.);
#5396 = VERTEX_POINT('',#5397);
#5397 = CARTESIAN_POINT('',(-0.1,-10.41,7.35));
#5398 = LINE('',#5399,#5400);
#5399 = CARTESIAN_POINT('',(-0.1,-10.46,7.4));
#5400 = VECTOR('',#5401,1.);
#5401 = DIRECTION('',(7.850462293414E-17,0.707106781187,-0.707106781187)
  );
#5402 = ORIENTED_EDGE('',*,*,#5403,.T.);
#5403 = EDGE_CURVE('',#5396,#5404,#5406,.T.);
#5404 = VERTEX_POINT('',#5405);
#5405 = CARTESIAN_POINT('',(-0.1,-10.41,1.25));
#5406 = LINE('',#5407,#5408);
#5407 = CARTESIAN_POINT('',(-0.1,-10.41,7.35));
#5408 = VECTOR('',#5409,1.);
#5409 = DIRECTION('',(0.,0.,-1.));
#5410 = ORIENTED_EDGE('',*,*,#5411,.T.);
#5411 = EDGE_CURVE('',#5404,#5412,#5414,.T.);
#5412 = VERTEX_POINT('',#5413);
#5413 = CARTESIAN_POINT('',(-0.1,-9.91,1.25));
#5414 = LINE('',#5415,#5416);
#5415 = CARTESIAN_POINT('',(-0.1,-10.41,1.25));
#5416 = VECTOR('',#5417,1.);
#5417 = DIRECTION('',(1.110223024625E-16,1.,0.));
#5418 = ORIENTED_EDGE('',*,*,#5419,.T.);
#5419 = EDGE_CURVE('',#5412,#5420,#5422,.T.);
#5420 = VERTEX_POINT('',#5421);
#5421 = CARTESIAN_POINT('',(-0.1,-9.91,7.35));
#5422 = LINE('',#5423,#5424);
#5423 = CARTESIAN_POINT('',(-0.1,-9.91,1.25));
#5424 = VECTOR('',#5425,1.);
#5425 = DIRECTION('',(0.,0.,1.));
#5426 = ORIENTED_EDGE('',*,*,#5427,.T.);
#5427 = EDGE_CURVE('',#5420,#3472,#5428,.T.);
#5428 = LINE('',#5429,#5430);
#5429 = CARTESIAN_POINT('',(-0.1,-9.91,7.35));
#5430 = VECTOR('',#5431,1.);
#5431 = DIRECTION('',(7.850462293414E-17,0.707106781187,0.707106781187)
  );
#5432 = ORIENTED_EDGE('',*,*,#3479,.F.);
#5433 = ORIENTED_EDGE('',*,*,#5378,.T.);
#5434 = PLANE('',#5435);
#5435 = AXIS2_PLACEMENT_3D('',#5436,#5437,#5438);
#5436 = CARTESIAN_POINT('',(-0.1,-10.16,3.911477598424));
#5437 = DIRECTION('',(-1.,1.110223024625E-16,0.));
#5438 = DIRECTION('',(0.,0.,1.));
#5439 = ADVANCED_FACE('',(#5440),#5458,.T.);
#5440 = FACE_BOUND('',#5441,.T.);
#5441 = EDGE_LOOP('',(#5442,#5450,#5456,#5457));
#5442 = ORIENTED_EDGE('',*,*,#5443,.T.);
#5443 = EDGE_CURVE('',#5420,#5444,#5446,.T.);
#5444 = VERTEX_POINT('',#5445);
#5445 = CARTESIAN_POINT('',(0.1,-9.91,7.35));
#5446 = LINE('',#5447,#5448);
#5447 = CARTESIAN_POINT('',(-0.1,-9.91,7.35));
#5448 = VECTOR('',#5449,1.);
#5449 = DIRECTION('',(1.,-1.110223024625E-16,0.));
#5450 = ORIENTED_EDGE('',*,*,#5451,.T.);
#5451 = EDGE_CURVE('',#5444,#3464,#5452,.T.);
#5452 = LINE('',#5453,#5454);
#5453 = CARTESIAN_POINT('',(0.1,-9.91,7.35));
#5454 = VECTOR('',#5455,1.);
#5455 = DIRECTION('',(7.850462293414E-17,0.707106781187,0.707106781187)
  );
#5456 = ORIENTED_EDGE('',*,*,#3471,.F.);
#5457 = ORIENTED_EDGE('',*,*,#5427,.F.);
#5458 = PLANE('',#5459);
#5459 = AXIS2_PLACEMENT_3D('',#5460,#5461,#5462);
#5460 = CARTESIAN_POINT('',(-0.1,-9.91,7.35));
#5461 = DIRECTION('',(-7.850462293414E-17,-0.707106781187,0.707106781187
    ));
#5462 = DIRECTION('',(7.850462293414E-17,0.707106781187,0.707106781187)
  );
#5463 = ADVANCED_FACE('',(#5464),#5500,.F.);
#5464 = FACE_BOUND('',#5465,.F.);
#5465 = EDGE_LOOP('',(#5466,#5467,#5475,#5483,#5491,#5497,#5498,#5499));
#5466 = ORIENTED_EDGE('',*,*,#3559,.F.);
#5467 = ORIENTED_EDGE('',*,*,#5468,.T.);
#5468 = EDGE_CURVE('',#3552,#5469,#5471,.T.);
#5469 = VERTEX_POINT('',#5470);
#5470 = CARTESIAN_POINT('',(0.1,-10.41,7.35));
#5471 = LINE('',#5472,#5473);
#5472 = CARTESIAN_POINT('',(0.1,-10.46,7.4));
#5473 = VECTOR('',#5474,1.);
#5474 = DIRECTION('',(7.850462293414E-17,0.707106781187,-0.707106781187)
  );
#5475 = ORIENTED_EDGE('',*,*,#5476,.T.);
#5476 = EDGE_CURVE('',#5469,#5477,#5479,.T.);
#5477 = VERTEX_POINT('',#5478);
#5478 = CARTESIAN_POINT('',(0.1,-10.41,1.25));
#5479 = LINE('',#5480,#5481);
#5480 = CARTESIAN_POINT('',(0.1,-10.41,7.35));
#5481 = VECTOR('',#5482,1.);
#5482 = DIRECTION('',(0.,0.,-1.));
#5483 = ORIENTED_EDGE('',*,*,#5484,.T.);
#5484 = EDGE_CURVE('',#5477,#5485,#5487,.T.);
#5485 = VERTEX_POINT('',#5486);
#5486 = CARTESIAN_POINT('',(0.1,-9.91,1.25));
#5487 = LINE('',#5488,#5489);
#5488 = CARTESIAN_POINT('',(0.1,-10.41,1.25));
#5489 = VECTOR('',#5490,1.);
#5490 = DIRECTION('',(1.110223024625E-16,1.,0.));
#5491 = ORIENTED_EDGE('',*,*,#5492,.T.);
#5492 = EDGE_CURVE('',#5485,#5444,#5493,.T.);
#5493 = LINE('',#5494,#5495);
#5494 = CARTESIAN_POINT('',(0.1,-9.91,1.25));
#5495 = VECTOR('',#5496,1.);
#5496 = DIRECTION('',(0.,0.,1.));
#5497 = ORIENTED_EDGE('',*,*,#5451,.T.);
#5498 = ORIENTED_EDGE('',*,*,#3463,.F.);
#5499 = ORIENTED_EDGE('',*,*,#5363,.T.);
#5500 = PLANE('',#5501);
#5501 = AXIS2_PLACEMENT_3D('',#5502,#5503,#5504);
#5502 = CARTESIAN_POINT('',(0.1,-10.16,3.911477598424));
#5503 = DIRECTION('',(-1.,1.110223024625E-16,0.));
#5504 = DIRECTION('',(0.,0.,1.));
#5505 = ADVANCED_FACE('',(#5506),#5517,.T.);
#5506 = FACE_BOUND('',#5507,.T.);
#5507 = EDGE_LOOP('',(#5508,#5509,#5510,#5516));
#5508 = ORIENTED_EDGE('',*,*,#3551,.T.);
#5509 = ORIENTED_EDGE('',*,*,#5468,.T.);
#5510 = ORIENTED_EDGE('',*,*,#5511,.F.);
#5511 = EDGE_CURVE('',#5396,#5469,#5512,.T.);
#5512 = LINE('',#5513,#5514);
#5513 = CARTESIAN_POINT('',(-0.1,-10.41,7.35));
#5514 = VECTOR('',#5515,1.);
#5515 = DIRECTION('',(1.,-1.110223024625E-16,0.));
#5516 = ORIENTED_EDGE('',*,*,#5395,.F.);
#5517 = PLANE('',#5518);
#5518 = AXIS2_PLACEMENT_3D('',#5519,#5520,#5521);
#5519 = CARTESIAN_POINT('',(-0.1,-10.46,7.4));
#5520 = DIRECTION('',(7.850462293414E-17,0.707106781187,0.707106781187)
  );
#5521 = DIRECTION('',(7.850462293414E-17,0.707106781187,-0.707106781187)
  );
#5522 = ADVANCED_FACE('',(#5523),#5534,.T.);
#5523 = FACE_BOUND('',#5524,.T.);
#5524 = EDGE_LOOP('',(#5525,#5526,#5527,#5528));
#5525 = ORIENTED_EDGE('',*,*,#3727,.T.);
#5526 = ORIENTED_EDGE('',*,*,#3590,.T.);
#5527 = ORIENTED_EDGE('',*,*,#3615,.T.);
#5528 = ORIENTED_EDGE('',*,*,#5529,.T.);
#5529 = EDGE_CURVE('',#3616,#3720,#5530,.T.);
#5530 = LINE('',#5531,#5532);
#5531 = CARTESIAN_POINT('',(0.1,-7.62,0.9));
#5532 = VECTOR('',#5533,1.);
#5533 = DIRECTION('',(-1.110223024625E-16,-1.,0.));
#5534 = PLANE('',#5535);
#5535 = AXIS2_PLACEMENT_3D('',#5536,#5537,#5538);
#5536 = CARTESIAN_POINT('',(-9.396650124671E-16,-7.62,0.9));
#5537 = DIRECTION('',(0.,0.,1.));
#5538 = DIRECTION('',(1.110223024625E-16,1.,-0.));
#5539 = ADVANCED_FACE('',(#5540),#5551,.T.);
#5540 = FACE_BOUND('',#5541,.T.);
#5541 = EDGE_LOOP('',(#5542,#5543,#5549,#5550));
#5542 = ORIENTED_EDGE('',*,*,#3695,.T.);
#5543 = ORIENTED_EDGE('',*,*,#5544,.F.);
#5544 = EDGE_CURVE('',#3640,#3696,#5545,.T.);
#5545 = LINE('',#5546,#5547);
#5546 = CARTESIAN_POINT('',(-0.1,-7.62,0.9));
#5547 = VECTOR('',#5548,1.);
#5548 = DIRECTION('',(-1.110223024625E-16,-1.,0.));
#5549 = ORIENTED_EDGE('',*,*,#3647,.T.);
#5550 = ORIENTED_EDGE('',*,*,#3670,.T.);
#5551 = PLANE('',#5552);
#5552 = AXIS2_PLACEMENT_3D('',#5553,#5554,#5555);
#5553 = CARTESIAN_POINT('',(-9.396650124671E-16,-7.62,0.9));
#5554 = DIRECTION('',(0.,0.,1.));
#5555 = DIRECTION('',(1.110223024625E-16,1.,-0.));
#5556 = ADVANCED_FACE('',(#5557),#5600,.T.);
#5557 = FACE_BOUND('',#5558,.T.);
#5558 = EDGE_LOOP('',(#5559,#5560,#5568,#5576,#5584,#5592,#5598,#5599));
#5559 = ORIENTED_EDGE('',*,*,#3703,.F.);
#5560 = ORIENTED_EDGE('',*,*,#5561,.T.);
#5561 = EDGE_CURVE('',#3704,#5562,#5564,.T.);
#5562 = VERTEX_POINT('',#5563);
#5563 = CARTESIAN_POINT('',(-0.1,-7.87,7.35));
#5564 = LINE('',#5565,#5566);
#5565 = CARTESIAN_POINT('',(-0.1,-7.92,7.4));
#5566 = VECTOR('',#5567,1.);
#5567 = DIRECTION('',(7.850462293414E-17,0.707106781187,-0.707106781187)
  );
#5568 = ORIENTED_EDGE('',*,*,#5569,.T.);
#5569 = EDGE_CURVE('',#5562,#5570,#5572,.T.);
#5570 = VERTEX_POINT('',#5571);
#5571 = CARTESIAN_POINT('',(-0.1,-7.87,1.25));
#5572 = LINE('',#5573,#5574);
#5573 = CARTESIAN_POINT('',(-0.1,-7.87,7.35));
#5574 = VECTOR('',#5575,1.);
#5575 = DIRECTION('',(0.,0.,-1.));
#5576 = ORIENTED_EDGE('',*,*,#5577,.T.);
#5577 = EDGE_CURVE('',#5570,#5578,#5580,.T.);
#5578 = VERTEX_POINT('',#5579);
#5579 = CARTESIAN_POINT('',(-0.1,-7.37,1.25));
#5580 = LINE('',#5581,#5582);
#5581 = CARTESIAN_POINT('',(-0.1,-7.87,1.25));
#5582 = VECTOR('',#5583,1.);
#5583 = DIRECTION('',(1.110223024625E-16,1.,0.));
#5584 = ORIENTED_EDGE('',*,*,#5585,.T.);
#5585 = EDGE_CURVE('',#5578,#5586,#5588,.T.);
#5586 = VERTEX_POINT('',#5587);
#5587 = CARTESIAN_POINT('',(-0.1,-7.37,7.35));
#5588 = LINE('',#5589,#5590);
#5589 = CARTESIAN_POINT('',(-0.1,-7.37,1.25));
#5590 = VECTOR('',#5591,1.);
#5591 = DIRECTION('',(0.,0.,1.));
#5592 = ORIENTED_EDGE('',*,*,#5593,.T.);
#5593 = EDGE_CURVE('',#5586,#3632,#5594,.T.);
#5594 = LINE('',#5595,#5596);
#5595 = CARTESIAN_POINT('',(-0.1,-7.37,7.35));
#5596 = VECTOR('',#5597,1.);
#5597 = DIRECTION('',(7.850462293414E-17,0.707106781187,0.707106781187)
  );
#5598 = ORIENTED_EDGE('',*,*,#3639,.F.);
#5599 = ORIENTED_EDGE('',*,*,#5544,.T.);
#5600 = PLANE('',#5601);
#5601 = AXIS2_PLACEMENT_3D('',#5602,#5603,#5604);
#5602 = CARTESIAN_POINT('',(-0.1,-7.62,3.911477598424));
#5603 = DIRECTION('',(-1.,1.110223024625E-16,0.));
#5604 = DIRECTION('',(0.,0.,1.));
#5605 = ADVANCED_FACE('',(#5606),#5624,.T.);
#5606 = FACE_BOUND('',#5607,.T.);
#5607 = EDGE_LOOP('',(#5608,#5616,#5622,#5623));
#5608 = ORIENTED_EDGE('',*,*,#5609,.T.);
#5609 = EDGE_CURVE('',#5586,#5610,#5612,.T.);
#5610 = VERTEX_POINT('',#5611);
#5611 = CARTESIAN_POINT('',(0.1,-7.37,7.35));
#5612 = LINE('',#5613,#5614);
#5613 = CARTESIAN_POINT('',(-0.1,-7.37,7.35));
#5614 = VECTOR('',#5615,1.);
#5615 = DIRECTION('',(1.,-1.110223024625E-16,0.));
#5616 = ORIENTED_EDGE('',*,*,#5617,.T.);
#5617 = EDGE_CURVE('',#5610,#3624,#5618,.T.);
#5618 = LINE('',#5619,#5620);
#5619 = CARTESIAN_POINT('',(0.1,-7.37,7.35));
#5620 = VECTOR('',#5621,1.);
#5621 = DIRECTION('',(7.850462293414E-17,0.707106781187,0.707106781187)
  );
#5622 = ORIENTED_EDGE('',*,*,#3631,.F.);
#5623 = ORIENTED_EDGE('',*,*,#5593,.F.);
#5624 = PLANE('',#5625);
#5625 = AXIS2_PLACEMENT_3D('',#5626,#5627,#5628);
#5626 = CARTESIAN_POINT('',(-0.1,-7.37,7.35));
#5627 = DIRECTION('',(-7.850462293414E-17,-0.707106781187,0.707106781187
    ));
#5628 = DIRECTION('',(7.850462293414E-17,0.707106781187,0.707106781187)
  );
#5629 = ADVANCED_FACE('',(#5630),#5666,.F.);
#5630 = FACE_BOUND('',#5631,.F.);
#5631 = EDGE_LOOP('',(#5632,#5633,#5641,#5649,#5657,#5663,#5664,#5665));
#5632 = ORIENTED_EDGE('',*,*,#3719,.F.);
#5633 = ORIENTED_EDGE('',*,*,#5634,.T.);
#5634 = EDGE_CURVE('',#3712,#5635,#5637,.T.);
#5635 = VERTEX_POINT('',#5636);
#5636 = CARTESIAN_POINT('',(0.1,-7.87,7.35));
#5637 = LINE('',#5638,#5639);
#5638 = CARTESIAN_POINT('',(0.1,-7.92,7.4));
#5639 = VECTOR('',#5640,1.);
#5640 = DIRECTION('',(7.850462293414E-17,0.707106781187,-0.707106781187)
  );
#5641 = ORIENTED_EDGE('',*,*,#5642,.T.);
#5642 = EDGE_CURVE('',#5635,#5643,#5645,.T.);
#5643 = VERTEX_POINT('',#5644);
#5644 = CARTESIAN_POINT('',(0.1,-7.87,1.25));
#5645 = LINE('',#5646,#5647);
#5646 = CARTESIAN_POINT('',(0.1,-7.87,7.35));
#5647 = VECTOR('',#5648,1.);
#5648 = DIRECTION('',(0.,0.,-1.));
#5649 = ORIENTED_EDGE('',*,*,#5650,.T.);
#5650 = EDGE_CURVE('',#5643,#5651,#5653,.T.);
#5651 = VERTEX_POINT('',#5652);
#5652 = CARTESIAN_POINT('',(0.1,-7.37,1.25));
#5653 = LINE('',#5654,#5655);
#5654 = CARTESIAN_POINT('',(0.1,-7.87,1.25));
#5655 = VECTOR('',#5656,1.);
#5656 = DIRECTION('',(1.110223024625E-16,1.,0.));
#5657 = ORIENTED_EDGE('',*,*,#5658,.T.);
#5658 = EDGE_CURVE('',#5651,#5610,#5659,.T.);
#5659 = LINE('',#5660,#5661);
#5660 = CARTESIAN_POINT('',(0.1,-7.37,1.25));
#5661 = VECTOR('',#5662,1.);
#5662 = DIRECTION('',(0.,0.,1.));
#5663 = ORIENTED_EDGE('',*,*,#5617,.T.);
#5664 = ORIENTED_EDGE('',*,*,#3623,.F.);
#5665 = ORIENTED_EDGE('',*,*,#5529,.T.);
#5666 = PLANE('',#5667);
#5667 = AXIS2_PLACEMENT_3D('',#5668,#5669,#5670);
#5668 = CARTESIAN_POINT('',(0.1,-7.62,3.911477598424));
#5669 = DIRECTION('',(-1.,1.110223024625E-16,0.));
#5670 = DIRECTION('',(0.,0.,1.));
#5671 = ADVANCED_FACE('',(#5672),#5683,.T.);
#5672 = FACE_BOUND('',#5673,.T.);
#5673 = EDGE_LOOP('',(#5674,#5675,#5676,#5682));
#5674 = ORIENTED_EDGE('',*,*,#3711,.T.);
#5675 = ORIENTED_EDGE('',*,*,#5634,.T.);
#5676 = ORIENTED_EDGE('',*,*,#5677,.F.);
#5677 = EDGE_CURVE('',#5562,#5635,#5678,.T.);
#5678 = LINE('',#5679,#5680);
#5679 = CARTESIAN_POINT('',(-0.1,-7.87,7.35));
#5680 = VECTOR('',#5681,1.);
#5681 = DIRECTION('',(1.,-1.110223024625E-16,0.));
#5682 = ORIENTED_EDGE('',*,*,#5561,.F.);
#5683 = PLANE('',#5684);
#5684 = AXIS2_PLACEMENT_3D('',#5685,#5686,#5687);
#5685 = CARTESIAN_POINT('',(-0.1,-7.92,7.4));
#5686 = DIRECTION('',(7.850462293414E-17,0.707106781187,0.707106781187)
  );
#5687 = DIRECTION('',(7.850462293414E-17,0.707106781187,-0.707106781187)
  );
#5688 = ADVANCED_FACE('',(#5689),#5700,.T.);
#5689 = FACE_BOUND('',#5690,.T.);
#5690 = EDGE_LOOP('',(#5691,#5692,#5693,#5694));
#5691 = ORIENTED_EDGE('',*,*,#3887,.T.);
#5692 = ORIENTED_EDGE('',*,*,#3750,.T.);
#5693 = ORIENTED_EDGE('',*,*,#3775,.T.);
#5694 = ORIENTED_EDGE('',*,*,#5695,.T.);
#5695 = EDGE_CURVE('',#3776,#3880,#5696,.T.);
#5696 = LINE('',#5697,#5698);
#5697 = CARTESIAN_POINT('',(0.1,-5.08,0.9));
#5698 = VECTOR('',#5699,1.);
#5699 = DIRECTION('',(-1.110223024625E-16,-1.,0.));
#5700 = PLANE('',#5701);
#5701 = AXIS2_PLACEMENT_3D('',#5702,#5703,#5704);
#5702 = CARTESIAN_POINT('',(-6.576683642123E-16,-5.08,0.9));
#5703 = DIRECTION('',(0.,0.,1.));
#5704 = DIRECTION('',(1.110223024625E-16,1.,-0.));
#5705 = ADVANCED_FACE('',(#5706),#5717,.T.);
#5706 = FACE_BOUND('',#5707,.T.);
#5707 = EDGE_LOOP('',(#5708,#5709,#5715,#5716));
#5708 = ORIENTED_EDGE('',*,*,#3855,.T.);
#5709 = ORIENTED_EDGE('',*,*,#5710,.F.);
#5710 = EDGE_CURVE('',#3800,#3856,#5711,.T.);
#5711 = LINE('',#5712,#5713);
#5712 = CARTESIAN_POINT('',(-0.1,-5.08,0.9));
#5713 = VECTOR('',#5714,1.);
#5714 = DIRECTION('',(-1.110223024625E-16,-1.,0.));
#5715 = ORIENTED_EDGE('',*,*,#3807,.T.);
#5716 = ORIENTED_EDGE('',*,*,#3830,.T.);
#5717 = PLANE('',#5718);
#5718 = AXIS2_PLACEMENT_3D('',#5719,#5720,#5721);
#5719 = CARTESIAN_POINT('',(-6.576683642123E-16,-5.08,0.9));
#5720 = DIRECTION('',(0.,0.,1.));
#5721 = DIRECTION('',(1.110223024625E-16,1.,-0.));
#5722 = ADVANCED_FACE('',(#5723),#5766,.T.);
#5723 = FACE_BOUND('',#5724,.T.);
#5724 = EDGE_LOOP('',(#5725,#5726,#5734,#5742,#5750,#5758,#5764,#5765));
#5725 = ORIENTED_EDGE('',*,*,#3863,.F.);
#5726 = ORIENTED_EDGE('',*,*,#5727,.T.);
#5727 = EDGE_CURVE('',#3864,#5728,#5730,.T.);
#5728 = VERTEX_POINT('',#5729);
#5729 = CARTESIAN_POINT('',(-0.1,-5.33,7.35));
#5730 = LINE('',#5731,#5732);
#5731 = CARTESIAN_POINT('',(-0.1,-5.38,7.4));
#5732 = VECTOR('',#5733,1.);
#5733 = DIRECTION('',(7.850462293414E-17,0.707106781187,-0.707106781187)
  );
#5734 = ORIENTED_EDGE('',*,*,#5735,.T.);
#5735 = EDGE_CURVE('',#5728,#5736,#5738,.T.);
#5736 = VERTEX_POINT('',#5737);
#5737 = CARTESIAN_POINT('',(-0.1,-5.33,1.25));
#5738 = LINE('',#5739,#5740);
#5739 = CARTESIAN_POINT('',(-0.1,-5.33,7.35));
#5740 = VECTOR('',#5741,1.);
#5741 = DIRECTION('',(0.,0.,-1.));
#5742 = ORIENTED_EDGE('',*,*,#5743,.T.);
#5743 = EDGE_CURVE('',#5736,#5744,#5746,.T.);
#5744 = VERTEX_POINT('',#5745);
#5745 = CARTESIAN_POINT('',(-0.1,-4.83,1.25));
#5746 = LINE('',#5747,#5748);
#5747 = CARTESIAN_POINT('',(-0.1,-5.33,1.25));
#5748 = VECTOR('',#5749,1.);
#5749 = DIRECTION('',(1.110223024625E-16,1.,0.));
#5750 = ORIENTED_EDGE('',*,*,#5751,.T.);
#5751 = EDGE_CURVE('',#5744,#5752,#5754,.T.);
#5752 = VERTEX_POINT('',#5753);
#5753 = CARTESIAN_POINT('',(-0.1,-4.83,7.35));
#5754 = LINE('',#5755,#5756);
#5755 = CARTESIAN_POINT('',(-0.1,-4.83,1.25));
#5756 = VECTOR('',#5757,1.);
#5757 = DIRECTION('',(0.,0.,1.));
#5758 = ORIENTED_EDGE('',*,*,#5759,.T.);
#5759 = EDGE_CURVE('',#5752,#3792,#5760,.T.);
#5760 = LINE('',#5761,#5762);
#5761 = CARTESIAN_POINT('',(-0.1,-4.83,7.35));
#5762 = VECTOR('',#5763,1.);
#5763 = DIRECTION('',(7.850462293414E-17,0.707106781187,0.707106781187)
  );
#5764 = ORIENTED_EDGE('',*,*,#3799,.F.);
#5765 = ORIENTED_EDGE('',*,*,#5710,.T.);
#5766 = PLANE('',#5767);
#5767 = AXIS2_PLACEMENT_3D('',#5768,#5769,#5770);
#5768 = CARTESIAN_POINT('',(-0.1,-5.08,3.911477598424));
#5769 = DIRECTION('',(-1.,1.110223024625E-16,0.));
#5770 = DIRECTION('',(0.,0.,1.));
#5771 = ADVANCED_FACE('',(#5772),#5790,.T.);
#5772 = FACE_BOUND('',#5773,.T.);
#5773 = EDGE_LOOP('',(#5774,#5782,#5788,#5789));
#5774 = ORIENTED_EDGE('',*,*,#5775,.T.);
#5775 = EDGE_CURVE('',#5752,#5776,#5778,.T.);
#5776 = VERTEX_POINT('',#5777);
#5777 = CARTESIAN_POINT('',(0.1,-4.83,7.35));
#5778 = LINE('',#5779,#5780);
#5779 = CARTESIAN_POINT('',(-0.1,-4.83,7.35));
#5780 = VECTOR('',#5781,1.);
#5781 = DIRECTION('',(1.,-1.110223024625E-16,0.));
#5782 = ORIENTED_EDGE('',*,*,#5783,.T.);
#5783 = EDGE_CURVE('',#5776,#3784,#5784,.T.);
#5784 = LINE('',#5785,#5786);
#5785 = CARTESIAN_POINT('',(0.1,-4.83,7.35));
#5786 = VECTOR('',#5787,1.);
#5787 = DIRECTION('',(7.850462293414E-17,0.707106781187,0.707106781187)
  );
#5788 = ORIENTED_EDGE('',*,*,#3791,.F.);
#5789 = ORIENTED_EDGE('',*,*,#5759,.F.);
#5790 = PLANE('',#5791);
#5791 = AXIS2_PLACEMENT_3D('',#5792,#5793,#5794);
#5792 = CARTESIAN_POINT('',(-0.1,-4.83,7.35));
#5793 = DIRECTION('',(-7.850462293414E-17,-0.707106781187,0.707106781187
    ));
#5794 = DIRECTION('',(7.850462293414E-17,0.707106781187,0.707106781187)
  );
#5795 = ADVANCED_FACE('',(#5796),#5832,.F.);
#5796 = FACE_BOUND('',#5797,.F.);
#5797 = EDGE_LOOP('',(#5798,#5799,#5807,#5815,#5823,#5829,#5830,#5831));
#5798 = ORIENTED_EDGE('',*,*,#3879,.F.);
#5799 = ORIENTED_EDGE('',*,*,#5800,.T.);
#5800 = EDGE_CURVE('',#3872,#5801,#5803,.T.);
#5801 = VERTEX_POINT('',#5802);
#5802 = CARTESIAN_POINT('',(0.1,-5.33,7.35));
#5803 = LINE('',#5804,#5805);
#5804 = CARTESIAN_POINT('',(0.1,-5.38,7.4));
#5805 = VECTOR('',#5806,1.);
#5806 = DIRECTION('',(7.850462293414E-17,0.707106781187,-0.707106781187)
  );
#5807 = ORIENTED_EDGE('',*,*,#5808,.T.);
#5808 = EDGE_CURVE('',#5801,#5809,#5811,.T.);
#5809 = VERTEX_POINT('',#5810);
#5810 = CARTESIAN_POINT('',(0.1,-5.33,1.25));
#5811 = LINE('',#5812,#5813);
#5812 = CARTESIAN_POINT('',(0.1,-5.33,7.35));
#5813 = VECTOR('',#5814,1.);
#5814 = DIRECTION('',(0.,0.,-1.));
#5815 = ORIENTED_EDGE('',*,*,#5816,.T.);
#5816 = EDGE_CURVE('',#5809,#5817,#5819,.T.);
#5817 = VERTEX_POINT('',#5818);
#5818 = CARTESIAN_POINT('',(0.1,-4.83,1.25));
#5819 = LINE('',#5820,#5821);
#5820 = CARTESIAN_POINT('',(0.1,-5.33,1.25));
#5821 = VECTOR('',#5822,1.);
#5822 = DIRECTION('',(1.110223024625E-16,1.,0.));
#5823 = ORIENTED_EDGE('',*,*,#5824,.T.);
#5824 = EDGE_CURVE('',#5817,#5776,#5825,.T.);
#5825 = LINE('',#5826,#5827);
#5826 = CARTESIAN_POINT('',(0.1,-4.83,1.25));
#5827 = VECTOR('',#5828,1.);
#5828 = DIRECTION('',(0.,0.,1.));
#5829 = ORIENTED_EDGE('',*,*,#5783,.T.);
#5830 = ORIENTED_EDGE('',*,*,#3783,.F.);
#5831 = ORIENTED_EDGE('',*,*,#5695,.T.);
#5832 = PLANE('',#5833);
#5833 = AXIS2_PLACEMENT_3D('',#5834,#5835,#5836);
#5834 = CARTESIAN_POINT('',(0.1,-5.08,3.911477598424));
#5835 = DIRECTION('',(-1.,1.110223024625E-16,0.));
#5836 = DIRECTION('',(0.,0.,1.));
#5837 = ADVANCED_FACE('',(#5838),#5849,.T.);
#5838 = FACE_BOUND('',#5839,.T.);
#5839 = EDGE_LOOP('',(#5840,#5841,#5842,#5848));
#5840 = ORIENTED_EDGE('',*,*,#3871,.T.);
#5841 = ORIENTED_EDGE('',*,*,#5800,.T.);
#5842 = ORIENTED_EDGE('',*,*,#5843,.F.);
#5843 = EDGE_CURVE('',#5728,#5801,#5844,.T.);
#5844 = LINE('',#5845,#5846);
#5845 = CARTESIAN_POINT('',(-0.1,-5.33,7.35));
#5846 = VECTOR('',#5847,1.);
#5847 = DIRECTION('',(1.,-1.110223024625E-16,0.));
#5848 = ORIENTED_EDGE('',*,*,#5727,.F.);
#5849 = PLANE('',#5850);
#5850 = AXIS2_PLACEMENT_3D('',#5851,#5852,#5853);
#5851 = CARTESIAN_POINT('',(-0.1,-5.38,7.4));
#5852 = DIRECTION('',(7.850462293414E-17,0.707106781187,0.707106781187)
  );
#5853 = DIRECTION('',(7.850462293414E-17,0.707106781187,-0.707106781187)
  );
#5854 = ADVANCED_FACE('',(#5855),#5866,.T.);
#5855 = FACE_BOUND('',#5856,.T.);
#5856 = EDGE_LOOP('',(#5857,#5858,#5859,#5860));
#5857 = ORIENTED_EDGE('',*,*,#4047,.T.);
#5858 = ORIENTED_EDGE('',*,*,#3910,.T.);
#5859 = ORIENTED_EDGE('',*,*,#3935,.T.);
#5860 = ORIENTED_EDGE('',*,*,#5861,.T.);
#5861 = EDGE_CURVE('',#3936,#4040,#5862,.T.);
#5862 = LINE('',#5863,#5864);
#5863 = CARTESIAN_POINT('',(0.1,-2.54,0.9));
#5864 = VECTOR('',#5865,1.);
#5865 = DIRECTION('',(-1.110223024625E-16,-1.,0.));
#5866 = PLANE('',#5867);
#5867 = AXIS2_PLACEMENT_3D('',#5868,#5869,#5870);
#5868 = CARTESIAN_POINT('',(-3.756717159575E-16,-2.54,0.9));
#5869 = DIRECTION('',(0.,0.,1.));
#5870 = DIRECTION('',(1.110223024625E-16,1.,-0.));
#5871 = ADVANCED_FACE('',(#5872),#5883,.T.);
#5872 = FACE_BOUND('',#5873,.T.);
#5873 = EDGE_LOOP('',(#5874,#5875,#5881,#5882));
#5874 = ORIENTED_EDGE('',*,*,#4015,.T.);
#5875 = ORIENTED_EDGE('',*,*,#5876,.F.);
#5876 = EDGE_CURVE('',#3960,#4016,#5877,.T.);
#5877 = LINE('',#5878,#5879);
#5878 = CARTESIAN_POINT('',(-0.1,-2.54,0.9));
#5879 = VECTOR('',#5880,1.);
#5880 = DIRECTION('',(-1.110223024625E-16,-1.,0.));
#5881 = ORIENTED_EDGE('',*,*,#3967,.T.);
#5882 = ORIENTED_EDGE('',*,*,#3990,.T.);
#5883 = PLANE('',#5884);
#5884 = AXIS2_PLACEMENT_3D('',#5885,#5886,#5887);
#5885 = CARTESIAN_POINT('',(-3.756717159575E-16,-2.54,0.9));
#5886 = DIRECTION('',(0.,0.,1.));
#5887 = DIRECTION('',(1.110223024625E-16,1.,-0.));
#5888 = ADVANCED_FACE('',(#5889),#5932,.T.);
#5889 = FACE_BOUND('',#5890,.T.);
#5890 = EDGE_LOOP('',(#5891,#5892,#5900,#5908,#5916,#5924,#5930,#5931));
#5891 = ORIENTED_EDGE('',*,*,#4023,.F.);
#5892 = ORIENTED_EDGE('',*,*,#5893,.T.);
#5893 = EDGE_CURVE('',#4024,#5894,#5896,.T.);
#5894 = VERTEX_POINT('',#5895);
#5895 = CARTESIAN_POINT('',(-0.1,-2.79,7.35));
#5896 = LINE('',#5897,#5898);
#5897 = CARTESIAN_POINT('',(-0.1,-2.84,7.4));
#5898 = VECTOR('',#5899,1.);
#5899 = DIRECTION('',(7.850462293414E-17,0.707106781187,-0.707106781187)
  );
#5900 = ORIENTED_EDGE('',*,*,#5901,.T.);
#5901 = EDGE_CURVE('',#5894,#5902,#5904,.T.);
#5902 = VERTEX_POINT('',#5903);
#5903 = CARTESIAN_POINT('',(-0.1,-2.79,1.25));
#5904 = LINE('',#5905,#5906);
#5905 = CARTESIAN_POINT('',(-0.1,-2.79,7.35));
#5906 = VECTOR('',#5907,1.);
#5907 = DIRECTION('',(0.,0.,-1.));
#5908 = ORIENTED_EDGE('',*,*,#5909,.T.);
#5909 = EDGE_CURVE('',#5902,#5910,#5912,.T.);
#5910 = VERTEX_POINT('',#5911);
#5911 = CARTESIAN_POINT('',(-0.1,-2.29,1.25));
#5912 = LINE('',#5913,#5914);
#5913 = CARTESIAN_POINT('',(-0.1,-2.79,1.25));
#5914 = VECTOR('',#5915,1.);
#5915 = DIRECTION('',(1.110223024625E-16,1.,0.));
#5916 = ORIENTED_EDGE('',*,*,#5917,.T.);
#5917 = EDGE_CURVE('',#5910,#5918,#5920,.T.);
#5918 = VERTEX_POINT('',#5919);
#5919 = CARTESIAN_POINT('',(-0.1,-2.29,7.35));
#5920 = LINE('',#5921,#5922);
#5921 = CARTESIAN_POINT('',(-0.1,-2.29,1.25));
#5922 = VECTOR('',#5923,1.);
#5923 = DIRECTION('',(0.,0.,1.));
#5924 = ORIENTED_EDGE('',*,*,#5925,.T.);
#5925 = EDGE_CURVE('',#5918,#3952,#5926,.T.);
#5926 = LINE('',#5927,#5928);
#5927 = CARTESIAN_POINT('',(-0.1,-2.29,7.35));
#5928 = VECTOR('',#5929,1.);
#5929 = DIRECTION('',(7.850462293414E-17,0.707106781187,0.707106781187)
  );
#5930 = ORIENTED_EDGE('',*,*,#3959,.F.);
#5931 = ORIENTED_EDGE('',*,*,#5876,.T.);
#5932 = PLANE('',#5933);
#5933 = AXIS2_PLACEMENT_3D('',#5934,#5935,#5936);
#5934 = CARTESIAN_POINT('',(-0.1,-2.54,3.911477598424));
#5935 = DIRECTION('',(-1.,1.110223024625E-16,0.));
#5936 = DIRECTION('',(0.,0.,1.));
#5937 = ADVANCED_FACE('',(#5938),#5956,.T.);
#5938 = FACE_BOUND('',#5939,.T.);
#5939 = EDGE_LOOP('',(#5940,#5948,#5954,#5955));
#5940 = ORIENTED_EDGE('',*,*,#5941,.T.);
#5941 = EDGE_CURVE('',#5918,#5942,#5944,.T.);
#5942 = VERTEX_POINT('',#5943);
#5943 = CARTESIAN_POINT('',(0.1,-2.29,7.35));
#5944 = LINE('',#5945,#5946);
#5945 = CARTESIAN_POINT('',(-0.1,-2.29,7.35));
#5946 = VECTOR('',#5947,1.);
#5947 = DIRECTION('',(1.,-1.110223024625E-16,0.));
#5948 = ORIENTED_EDGE('',*,*,#5949,.T.);
#5949 = EDGE_CURVE('',#5942,#3944,#5950,.T.);
#5950 = LINE('',#5951,#5952);
#5951 = CARTESIAN_POINT('',(0.1,-2.29,7.35));
#5952 = VECTOR('',#5953,1.);
#5953 = DIRECTION('',(7.850462293414E-17,0.707106781187,0.707106781187)
  );
#5954 = ORIENTED_EDGE('',*,*,#3951,.F.);
#5955 = ORIENTED_EDGE('',*,*,#5925,.F.);
#5956 = PLANE('',#5957);
#5957 = AXIS2_PLACEMENT_3D('',#5958,#5959,#5960);
#5958 = CARTESIAN_POINT('',(-0.1,-2.29,7.35));
#5959 = DIRECTION('',(-7.850462293414E-17,-0.707106781187,0.707106781187
    ));
#5960 = DIRECTION('',(7.850462293414E-17,0.707106781187,0.707106781187)
  );
#5961 = ADVANCED_FACE('',(#5962),#5998,.F.);
#5962 = FACE_BOUND('',#5963,.F.);
#5963 = EDGE_LOOP('',(#5964,#5965,#5973,#5981,#5989,#5995,#5996,#5997));
#5964 = ORIENTED_EDGE('',*,*,#4039,.F.);
#5965 = ORIENTED_EDGE('',*,*,#5966,.T.);
#5966 = EDGE_CURVE('',#4032,#5967,#5969,.T.);
#5967 = VERTEX_POINT('',#5968);
#5968 = CARTESIAN_POINT('',(0.1,-2.79,7.35));
#5969 = LINE('',#5970,#5971);
#5970 = CARTESIAN_POINT('',(0.1,-2.84,7.4));
#5971 = VECTOR('',#5972,1.);
#5972 = DIRECTION('',(7.850462293414E-17,0.707106781187,-0.707106781187)
  );
#5973 = ORIENTED_EDGE('',*,*,#5974,.T.);
#5974 = EDGE_CURVE('',#5967,#5975,#5977,.T.);
#5975 = VERTEX_POINT('',#5976);
#5976 = CARTESIAN_POINT('',(0.1,-2.79,1.25));
#5977 = LINE('',#5978,#5979);
#5978 = CARTESIAN_POINT('',(0.1,-2.79,7.35));
#5979 = VECTOR('',#5980,1.);
#5980 = DIRECTION('',(0.,0.,-1.));
#5981 = ORIENTED_EDGE('',*,*,#5982,.T.);
#5982 = EDGE_CURVE('',#5975,#5983,#5985,.T.);
#5983 = VERTEX_POINT('',#5984);
#5984 = CARTESIAN_POINT('',(0.1,-2.29,1.25));
#5985 = LINE('',#5986,#5987);
#5986 = CARTESIAN_POINT('',(0.1,-2.79,1.25));
#5987 = VECTOR('',#5988,1.);
#5988 = DIRECTION('',(1.110223024625E-16,1.,0.));
#5989 = ORIENTED_EDGE('',*,*,#5990,.T.);
#5990 = EDGE_CURVE('',#5983,#5942,#5991,.T.);
#5991 = LINE('',#5992,#5993);
#5992 = CARTESIAN_POINT('',(0.1,-2.29,1.25));
#5993 = VECTOR('',#5994,1.);
#5994 = DIRECTION('',(0.,0.,1.));
#5995 = ORIENTED_EDGE('',*,*,#5949,.T.);
#5996 = ORIENTED_EDGE('',*,*,#3943,.F.);
#5997 = ORIENTED_EDGE('',*,*,#5861,.T.);
#5998 = PLANE('',#5999);
#5999 = AXIS2_PLACEMENT_3D('',#6000,#6001,#6002);
#6000 = CARTESIAN_POINT('',(0.1,-2.54,3.911477598424));
#6001 = DIRECTION('',(-1.,1.110223024625E-16,0.));
#6002 = DIRECTION('',(0.,0.,1.));
#6003 = ADVANCED_FACE('',(#6004),#6015,.T.);
#6004 = FACE_BOUND('',#6005,.T.);
#6005 = EDGE_LOOP('',(#6006,#6007,#6008,#6014));
#6006 = ORIENTED_EDGE('',*,*,#4031,.T.);
#6007 = ORIENTED_EDGE('',*,*,#5966,.T.);
#6008 = ORIENTED_EDGE('',*,*,#6009,.F.);
#6009 = EDGE_CURVE('',#5894,#5967,#6010,.T.);
#6010 = LINE('',#6011,#6012);
#6011 = CARTESIAN_POINT('',(-0.1,-2.79,7.35));
#6012 = VECTOR('',#6013,1.);
#6013 = DIRECTION('',(1.,-1.110223024625E-16,0.));
#6014 = ORIENTED_EDGE('',*,*,#5893,.F.);
#6015 = PLANE('',#6016);
#6016 = AXIS2_PLACEMENT_3D('',#6017,#6018,#6019);
#6017 = CARTESIAN_POINT('',(-0.1,-2.84,7.4));
#6018 = DIRECTION('',(7.850462293414E-17,0.707106781187,0.707106781187)
  );
#6019 = DIRECTION('',(7.850462293414E-17,0.707106781187,-0.707106781187)
  );
#6020 = ADVANCED_FACE('',(#6021),#6032,.T.);
#6021 = FACE_BOUND('',#6022,.T.);
#6022 = EDGE_LOOP('',(#6023,#6024,#6025,#6026));
#6023 = ORIENTED_EDGE('',*,*,#4207,.T.);
#6024 = ORIENTED_EDGE('',*,*,#4070,.T.);
#6025 = ORIENTED_EDGE('',*,*,#4095,.T.);
#6026 = ORIENTED_EDGE('',*,*,#6027,.T.);
#6027 = EDGE_CURVE('',#4096,#4200,#6028,.T.);
#6028 = LINE('',#6029,#6030);
#6029 = CARTESIAN_POINT('',(0.1,8.770761894539E-16,0.9));
#6030 = VECTOR('',#6031,1.);
#6031 = DIRECTION('',(-1.110223024625E-16,-1.,0.));
#6032 = PLANE('',#6033);
#6033 = AXIS2_PLACEMENT_3D('',#6034,#6035,#6036);
#6034 = CARTESIAN_POINT('',(-9.367506770275E-17,1.7763568394E-15,0.9));
#6035 = DIRECTION('',(0.,0.,1.));
#6036 = DIRECTION('',(1.110223024625E-16,1.,-0.));
#6037 = ADVANCED_FACE('',(#6038),#6049,.T.);
#6038 = FACE_BOUND('',#6039,.T.);
#6039 = EDGE_LOOP('',(#6040,#6041,#6047,#6048));
#6040 = ORIENTED_EDGE('',*,*,#4175,.T.);
#6041 = ORIENTED_EDGE('',*,*,#6042,.F.);
#6042 = EDGE_CURVE('',#4120,#4176,#6043,.T.);
#6043 = LINE('',#6044,#6045);
#6044 = CARTESIAN_POINT('',(-0.1,8.992806499464E-16,0.9));
#6045 = VECTOR('',#6046,1.);
#6046 = DIRECTION('',(-1.110223024625E-16,-1.,0.));
#6047 = ORIENTED_EDGE('',*,*,#4127,.T.);
#6048 = ORIENTED_EDGE('',*,*,#4150,.T.);
#6049 = PLANE('',#6050);
#6050 = AXIS2_PLACEMENT_3D('',#6051,#6052,#6053);
#6051 = CARTESIAN_POINT('',(-9.367506770275E-17,1.7763568394E-15,0.9));
#6052 = DIRECTION('',(0.,0.,1.));
#6053 = DIRECTION('',(1.110223024625E-16,1.,-0.));
#6054 = ADVANCED_FACE('',(#6055),#6098,.T.);
#6055 = FACE_BOUND('',#6056,.T.);
#6056 = EDGE_LOOP('',(#6057,#6058,#6066,#6074,#6082,#6090,#6096,#6097));
#6057 = ORIENTED_EDGE('',*,*,#4183,.F.);
#6058 = ORIENTED_EDGE('',*,*,#6059,.T.);
#6059 = EDGE_CURVE('',#4184,#6060,#6062,.T.);
#6060 = VERTEX_POINT('',#6061);
#6061 = CARTESIAN_POINT('',(-0.1,-0.25,7.35));
#6062 = LINE('',#6063,#6064);
#6063 = CARTESIAN_POINT('',(-0.1,-0.3,7.4));
#6064 = VECTOR('',#6065,1.);
#6065 = DIRECTION('',(7.850462293414E-17,0.707106781187,-0.707106781187)
  );
#6066 = ORIENTED_EDGE('',*,*,#6067,.T.);
#6067 = EDGE_CURVE('',#6060,#6068,#6070,.T.);
#6068 = VERTEX_POINT('',#6069);
#6069 = CARTESIAN_POINT('',(-0.1,-0.25,1.25));
#6070 = LINE('',#6071,#6072);
#6071 = CARTESIAN_POINT('',(-0.1,-0.25,7.35));
#6072 = VECTOR('',#6073,1.);
#6073 = DIRECTION('',(0.,0.,-1.));
#6074 = ORIENTED_EDGE('',*,*,#6075,.T.);
#6075 = EDGE_CURVE('',#6068,#6076,#6078,.T.);
#6076 = VERTEX_POINT('',#6077);
#6077 = CARTESIAN_POINT('',(-0.1,0.25,1.25));
#6078 = LINE('',#6079,#6080);
#6079 = CARTESIAN_POINT('',(-0.1,-0.25,1.25));
#6080 = VECTOR('',#6081,1.);
#6081 = DIRECTION('',(1.110223024625E-16,1.,0.));
#6082 = ORIENTED_EDGE('',*,*,#6083,.T.);
#6083 = EDGE_CURVE('',#6076,#6084,#6086,.T.);
#6084 = VERTEX_POINT('',#6085);
#6085 = CARTESIAN_POINT('',(-0.1,0.25,7.35));
#6086 = LINE('',#6087,#6088);
#6087 = CARTESIAN_POINT('',(-0.1,0.25,1.25));
#6088 = VECTOR('',#6089,1.);
#6089 = DIRECTION('',(0.,0.,1.));
#6090 = ORIENTED_EDGE('',*,*,#6091,.T.);
#6091 = EDGE_CURVE('',#6084,#4112,#6092,.T.);
#6092 = LINE('',#6093,#6094);
#6093 = CARTESIAN_POINT('',(-0.1,0.25,7.35));
#6094 = VECTOR('',#6095,1.);
#6095 = DIRECTION('',(7.850462293414E-17,0.707106781187,0.707106781187)
  );
#6096 = ORIENTED_EDGE('',*,*,#4119,.F.);
#6097 = ORIENTED_EDGE('',*,*,#6042,.T.);
#6098 = PLANE('',#6099);
#6099 = AXIS2_PLACEMENT_3D('',#6100,#6101,#6102);
#6100 = CARTESIAN_POINT('',(-0.1,1.110223024625E-17,3.911477598424));
#6101 = DIRECTION('',(-1.,1.110223024625E-16,0.));
#6102 = DIRECTION('',(0.,0.,1.));
#6103 = ADVANCED_FACE('',(#6104),#6122,.T.);
#6104 = FACE_BOUND('',#6105,.T.);
#6105 = EDGE_LOOP('',(#6106,#6114,#6120,#6121));
#6106 = ORIENTED_EDGE('',*,*,#6107,.T.);
#6107 = EDGE_CURVE('',#6084,#6108,#6110,.T.);
#6108 = VERTEX_POINT('',#6109);
#6109 = CARTESIAN_POINT('',(0.1,0.25,7.35));
#6110 = LINE('',#6111,#6112);
#6111 = CARTESIAN_POINT('',(-0.1,0.25,7.35));
#6112 = VECTOR('',#6113,1.);
#6113 = DIRECTION('',(1.,-1.110223024625E-16,0.));
#6114 = ORIENTED_EDGE('',*,*,#6115,.T.);
#6115 = EDGE_CURVE('',#6108,#4104,#6116,.T.);
#6116 = LINE('',#6117,#6118);
#6117 = CARTESIAN_POINT('',(0.1,0.25,7.35));
#6118 = VECTOR('',#6119,1.);
#6119 = DIRECTION('',(7.850462293414E-17,0.707106781187,0.707106781187)
  );
#6120 = ORIENTED_EDGE('',*,*,#4111,.F.);
#6121 = ORIENTED_EDGE('',*,*,#6091,.F.);
#6122 = PLANE('',#6123);
#6123 = AXIS2_PLACEMENT_3D('',#6124,#6125,#6126);
#6124 = CARTESIAN_POINT('',(-0.1,0.25,7.35));
#6125 = DIRECTION('',(-7.850462293414E-17,-0.707106781187,0.707106781187
    ));
#6126 = DIRECTION('',(7.850462293414E-17,0.707106781187,0.707106781187)
  );
#6127 = ADVANCED_FACE('',(#6128),#6164,.F.);
#6128 = FACE_BOUND('',#6129,.F.);
#6129 = EDGE_LOOP('',(#6130,#6131,#6139,#6147,#6155,#6161,#6162,#6163));
#6130 = ORIENTED_EDGE('',*,*,#4199,.F.);
#6131 = ORIENTED_EDGE('',*,*,#6132,.T.);
#6132 = EDGE_CURVE('',#4192,#6133,#6135,.T.);
#6133 = VERTEX_POINT('',#6134);
#6134 = CARTESIAN_POINT('',(0.1,-0.25,7.35));
#6135 = LINE('',#6136,#6137);
#6136 = CARTESIAN_POINT('',(0.1,-0.3,7.4));
#6137 = VECTOR('',#6138,1.);
#6138 = DIRECTION('',(7.850462293414E-17,0.707106781187,-0.707106781187)
  );
#6139 = ORIENTED_EDGE('',*,*,#6140,.T.);
#6140 = EDGE_CURVE('',#6133,#6141,#6143,.T.);
#6141 = VERTEX_POINT('',#6142);
#6142 = CARTESIAN_POINT('',(0.1,-0.25,1.25));
#6143 = LINE('',#6144,#6145);
#6144 = CARTESIAN_POINT('',(0.1,-0.25,7.35));
#6145 = VECTOR('',#6146,1.);
#6146 = DIRECTION('',(0.,0.,-1.));
#6147 = ORIENTED_EDGE('',*,*,#6148,.T.);
#6148 = EDGE_CURVE('',#6141,#6149,#6151,.T.);
#6149 = VERTEX_POINT('',#6150);
#6150 = CARTESIAN_POINT('',(0.1,0.25,1.25));
#6151 = LINE('',#6152,#6153);
#6152 = CARTESIAN_POINT('',(0.1,-0.25,1.25));
#6153 = VECTOR('',#6154,1.);
#6154 = DIRECTION('',(1.110223024625E-16,1.,0.));
#6155 = ORIENTED_EDGE('',*,*,#6156,.T.);
#6156 = EDGE_CURVE('',#6149,#6108,#6157,.T.);
#6157 = LINE('',#6158,#6159);
#6158 = CARTESIAN_POINT('',(0.1,0.25,1.25));
#6159 = VECTOR('',#6160,1.);
#6160 = DIRECTION('',(0.,0.,1.));
#6161 = ORIENTED_EDGE('',*,*,#6115,.T.);
#6162 = ORIENTED_EDGE('',*,*,#4103,.F.);
#6163 = ORIENTED_EDGE('',*,*,#6027,.T.);
#6164 = PLANE('',#6165);
#6165 = AXIS2_PLACEMENT_3D('',#6166,#6167,#6168);
#6166 = CARTESIAN_POINT('',(0.1,-1.110223024625E-17,3.911477598424));
#6167 = DIRECTION('',(-1.,1.110223024625E-16,0.));
#6168 = DIRECTION('',(0.,0.,1.));
#6169 = ADVANCED_FACE('',(#6170),#6181,.T.);
#6170 = FACE_BOUND('',#6171,.T.);
#6171 = EDGE_LOOP('',(#6172,#6173,#6174,#6180));
#6172 = ORIENTED_EDGE('',*,*,#4191,.T.);
#6173 = ORIENTED_EDGE('',*,*,#6132,.T.);
#6174 = ORIENTED_EDGE('',*,*,#6175,.F.);
#6175 = EDGE_CURVE('',#6060,#6133,#6176,.T.);
#6176 = LINE('',#6177,#6178);
#6177 = CARTESIAN_POINT('',(-0.1,-0.25,7.35));
#6178 = VECTOR('',#6179,1.);
#6179 = DIRECTION('',(1.,-1.110223024625E-16,0.));
#6180 = ORIENTED_EDGE('',*,*,#6059,.F.);
#6181 = PLANE('',#6182);
#6182 = AXIS2_PLACEMENT_3D('',#6183,#6184,#6185);
#6183 = CARTESIAN_POINT('',(-0.1,-0.3,7.4));
#6184 = DIRECTION('',(7.850462293414E-17,0.707106781187,0.707106781187)
  );
#6185 = DIRECTION('',(7.850462293414E-17,0.707106781187,-0.707106781187)
  );
#6186 = ADVANCED_FACE('',(#6187),#6198,.T.);
#6187 = FACE_BOUND('',#6188,.T.);
#6188 = EDGE_LOOP('',(#6189,#6195,#6196,#6197));
#6189 = ORIENTED_EDGE('',*,*,#6190,.T.);
#6190 = EDGE_CURVE('',#4914,#4987,#6191,.T.);
#6191 = LINE('',#6192,#6193);
#6192 = CARTESIAN_POINT('',(-0.1,-17.53,1.25));
#6193 = VECTOR('',#6194,1.);
#6194 = DIRECTION('',(1.,-1.110223024625E-16,0.));
#6195 = ORIENTED_EDGE('',*,*,#4994,.T.);
#6196 = ORIENTED_EDGE('',*,*,#4945,.F.);
#6197 = ORIENTED_EDGE('',*,*,#4921,.F.);
#6198 = PLANE('',#6199);
#6199 = AXIS2_PLACEMENT_3D('',#6200,#6201,#6202);
#6200 = CARTESIAN_POINT('',(-0.1,-17.53,1.25));
#6201 = DIRECTION('',(-1.110223024625E-16,-1.,0.));
#6202 = DIRECTION('',(0.,0.,1.));
#6203 = ADVANCED_FACE('',(#6204),#6215,.T.);
#6204 = FACE_BOUND('',#6205,.T.);
#6205 = EDGE_LOOP('',(#6206,#6212,#6213,#6214));
#6206 = ORIENTED_EDGE('',*,*,#6207,.T.);
#6207 = EDGE_CURVE('',#4906,#4979,#6208,.T.);
#6208 = LINE('',#6209,#6210);
#6209 = CARTESIAN_POINT('',(-0.1,-18.03,1.25));
#6210 = VECTOR('',#6211,1.);
#6211 = DIRECTION('',(1.,-1.110223024625E-16,0.));
#6212 = ORIENTED_EDGE('',*,*,#4986,.T.);
#6213 = ORIENTED_EDGE('',*,*,#6190,.F.);
#6214 = ORIENTED_EDGE('',*,*,#4913,.F.);
#6215 = PLANE('',#6216);
#6216 = AXIS2_PLACEMENT_3D('',#6217,#6218,#6219);
#6217 = CARTESIAN_POINT('',(-0.1,-18.03,1.25));
#6218 = DIRECTION('',(0.,0.,1.));
#6219 = DIRECTION('',(1.110223024625E-16,1.,-0.));
#6220 = ADVANCED_FACE('',(#6221),#6227,.T.);
#6221 = FACE_BOUND('',#6222,.T.);
#6222 = EDGE_LOOP('',(#6223,#6224,#6225,#6226));
#6223 = ORIENTED_EDGE('',*,*,#5013,.T.);
#6224 = ORIENTED_EDGE('',*,*,#4978,.T.);
#6225 = ORIENTED_EDGE('',*,*,#6207,.F.);
#6226 = ORIENTED_EDGE('',*,*,#4905,.F.);
#6227 = PLANE('',#6228);
#6228 = AXIS2_PLACEMENT_3D('',#6229,#6230,#6231);
#6229 = CARTESIAN_POINT('',(-0.1,-18.03,7.35));
#6230 = DIRECTION('',(1.110223024625E-16,1.,0.));
#6231 = DIRECTION('',(0.,0.,-1.));
#6232 = ADVANCED_FACE('',(#6233),#6244,.T.);
#6233 = FACE_BOUND('',#6234,.T.);
#6234 = EDGE_LOOP('',(#6235,#6241,#6242,#6243));
#6235 = ORIENTED_EDGE('',*,*,#6236,.T.);
#6236 = EDGE_CURVE('',#5080,#5153,#6237,.T.);
#6237 = LINE('',#6238,#6239);
#6238 = CARTESIAN_POINT('',(-0.1,-14.99,1.25));
#6239 = VECTOR('',#6240,1.);
#6240 = DIRECTION('',(1.,-1.110223024625E-16,0.));
#6241 = ORIENTED_EDGE('',*,*,#5160,.T.);
#6242 = ORIENTED_EDGE('',*,*,#5111,.F.);
#6243 = ORIENTED_EDGE('',*,*,#5087,.F.);
#6244 = PLANE('',#6245);
#6245 = AXIS2_PLACEMENT_3D('',#6246,#6247,#6248);
#6246 = CARTESIAN_POINT('',(-0.1,-14.99,1.25));
#6247 = DIRECTION('',(-1.110223024625E-16,-1.,0.));
#6248 = DIRECTION('',(0.,0.,1.));
#6249 = ADVANCED_FACE('',(#6250),#6261,.T.);
#6250 = FACE_BOUND('',#6251,.T.);
#6251 = EDGE_LOOP('',(#6252,#6258,#6259,#6260));
#6252 = ORIENTED_EDGE('',*,*,#6253,.T.);
#6253 = EDGE_CURVE('',#5072,#5145,#6254,.T.);
#6254 = LINE('',#6255,#6256);
#6255 = CARTESIAN_POINT('',(-0.1,-15.49,1.25));
#6256 = VECTOR('',#6257,1.);
#6257 = DIRECTION('',(1.,-1.110223024625E-16,0.));
#6258 = ORIENTED_EDGE('',*,*,#5152,.T.);
#6259 = ORIENTED_EDGE('',*,*,#6236,.F.);
#6260 = ORIENTED_EDGE('',*,*,#5079,.F.);
#6261 = PLANE('',#6262);
#6262 = AXIS2_PLACEMENT_3D('',#6263,#6264,#6265);
#6263 = CARTESIAN_POINT('',(-0.1,-15.49,1.25));
#6264 = DIRECTION('',(0.,0.,1.));
#6265 = DIRECTION('',(1.110223024625E-16,1.,-0.));
#6266 = ADVANCED_FACE('',(#6267),#6273,.T.);
#6267 = FACE_BOUND('',#6268,.T.);
#6268 = EDGE_LOOP('',(#6269,#6270,#6271,#6272));
#6269 = ORIENTED_EDGE('',*,*,#5179,.T.);
#6270 = ORIENTED_EDGE('',*,*,#5144,.T.);
#6271 = ORIENTED_EDGE('',*,*,#6253,.F.);
#6272 = ORIENTED_EDGE('',*,*,#5071,.F.);
#6273 = PLANE('',#6274);
#6274 = AXIS2_PLACEMENT_3D('',#6275,#6276,#6277);
#6275 = CARTESIAN_POINT('',(-0.1,-15.49,7.35));
#6276 = DIRECTION('',(1.110223024625E-16,1.,0.));
#6277 = DIRECTION('',(0.,0.,-1.));
#6278 = ADVANCED_FACE('',(#6279),#6290,.T.);
#6279 = FACE_BOUND('',#6280,.T.);
#6280 = EDGE_LOOP('',(#6281,#6287,#6288,#6289));
#6281 = ORIENTED_EDGE('',*,*,#6282,.T.);
#6282 = EDGE_CURVE('',#5246,#5319,#6283,.T.);
#6283 = LINE('',#6284,#6285);
#6284 = CARTESIAN_POINT('',(-0.1,-12.45,1.25));
#6285 = VECTOR('',#6286,1.);
#6286 = DIRECTION('',(1.,-1.110223024625E-16,0.));
#6287 = ORIENTED_EDGE('',*,*,#5326,.T.);
#6288 = ORIENTED_EDGE('',*,*,#5277,.F.);
#6289 = ORIENTED_EDGE('',*,*,#5253,.F.);
#6290 = PLANE('',#6291);
#6291 = AXIS2_PLACEMENT_3D('',#6292,#6293,#6294);
#6292 = CARTESIAN_POINT('',(-0.1,-12.45,1.25));
#6293 = DIRECTION('',(-1.110223024625E-16,-1.,0.));
#6294 = DIRECTION('',(0.,0.,1.));
#6295 = ADVANCED_FACE('',(#6296),#6307,.T.);
#6296 = FACE_BOUND('',#6297,.T.);
#6297 = EDGE_LOOP('',(#6298,#6304,#6305,#6306));
#6298 = ORIENTED_EDGE('',*,*,#6299,.T.);
#6299 = EDGE_CURVE('',#5238,#5311,#6300,.T.);
#6300 = LINE('',#6301,#6302);
#6301 = CARTESIAN_POINT('',(-0.1,-12.95,1.25));
#6302 = VECTOR('',#6303,1.);
#6303 = DIRECTION('',(1.,-1.110223024625E-16,0.));
#6304 = ORIENTED_EDGE('',*,*,#5318,.T.);
#6305 = ORIENTED_EDGE('',*,*,#6282,.F.);
#6306 = ORIENTED_EDGE('',*,*,#5245,.F.);
#6307 = PLANE('',#6308);
#6308 = AXIS2_PLACEMENT_3D('',#6309,#6310,#6311);
#6309 = CARTESIAN_POINT('',(-0.1,-12.95,1.25));
#6310 = DIRECTION('',(0.,0.,1.));
#6311 = DIRECTION('',(1.110223024625E-16,1.,-0.));
#6312 = ADVANCED_FACE('',(#6313),#6319,.T.);
#6313 = FACE_BOUND('',#6314,.T.);
#6314 = EDGE_LOOP('',(#6315,#6316,#6317,#6318));
#6315 = ORIENTED_EDGE('',*,*,#5345,.T.);
#6316 = ORIENTED_EDGE('',*,*,#5310,.T.);
#6317 = ORIENTED_EDGE('',*,*,#6299,.F.);
#6318 = ORIENTED_EDGE('',*,*,#5237,.F.);
#6319 = PLANE('',#6320);
#6320 = AXIS2_PLACEMENT_3D('',#6321,#6322,#6323);
#6321 = CARTESIAN_POINT('',(-0.1,-12.95,7.35));
#6322 = DIRECTION('',(1.110223024625E-16,1.,0.));
#6323 = DIRECTION('',(0.,0.,-1.));
#6324 = ADVANCED_FACE('',(#6325),#6336,.T.);
#6325 = FACE_BOUND('',#6326,.T.);
#6326 = EDGE_LOOP('',(#6327,#6333,#6334,#6335));
#6327 = ORIENTED_EDGE('',*,*,#6328,.T.);
#6328 = EDGE_CURVE('',#5412,#5485,#6329,.T.);
#6329 = LINE('',#6330,#6331);
#6330 = CARTESIAN_POINT('',(-0.1,-9.91,1.25));
#6331 = VECTOR('',#6332,1.);
#6332 = DIRECTION('',(1.,-1.110223024625E-16,0.));
#6333 = ORIENTED_EDGE('',*,*,#5492,.T.);
#6334 = ORIENTED_EDGE('',*,*,#5443,.F.);
#6335 = ORIENTED_EDGE('',*,*,#5419,.F.);
#6336 = PLANE('',#6337);
#6337 = AXIS2_PLACEMENT_3D('',#6338,#6339,#6340);
#6338 = CARTESIAN_POINT('',(-0.1,-9.91,1.25));
#6339 = DIRECTION('',(-1.110223024625E-16,-1.,0.));
#6340 = DIRECTION('',(0.,0.,1.));
#6341 = ADVANCED_FACE('',(#6342),#6353,.T.);
#6342 = FACE_BOUND('',#6343,.T.);
#6343 = EDGE_LOOP('',(#6344,#6350,#6351,#6352));
#6344 = ORIENTED_EDGE('',*,*,#6345,.T.);
#6345 = EDGE_CURVE('',#5404,#5477,#6346,.T.);
#6346 = LINE('',#6347,#6348);
#6347 = CARTESIAN_POINT('',(-0.1,-10.41,1.25));
#6348 = VECTOR('',#6349,1.);
#6349 = DIRECTION('',(1.,-1.110223024625E-16,0.));
#6350 = ORIENTED_EDGE('',*,*,#5484,.T.);
#6351 = ORIENTED_EDGE('',*,*,#6328,.F.);
#6352 = ORIENTED_EDGE('',*,*,#5411,.F.);
#6353 = PLANE('',#6354);
#6354 = AXIS2_PLACEMENT_3D('',#6355,#6356,#6357);
#6355 = CARTESIAN_POINT('',(-0.1,-10.41,1.25));
#6356 = DIRECTION('',(0.,0.,1.));
#6357 = DIRECTION('',(1.110223024625E-16,1.,-0.));
#6358 = ADVANCED_FACE('',(#6359),#6365,.T.);
#6359 = FACE_BOUND('',#6360,.T.);
#6360 = EDGE_LOOP('',(#6361,#6362,#6363,#6364));
#6361 = ORIENTED_EDGE('',*,*,#5511,.T.);
#6362 = ORIENTED_EDGE('',*,*,#5476,.T.);
#6363 = ORIENTED_EDGE('',*,*,#6345,.F.);
#6364 = ORIENTED_EDGE('',*,*,#5403,.F.);
#6365 = PLANE('',#6366);
#6366 = AXIS2_PLACEMENT_3D('',#6367,#6368,#6369);
#6367 = CARTESIAN_POINT('',(-0.1,-10.41,7.35));
#6368 = DIRECTION('',(1.110223024625E-16,1.,0.));
#6369 = DIRECTION('',(0.,0.,-1.));
#6370 = ADVANCED_FACE('',(#6371),#6382,.T.);
#6371 = FACE_BOUND('',#6372,.T.);
#6372 = EDGE_LOOP('',(#6373,#6379,#6380,#6381));
#6373 = ORIENTED_EDGE('',*,*,#6374,.T.);
#6374 = EDGE_CURVE('',#5578,#5651,#6375,.T.);
#6375 = LINE('',#6376,#6377);
#6376 = CARTESIAN_POINT('',(-0.1,-7.37,1.25));
#6377 = VECTOR('',#6378,1.);
#6378 = DIRECTION('',(1.,-1.110223024625E-16,0.));
#6379 = ORIENTED_EDGE('',*,*,#5658,.T.);
#6380 = ORIENTED_EDGE('',*,*,#5609,.F.);
#6381 = ORIENTED_EDGE('',*,*,#5585,.F.);
#6382 = PLANE('',#6383);
#6383 = AXIS2_PLACEMENT_3D('',#6384,#6385,#6386);
#6384 = CARTESIAN_POINT('',(-0.1,-7.37,1.25));
#6385 = DIRECTION('',(-1.110223024625E-16,-1.,0.));
#6386 = DIRECTION('',(0.,0.,1.));
#6387 = ADVANCED_FACE('',(#6388),#6399,.T.);
#6388 = FACE_BOUND('',#6389,.T.);
#6389 = EDGE_LOOP('',(#6390,#6396,#6397,#6398));
#6390 = ORIENTED_EDGE('',*,*,#6391,.T.);
#6391 = EDGE_CURVE('',#5570,#5643,#6392,.T.);
#6392 = LINE('',#6393,#6394);
#6393 = CARTESIAN_POINT('',(-0.1,-7.87,1.25));
#6394 = VECTOR('',#6395,1.);
#6395 = DIRECTION('',(1.,-1.110223024625E-16,0.));
#6396 = ORIENTED_EDGE('',*,*,#5650,.T.);
#6397 = ORIENTED_EDGE('',*,*,#6374,.F.);
#6398 = ORIENTED_EDGE('',*,*,#5577,.F.);
#6399 = PLANE('',#6400);
#6400 = AXIS2_PLACEMENT_3D('',#6401,#6402,#6403);
#6401 = CARTESIAN_POINT('',(-0.1,-7.87,1.25));
#6402 = DIRECTION('',(0.,0.,1.));
#6403 = DIRECTION('',(1.110223024625E-16,1.,-0.));
#6404 = ADVANCED_FACE('',(#6405),#6411,.T.);
#6405 = FACE_BOUND('',#6406,.T.);
#6406 = EDGE_LOOP('',(#6407,#6408,#6409,#6410));
#6407 = ORIENTED_EDGE('',*,*,#5677,.T.);
#6408 = ORIENTED_EDGE('',*,*,#5642,.T.);
#6409 = ORIENTED_EDGE('',*,*,#6391,.F.);
#6410 = ORIENTED_EDGE('',*,*,#5569,.F.);
#6411 = PLANE('',#6412);
#6412 = AXIS2_PLACEMENT_3D('',#6413,#6414,#6415);
#6413 = CARTESIAN_POINT('',(-0.1,-7.87,7.35));
#6414 = DIRECTION('',(1.110223024625E-16,1.,0.));
#6415 = DIRECTION('',(0.,0.,-1.));
#6416 = ADVANCED_FACE('',(#6417),#6428,.T.);
#6417 = FACE_BOUND('',#6418,.T.);
#6418 = EDGE_LOOP('',(#6419,#6425,#6426,#6427));
#6419 = ORIENTED_EDGE('',*,*,#6420,.T.);
#6420 = EDGE_CURVE('',#5744,#5817,#6421,.T.);
#6421 = LINE('',#6422,#6423);
#6422 = CARTESIAN_POINT('',(-0.1,-4.83,1.25));
#6423 = VECTOR('',#6424,1.);
#6424 = DIRECTION('',(1.,-1.110223024625E-16,0.));
#6425 = ORIENTED_EDGE('',*,*,#5824,.T.);
#6426 = ORIENTED_EDGE('',*,*,#5775,.F.);
#6427 = ORIENTED_EDGE('',*,*,#5751,.F.);
#6428 = PLANE('',#6429);
#6429 = AXIS2_PLACEMENT_3D('',#6430,#6431,#6432);
#6430 = CARTESIAN_POINT('',(-0.1,-4.83,1.25));
#6431 = DIRECTION('',(-1.110223024625E-16,-1.,0.));
#6432 = DIRECTION('',(0.,0.,1.));
#6433 = ADVANCED_FACE('',(#6434),#6445,.T.);
#6434 = FACE_BOUND('',#6435,.T.);
#6435 = EDGE_LOOP('',(#6436,#6442,#6443,#6444));
#6436 = ORIENTED_EDGE('',*,*,#6437,.T.);
#6437 = EDGE_CURVE('',#5736,#5809,#6438,.T.);
#6438 = LINE('',#6439,#6440);
#6439 = CARTESIAN_POINT('',(-0.1,-5.33,1.25));
#6440 = VECTOR('',#6441,1.);
#6441 = DIRECTION('',(1.,-1.110223024625E-16,0.));
#6442 = ORIENTED_EDGE('',*,*,#5816,.T.);
#6443 = ORIENTED_EDGE('',*,*,#6420,.F.);
#6444 = ORIENTED_EDGE('',*,*,#5743,.F.);
#6445 = PLANE('',#6446);
#6446 = AXIS2_PLACEMENT_3D('',#6447,#6448,#6449);
#6447 = CARTESIAN_POINT('',(-0.1,-5.33,1.25));
#6448 = DIRECTION('',(0.,0.,1.));
#6449 = DIRECTION('',(1.110223024625E-16,1.,-0.));
#6450 = ADVANCED_FACE('',(#6451),#6457,.T.);
#6451 = FACE_BOUND('',#6452,.T.);
#6452 = EDGE_LOOP('',(#6453,#6454,#6455,#6456));
#6453 = ORIENTED_EDGE('',*,*,#5843,.T.);
#6454 = ORIENTED_EDGE('',*,*,#5808,.T.);
#6455 = ORIENTED_EDGE('',*,*,#6437,.F.);
#6456 = ORIENTED_EDGE('',*,*,#5735,.F.);
#6457 = PLANE('',#6458);
#6458 = AXIS2_PLACEMENT_3D('',#6459,#6460,#6461);
#6459 = CARTESIAN_POINT('',(-0.1,-5.33,7.35));
#6460 = DIRECTION('',(1.110223024625E-16,1.,0.));
#6461 = DIRECTION('',(0.,0.,-1.));
#6462 = ADVANCED_FACE('',(#6463),#6474,.T.);
#6463 = FACE_BOUND('',#6464,.T.);
#6464 = EDGE_LOOP('',(#6465,#6471,#6472,#6473));
#6465 = ORIENTED_EDGE('',*,*,#6466,.T.);
#6466 = EDGE_CURVE('',#5910,#5983,#6467,.T.);
#6467 = LINE('',#6468,#6469);
#6468 = CARTESIAN_POINT('',(-0.1,-2.29,1.25));
#6469 = VECTOR('',#6470,1.);
#6470 = DIRECTION('',(1.,-1.110223024625E-16,0.));
#6471 = ORIENTED_EDGE('',*,*,#5990,.T.);
#6472 = ORIENTED_EDGE('',*,*,#5941,.F.);
#6473 = ORIENTED_EDGE('',*,*,#5917,.F.);
#6474 = PLANE('',#6475);
#6475 = AXIS2_PLACEMENT_3D('',#6476,#6477,#6478);
#6476 = CARTESIAN_POINT('',(-0.1,-2.29,1.25));
#6477 = DIRECTION('',(-1.110223024625E-16,-1.,0.));
#6478 = DIRECTION('',(0.,0.,1.));
#6479 = ADVANCED_FACE('',(#6480),#6491,.T.);
#6480 = FACE_BOUND('',#6481,.T.);
#6481 = EDGE_LOOP('',(#6482,#6488,#6489,#6490));
#6482 = ORIENTED_EDGE('',*,*,#6483,.T.);
#6483 = EDGE_CURVE('',#5902,#5975,#6484,.T.);
#6484 = LINE('',#6485,#6486);
#6485 = CARTESIAN_POINT('',(-0.1,-2.79,1.25));
#6486 = VECTOR('',#6487,1.);
#6487 = DIRECTION('',(1.,-1.110223024625E-16,0.));
#6488 = ORIENTED_EDGE('',*,*,#5982,.T.);
#6489 = ORIENTED_EDGE('',*,*,#6466,.F.);
#6490 = ORIENTED_EDGE('',*,*,#5909,.F.);
#6491 = PLANE('',#6492);
#6492 = AXIS2_PLACEMENT_3D('',#6493,#6494,#6495);
#6493 = CARTESIAN_POINT('',(-0.1,-2.79,1.25));
#6494 = DIRECTION('',(0.,0.,1.));
#6495 = DIRECTION('',(1.110223024625E-16,1.,-0.));
#6496 = ADVANCED_FACE('',(#6497),#6503,.T.);
#6497 = FACE_BOUND('',#6498,.T.);
#6498 = EDGE_LOOP('',(#6499,#6500,#6501,#6502));
#6499 = ORIENTED_EDGE('',*,*,#6009,.T.);
#6500 = ORIENTED_EDGE('',*,*,#5974,.T.);
#6501 = ORIENTED_EDGE('',*,*,#6483,.F.);
#6502 = ORIENTED_EDGE('',*,*,#5901,.F.);
#6503 = PLANE('',#6504);
#6504 = AXIS2_PLACEMENT_3D('',#6505,#6506,#6507);
#6505 = CARTESIAN_POINT('',(-0.1,-2.79,7.35));
#6506 = DIRECTION('',(1.110223024625E-16,1.,0.));
#6507 = DIRECTION('',(0.,0.,-1.));
#6508 = ADVANCED_FACE('',(#6509),#6520,.T.);
#6509 = FACE_BOUND('',#6510,.T.);
#6510 = EDGE_LOOP('',(#6511,#6517,#6518,#6519));
#6511 = ORIENTED_EDGE('',*,*,#6512,.T.);
#6512 = EDGE_CURVE('',#6076,#6149,#6513,.T.);
#6513 = LINE('',#6514,#6515);
#6514 = CARTESIAN_POINT('',(-0.1,0.25,1.25));
#6515 = VECTOR('',#6516,1.);
#6516 = DIRECTION('',(1.,-1.110223024625E-16,0.));
#6517 = ORIENTED_EDGE('',*,*,#6156,.T.);
#6518 = ORIENTED_EDGE('',*,*,#6107,.F.);
#6519 = ORIENTED_EDGE('',*,*,#6083,.F.);
#6520 = PLANE('',#6521);
#6521 = AXIS2_PLACEMENT_3D('',#6522,#6523,#6524);
#6522 = CARTESIAN_POINT('',(-0.1,0.25,1.25));
#6523 = DIRECTION('',(-1.110223024625E-16,-1.,0.));
#6524 = DIRECTION('',(0.,0.,1.));
#6525 = ADVANCED_FACE('',(#6526),#6537,.T.);
#6526 = FACE_BOUND('',#6527,.T.);
#6527 = EDGE_LOOP('',(#6528,#6534,#6535,#6536));
#6528 = ORIENTED_EDGE('',*,*,#6529,.T.);
#6529 = EDGE_CURVE('',#6068,#6141,#6530,.T.);
#6530 = LINE('',#6531,#6532);
#6531 = CARTESIAN_POINT('',(-0.1,-0.25,1.25));
#6532 = VECTOR('',#6533,1.);
#6533 = DIRECTION('',(1.,-1.110223024625E-16,0.));
#6534 = ORIENTED_EDGE('',*,*,#6148,.T.);
#6535 = ORIENTED_EDGE('',*,*,#6512,.F.);
#6536 = ORIENTED_EDGE('',*,*,#6075,.F.);
#6537 = PLANE('',#6538);
#6538 = AXIS2_PLACEMENT_3D('',#6539,#6540,#6541);
#6539 = CARTESIAN_POINT('',(-0.1,-0.25,1.25));
#6540 = DIRECTION('',(0.,0.,1.));
#6541 = DIRECTION('',(1.110223024625E-16,1.,-0.));
#6542 = ADVANCED_FACE('',(#6543),#6549,.T.);
#6543 = FACE_BOUND('',#6544,.T.);
#6544 = EDGE_LOOP('',(#6545,#6546,#6547,#6548));
#6545 = ORIENTED_EDGE('',*,*,#6175,.T.);
#6546 = ORIENTED_EDGE('',*,*,#6140,.T.);
#6547 = ORIENTED_EDGE('',*,*,#6529,.F.);
#6548 = ORIENTED_EDGE('',*,*,#6067,.F.);
#6549 = PLANE('',#6550);
#6550 = AXIS2_PLACEMENT_3D('',#6551,#6552,#6553);
#6551 = CARTESIAN_POINT('',(-0.1,-0.25,7.35));
#6552 = DIRECTION('',(1.110223024625E-16,1.,0.));
#6553 = DIRECTION('',(0.,0.,-1.));
#6554 = ( GEOMETRIC_REPRESENTATION_CONTEXT(3) 
GLOBAL_UNCERTAINTY_ASSIGNED_CONTEXT((#6558)) 
GLOBAL_UNIT_ASSIGNED_CONTEXT((#6555,#6556,#6557)) REPRESENTATION_CONTEXT
('Context #1','3D Context with UNIT and UNCERTAINTY') );
#6555 = ( LENGTH_UNIT() NAMED_UNIT(*) SI_UNIT(.MILLI.,.METRE.) );
#6556 = ( NAMED_UNIT(*) PLANE_ANGLE_UNIT() SI_UNIT($,.RADIAN.) );
#6557 = ( NAMED_UNIT(*) SI_UNIT($,.STERADIAN.) SOLID_ANGLE_UNIT() );
#6558 = UNCERTAINTY_MEASURE_WITH_UNIT(LENGTH_MEASURE(1.E-07),#6555,
  'distance_accuracy_value','confusion accuracy');
#6559 = CONTEXT_DEPENDENT_SHAPE_REPRESENTATION(#6560,#6562);
#6560 = ( REPRESENTATION_RELATIONSHIP('','',#63,#40) 
REPRESENTATION_RELATIONSHIP_WITH_TRANSFORMATION(#6561) 
SHAPE_REPRESENTATION_RELATIONSHIP() );
#6561 = ITEM_DEFINED_TRANSFORMATION('','',#11,#41);
#6562 = PRODUCT_DEFINITION_SHAPE('Placement','Placement of an item',
  #6563);
#6563 = NEXT_ASSEMBLY_USAGE_OCCURRENCE('1','=>[0:1:1:3]','',#35,#58,$);
#6564 = PRODUCT_RELATED_PRODUCT_CATEGORY('part',$,(#60));
#6565 = SHAPE_DEFINITION_REPRESENTATION(#6566,#6572);
#6566 = PRODUCT_DEFINITION_SHAPE('','',#6567);
#6567 = PRODUCT_DEFINITION('design','',#6568,#6571);
#6568 = PRODUCT_DEFINITION_FORMATION('','',#6569);
#6569 = PRODUCT('Buzzer_12x9.5RM7.6','Buzzer_12x9.5RM7.6','',(#6570));
#6570 = PRODUCT_CONTEXT('',#2,'mechanical');
#6571 = PRODUCT_DEFINITION_CONTEXT('part definition',#2,'design');
#6572 = SHAPE_REPRESENTATION('',(#11,#6573),#6577);
#6573 = AXIS2_PLACEMENT_3D('',#6574,#6575,#6576);
#6574 = CARTESIAN_POINT('',(0.,0.,0.));
#6575 = DIRECTION('',(0.,0.,1.));
#6576 = DIRECTION('',(1.,0.,-0.));
#6577 = ( GEOMETRIC_REPRESENTATION_CONTEXT(3) 
GLOBAL_UNCERTAINTY_ASSIGNED_CONTEXT((#6581)) 
GLOBAL_UNIT_ASSIGNED_CONTEXT((#6578,#6579,#6580)) REPRESENTATION_CONTEXT
('Context #1','3D Context with UNIT and UNCERTAINTY') );
#6578 = ( LENGTH_UNIT() NAMED_UNIT(*) SI_UNIT(.MILLI.,.METRE.) );
#6579 = ( NAMED_UNIT(*) PLANE_ANGLE_UNIT() SI_UNIT($,.RADIAN.) );
#6580 = ( NAMED_UNIT(*) SI_UNIT($,.STERADIAN.) SOLID_ANGLE_UNIT() );
#6581 = UNCERTAINTY_MEASURE_WITH_UNIT(LENGTH_MEASURE(1.E-07),#6578,
  'distance_accuracy_value','confusion accuracy');
#6582 = CONTEXT_DEPENDENT_SHAPE_REPRESENTATION(#6583,#6585);
#6583 = ( REPRESENTATION_RELATIONSHIP('','',#6572,#10) 
REPRESENTATION_RELATIONSHIP_WITH_TRANSFORMATION(#6584) 
SHAPE_REPRESENTATION_RELATIONSHIP() );
#6584 = ITEM_DEFINED_TRANSFORMATION('','',#11,#19);
#6585 = PRODUCT_DEFINITION_SHAPE('Placement','Placement of an item',
  #6586);
#6586 = NEXT_ASSEMBLY_USAGE_OCCURRENCE('4','BZ1','',#5,#6567,$);
#6587 = PRODUCT_RELATED_PRODUCT_CATEGORY('part',$,(#6569));
#6588 = SHAPE_DEFINITION_REPRESENTATION(#6589,#6595);
#6589 = PRODUCT_DEFINITION_SHAPE('','',#6590);
#6590 = PRODUCT_DEFINITION('design','',#6591,#6594);
#6591 = PRODUCT_DEFINITION_FORMATION('','',#6592);
#6592 = PRODUCT('Buzzer_12x95RM76','Buzzer_12x95RM76','',(#6593));
#6593 = PRODUCT_CONTEXT('',#2,'mechanical');
#6594 = PRODUCT_DEFINITION_CONTEXT('part definition',#2,'design');
#6595 = ADVANCED_BREP_SHAPE_REPRESENTATION('',(#11,#6596),#6888);
#6596 = MANIFOLD_SOLID_BREP('',#6597);
#6597 = CLOSED_SHELL('',(#6598,#6631,#6657,#6683,#6714,#6734,#6759,#6784
    ,#6809,#6835,#6861,#6870,#6879));
#6598 = ADVANCED_FACE('',(#6599),#6626,.T.);
#6599 = FACE_BOUND('',#6600,.T.);
#6600 = EDGE_LOOP('',(#6601,#6610,#6618,#6625));
#6601 = ORIENTED_EDGE('',*,*,#6602,.T.);
#6602 = EDGE_CURVE('',#6603,#6603,#6605,.T.);
#6603 = VERTEX_POINT('',#6604);
#6604 = CARTESIAN_POINT('',(9.8,1.804356723968E-35,0.33));
#6605 = CIRCLE('',#6606,6.);
#6606 = AXIS2_PLACEMENT_3D('',#6607,#6608,#6609);
#6607 = CARTESIAN_POINT('',(3.8,1.804356723968E-35,0.33));
#6608 = DIRECTION('',(-8.559688641721E-35,6.014522413226E-35,1.));
#6609 = DIRECTION('',(1.,6.690258951221E-52,8.559688641721E-35));
#6610 = ORIENTED_EDGE('',*,*,#6611,.T.);
#6611 = EDGE_CURVE('',#6603,#6612,#6614,.T.);
#6612 = VERTEX_POINT('',#6613);
#6613 = CARTESIAN_POINT('',(9.8,-8.91040357515E-35,8.048518518519));
#6614 = LINE('',#6615,#6616);
#6615 = CARTESIAN_POINT('',(9.8,0.,3.E-02));
#6616 = VECTOR('',#6617,1.);
#6617 = DIRECTION('',(0.,0.,1.));
#6618 = ORIENTED_EDGE('',*,*,#6619,.F.);
#6619 = EDGE_CURVE('',#6612,#6612,#6620,.T.);
#6620 = CIRCLE('',#6621,6.);
#6621 = AXIS2_PLACEMENT_3D('',#6622,#6623,#6624);
#6622 = CARTESIAN_POINT('',(3.8,-8.91040357515E-35,8.048518518519));
#6623 = DIRECTION('',(-8.559688641721E-35,6.014522413226E-35,1.));
#6624 = DIRECTION('',(1.,8.259101077374E-51,8.559688641721E-35));
#6625 = ORIENTED_EDGE('',*,*,#6611,.F.);
#6626 = CYLINDRICAL_SURFACE('',#6627,6.);
#6627 = AXIS2_PLACEMENT_3D('',#6628,#6629,#6630);
#6628 = CARTESIAN_POINT('',(3.8,0.,3.E-02));
#6629 = DIRECTION('',(-0.,-0.,-1.));
#6630 = DIRECTION('',(1.,0.,0.));
#6631 = ADVANCED_FACE('',(#6632),#6652,.T.);
#6632 = FACE_BOUND('',#6633,.T.);
#6633 = EDGE_LOOP('',(#6634,#6643,#6650,#6651));
#6634 = ORIENTED_EDGE('',*,*,#6635,.T.);
#6635 = EDGE_CURVE('',#6636,#6636,#6638,.T.);
#6636 = VERTEX_POINT('',#6637);
#6637 = CARTESIAN_POINT('',(9.5,2.672764710092E-51,3.E-02));
#6638 = CIRCLE('',#6639,5.7);
#6639 = AXIS2_PLACEMENT_3D('',#6640,#6641,#6642);
#6640 = CARTESIAN_POINT('',(3.8,0.,3.E-02));
#6641 = DIRECTION('',(-8.559688641721E-35,6.014522413226E-35,1.));
#6642 = DIRECTION('',(1.,6.690258951221E-52,8.559688641721E-35));
#6643 = ORIENTED_EDGE('',*,*,#6644,.F.);
#6644 = EDGE_CURVE('',#6603,#6636,#6645,.T.);
#6645 = CIRCLE('',#6646,0.3);
#6646 = AXIS2_PLACEMENT_3D('',#6647,#6648,#6649);
#6647 = CARTESIAN_POINT('',(9.5,9.021783619839E-37,0.33));
#6648 = DIRECTION('',(3.007261206613E-36,1.,-6.014522413226E-35));
#6649 = DIRECTION('',(1.,-3.007261206613E-36,8.559688641721E-35));
#6650 = ORIENTED_EDGE('',*,*,#6602,.F.);
#6651 = ORIENTED_EDGE('',*,*,#6644,.T.);
#6652 = TOROIDAL_SURFACE('',#6653,5.7,0.3);
#6653 = AXIS2_PLACEMENT_3D('',#6654,#6655,#6656);
#6654 = CARTESIAN_POINT('',(3.8,1.804356723968E-35,0.33));
#6655 = DIRECTION('',(8.559688641721E-35,-6.014522413226E-35,-1.));
#6656 = DIRECTION('',(1.,6.690258951221E-52,8.559688641721E-35));
#6657 = ADVANCED_FACE('',(#6658),#6678,.T.);
#6658 = FACE_BOUND('',#6659,.T.);
#6659 = EDGE_LOOP('',(#6660,#6669,#6670,#6671));
#6660 = ORIENTED_EDGE('',*,*,#6661,.F.);
#6661 = EDGE_CURVE('',#6612,#6662,#6664,.T.);
#6662 = VERTEX_POINT('',#6663);
#6663 = CARTESIAN_POINT('',(8.318518518519,3.207317652111E-50,9.53));
#6664 = CIRCLE('',#6665,1.481481481481);
#6665 = AXIS2_PLACEMENT_3D('',#6666,#6667,#6668);
#6666 = CARTESIAN_POINT('',(8.318518518519,-8.91040357515E-35,
    8.048518518519));
#6667 = DIRECTION('',(8.259101077374E-51,-1.,6.014522413226E-35));
#6668 = DIRECTION('',(1.,8.259101077374E-51,8.559688641721E-35));
#6669 = ORIENTED_EDGE('',*,*,#6619,.T.);
#6670 = ORIENTED_EDGE('',*,*,#6661,.T.);
#6671 = ORIENTED_EDGE('',*,*,#6672,.F.);
#6672 = EDGE_CURVE('',#6662,#6662,#6673,.T.);
#6673 = CIRCLE('',#6674,4.518518518519);
#6674 = AXIS2_PLACEMENT_3D('',#6675,#6676,#6677);
#6675 = CARTESIAN_POINT('',(3.8,0.,9.53));
#6676 = DIRECTION('',(-8.559688641721E-35,6.014522413226E-35,1.));
#6677 = DIRECTION('',(1.,8.259101077374E-51,8.559688641721E-35));
#6678 = TOROIDAL_SURFACE('',#6679,4.518518518519,1.481481481481);
#6679 = AXIS2_PLACEMENT_3D('',#6680,#6681,#6682);
#6680 = CARTESIAN_POINT('',(3.8,-8.91040357515E-35,8.048518518519));
#6681 = DIRECTION('',(-8.559688641721E-35,6.014522413226E-35,1.));
#6682 = DIRECTION('',(1.,8.259101077374E-51,8.559688641721E-35));
#6683 = ADVANCED_FACE('',(#6684,#6687,#6698),#6709,.F.);
#6684 = FACE_BOUND('',#6685,.F.);
#6685 = EDGE_LOOP('',(#6686));
#6686 = ORIENTED_EDGE('',*,*,#6635,.T.);
#6687 = FACE_BOUND('',#6688,.F.);
#6688 = EDGE_LOOP('',(#6689));
#6689 = ORIENTED_EDGE('',*,*,#6690,.F.);
#6690 = EDGE_CURVE('',#6691,#6691,#6693,.T.);
#6691 = VERTEX_POINT('',#6692);
#6692 = CARTESIAN_POINT('',(0.45,0.,3.E-02));
#6693 = CIRCLE('',#6694,0.45);
#6694 = AXIS2_PLACEMENT_3D('',#6695,#6696,#6697);
#6695 = CARTESIAN_POINT('',(0.,0.,3.E-02));
#6696 = DIRECTION('',(0.,0.,1.));
#6697 = DIRECTION('',(1.,0.,-0.));
#6698 = FACE_BOUND('',#6699,.F.);
#6699 = EDGE_LOOP('',(#6700));
#6700 = ORIENTED_EDGE('',*,*,#6701,.F.);
#6701 = EDGE_CURVE('',#6702,#6702,#6704,.T.);
#6702 = VERTEX_POINT('',#6703);
#6703 = CARTESIAN_POINT('',(8.05,0.,3.E-02));
#6704 = CIRCLE('',#6705,0.45);
#6705 = AXIS2_PLACEMENT_3D('',#6706,#6707,#6708);
#6706 = CARTESIAN_POINT('',(7.6,0.,3.E-02));
#6707 = DIRECTION('',(0.,0.,1.));
#6708 = DIRECTION('',(1.,0.,-0.));
#6709 = PLANE('',#6710);
#6710 = AXIS2_PLACEMENT_3D('',#6711,#6712,#6713);
#6711 = CARTESIAN_POINT('',(3.8,2.108840176837E-16,3.E-02));
#6712 = DIRECTION('',(-8.559688641721E-35,6.014522413226E-35,1.));
#6713 = DIRECTION('',(1.,0.,8.559688641721E-35));
#6714 = ADVANCED_FACE('',(#6715,#6718),#6729,.T.);
#6715 = FACE_BOUND('',#6716,.T.);
#6716 = EDGE_LOOP('',(#6717));
#6717 = ORIENTED_EDGE('',*,*,#6672,.T.);
#6718 = FACE_BOUND('',#6719,.T.);
#6719 = EDGE_LOOP('',(#6720));
#6720 = ORIENTED_EDGE('',*,*,#6721,.T.);
#6721 = EDGE_CURVE('',#6722,#6722,#6724,.T.);
#6722 = VERTEX_POINT('',#6723);
#6723 = CARTESIAN_POINT('',(4.8,0.,9.53));
#6724 = CIRCLE('',#6725,1.);
#6725 = AXIS2_PLACEMENT_3D('',#6726,#6727,#6728);
#6726 = CARTESIAN_POINT('',(3.8,0.,9.53));
#6727 = DIRECTION('',(0.,0.,-1.));
#6728 = DIRECTION('',(1.,0.,0.));
#6729 = PLANE('',#6730);
#6730 = AXIS2_PLACEMENT_3D('',#6731,#6732,#6733);
#6731 = CARTESIAN_POINT('',(3.8,2.108840176837E-16,9.53));
#6732 = DIRECTION('',(-8.559688641721E-35,6.014522413226E-35,1.));
#6733 = DIRECTION('',(1.,0.,8.559688641721E-35));
#6734 = ADVANCED_FACE('',(#6735),#6754,.T.);
#6735 = FACE_BOUND('',#6736,.T.);
#6736 = EDGE_LOOP('',(#6737,#6738,#6746,#6753));
#6737 = ORIENTED_EDGE('',*,*,#6690,.F.);
#6738 = ORIENTED_EDGE('',*,*,#6739,.T.);
#6739 = EDGE_CURVE('',#6691,#6740,#6742,.T.);
#6740 = VERTEX_POINT('',#6741);
#6741 = CARTESIAN_POINT('',(0.45,0.,-2.82));
#6742 = LINE('',#6743,#6744);
#6743 = CARTESIAN_POINT('',(0.45,0.,1.03));
#6744 = VECTOR('',#6745,1.);
#6745 = DIRECTION('',(-0.,-0.,-1.));
#6746 = ORIENTED_EDGE('',*,*,#6747,.T.);
#6747 = EDGE_CURVE('',#6740,#6740,#6748,.T.);
#6748 = CIRCLE('',#6749,0.45);
#6749 = AXIS2_PLACEMENT_3D('',#6750,#6751,#6752);
#6750 = CARTESIAN_POINT('',(0.,0.,-2.82));
#6751 = DIRECTION('',(0.,0.,1.));
#6752 = DIRECTION('',(1.,0.,-0.));
#6753 = ORIENTED_EDGE('',*,*,#6739,.F.);
#6754 = CYLINDRICAL_SURFACE('',#6755,0.45);
#6755 = AXIS2_PLACEMENT_3D('',#6756,#6757,#6758);
#6756 = CARTESIAN_POINT('',(0.,0.,1.03));
#6757 = DIRECTION('',(0.,0.,1.));
#6758 = DIRECTION('',(1.,0.,-0.));
#6759 = ADVANCED_FACE('',(#6760),#6779,.T.);
#6760 = FACE_BOUND('',#6761,.T.);
#6761 = EDGE_LOOP('',(#6762,#6763,#6771,#6778));
#6762 = ORIENTED_EDGE('',*,*,#6701,.F.);
#6763 = ORIENTED_EDGE('',*,*,#6764,.T.);
#6764 = EDGE_CURVE('',#6702,#6765,#6767,.T.);
#6765 = VERTEX_POINT('',#6766);
#6766 = CARTESIAN_POINT('',(8.05,6.042804770876E-33,-2.82));
#6767 = LINE('',#6768,#6769);
#6768 = CARTESIAN_POINT('',(8.05,0.,1.03));
#6769 = VECTOR('',#6770,1.);
#6770 = DIRECTION('',(-0.,-0.,-1.));
#6771 = ORIENTED_EDGE('',*,*,#6772,.T.);
#6772 = EDGE_CURVE('',#6765,#6765,#6773,.T.);
#6773 = CIRCLE('',#6774,0.45);
#6774 = AXIS2_PLACEMENT_3D('',#6775,#6776,#6777);
#6775 = CARTESIAN_POINT('',(7.6,-1.29542663314E-31,-2.82));
#6776 = DIRECTION('',(-1.19708830782E-30,3.357113761597E-32,1.));
#6777 = DIRECTION('',(1.,3.013010401886E-31,1.19708830782E-30));
#6778 = ORIENTED_EDGE('',*,*,#6764,.F.);
#6779 = CYLINDRICAL_SURFACE('',#6780,0.45);
#6780 = AXIS2_PLACEMENT_3D('',#6781,#6782,#6783);
#6781 = CARTESIAN_POINT('',(7.6,0.,1.03));
#6782 = DIRECTION('',(0.,0.,1.));
#6783 = DIRECTION('',(1.,0.,-0.));
#6784 = ADVANCED_FACE('',(#6785),#6804,.F.);
#6785 = FACE_BOUND('',#6786,.F.);
#6786 = EDGE_LOOP('',(#6787,#6795,#6796,#6797));
#6787 = ORIENTED_EDGE('',*,*,#6788,.T.);
#6788 = EDGE_CURVE('',#6789,#6722,#6791,.T.);
#6789 = VERTEX_POINT('',#6790);
#6790 = CARTESIAN_POINT('',(4.8,0.,9.33));
#6791 = LINE('',#6792,#6793);
#6792 = CARTESIAN_POINT('',(4.8,0.,1.93));
#6793 = VECTOR('',#6794,1.);
#6794 = DIRECTION('',(0.,0.,1.));
#6795 = ORIENTED_EDGE('',*,*,#6721,.T.);
#6796 = ORIENTED_EDGE('',*,*,#6788,.F.);
#6797 = ORIENTED_EDGE('',*,*,#6798,.T.);
#6798 = EDGE_CURVE('',#6789,#6789,#6799,.T.);
#6799 = CIRCLE('',#6800,1.);
#6800 = AXIS2_PLACEMENT_3D('',#6801,#6802,#6803);
#6801 = CARTESIAN_POINT('',(3.8,0.,9.33));
#6802 = DIRECTION('',(0.,0.,1.));
#6803 = DIRECTION('',(1.,0.,-0.));
#6804 = CYLINDRICAL_SURFACE('',#6805,1.);
#6805 = AXIS2_PLACEMENT_3D('',#6806,#6807,#6808);
#6806 = CARTESIAN_POINT('',(3.8,0.,1.93));
#6807 = DIRECTION('',(-0.,-0.,-1.));
#6808 = DIRECTION('',(1.,0.,0.));
#6809 = ADVANCED_FACE('',(#6810),#6830,.T.);
#6810 = FACE_BOUND('',#6811,.T.);
#6811 = EDGE_LOOP('',(#6812,#6821,#6828,#6829));
#6812 = ORIENTED_EDGE('',*,*,#6813,.T.);
#6813 = EDGE_CURVE('',#6814,#6814,#6816,.T.);
#6814 = VERTEX_POINT('',#6815);
#6815 = CARTESIAN_POINT('',(0.27,0.,-3.));
#6816 = CIRCLE('',#6817,0.27);
#6817 = AXIS2_PLACEMENT_3D('',#6818,#6819,#6820);
#6818 = CARTESIAN_POINT('',(0.,0.,-3.));
#6819 = DIRECTION('',(0.,0.,1.));
#6820 = DIRECTION('',(1.,0.,-0.));
#6821 = ORIENTED_EDGE('',*,*,#6822,.F.);
#6822 = EDGE_CURVE('',#6740,#6814,#6823,.T.);
#6823 = CIRCLE('',#6824,0.18);
#6824 = AXIS2_PLACEMENT_3D('',#6825,#6826,#6827);
#6825 = CARTESIAN_POINT('',(0.27,0.,-2.82));
#6826 = DIRECTION('',(-0.,1.,0.));
#6827 = DIRECTION('',(1.,0.,0.));
#6828 = ORIENTED_EDGE('',*,*,#6747,.F.);
#6829 = ORIENTED_EDGE('',*,*,#6822,.T.);
#6830 = TOROIDAL_SURFACE('',#6831,0.27,0.18);
#6831 = AXIS2_PLACEMENT_3D('',#6832,#6833,#6834);
#6832 = CARTESIAN_POINT('',(0.,0.,-2.82));
#6833 = DIRECTION('',(-0.,-0.,-1.));
#6834 = DIRECTION('',(1.,0.,0.));
#6835 = ADVANCED_FACE('',(#6836),#6856,.T.);
#6836 = FACE_BOUND('',#6837,.T.);
#6837 = EDGE_LOOP('',(#6838,#6847,#6854,#6855));
#6838 = ORIENTED_EDGE('',*,*,#6839,.T.);
#6839 = EDGE_CURVE('',#6840,#6840,#6842,.T.);
#6840 = VERTEX_POINT('',#6841);
#6841 = CARTESIAN_POINT('',(7.87,-5.423418723394E-32,-3.));
#6842 = CIRCLE('',#6843,0.27);
#6843 = AXIS2_PLACEMENT_3D('',#6844,#6845,#6846);
#6844 = CARTESIAN_POINT('',(7.6,-1.355854680849E-31,-3.));
#6845 = DIRECTION('',(-1.19708830782E-30,3.357113761597E-32,1.));
#6846 = DIRECTION('',(1.,3.013010401886E-31,1.19708830782E-30));
#6847 = ORIENTED_EDGE('',*,*,#6848,.F.);
#6848 = EDGE_CURVE('',#6765,#6840,#6849,.T.);
#6849 = CIRCLE('',#6850,0.18);
#6850 = AXIS2_PLACEMENT_3D('',#6851,#6852,#6853);
#6851 = CARTESIAN_POINT('',(7.87,-5.181706532559E-32,-2.82));
#6852 = DIRECTION('',(-2.878725851422E-31,1.,-3.357113761597E-32));
#6853 = DIRECTION('',(1.,2.878725851422E-31,1.19708830782E-30));
#6854 = ORIENTED_EDGE('',*,*,#6772,.F.);
#6855 = ORIENTED_EDGE('',*,*,#6848,.T.);
#6856 = TOROIDAL_SURFACE('',#6857,0.27,0.18);
#6857 = AXIS2_PLACEMENT_3D('',#6858,#6859,#6860);
#6858 = CARTESIAN_POINT('',(7.6,-1.29542663314E-31,-2.82));
#6859 = DIRECTION('',(1.19708830782E-30,-3.357113761597E-32,-1.));
#6860 = DIRECTION('',(1.,3.013010401886E-31,1.19708830782E-30));
#6861 = ADVANCED_FACE('',(#6862),#6865,.T.);
#6862 = FACE_BOUND('',#6863,.T.);
#6863 = EDGE_LOOP('',(#6864));
#6864 = ORIENTED_EDGE('',*,*,#6798,.T.);
#6865 = PLANE('',#6866);
#6866 = AXIS2_PLACEMENT_3D('',#6867,#6868,#6869);
#6867 = CARTESIAN_POINT('',(3.8,8.737595245399E-17,9.33));
#6868 = DIRECTION('',(-4.930380657631E-31,-1.632186346944E-32,1.));
#6869 = DIRECTION('',(1.,0.,4.930380657631E-31));
#6870 = ADVANCED_FACE('',(#6871),#6874,.F.);
#6871 = FACE_BOUND('',#6872,.F.);
#6872 = EDGE_LOOP('',(#6873));
#6873 = ORIENTED_EDGE('',*,*,#6813,.T.);
#6874 = PLANE('',#6875);
#6875 = AXIS2_PLACEMENT_3D('',#6876,#6877,#6878);
#6876 = CARTESIAN_POINT('',(-1.18701400394E-17,2.911085817041E-17,-3.));
#6877 = DIRECTION('',(0.,0.,1.));
#6878 = DIRECTION('',(1.,0.,-0.));
#6879 = ADVANCED_FACE('',(#6880),#6883,.F.);
#6880 = FACE_BOUND('',#6881,.F.);
#6881 = EDGE_LOOP('',(#6882));
#6882 = ORIENTED_EDGE('',*,*,#6839,.T.);
#6883 = PLANE('',#6884);
#6884 = AXIS2_PLACEMENT_3D('',#6885,#6886,#6887);
#6885 = CARTESIAN_POINT('',(7.6,-1.836970198721E-17,-3.));
#6886 = DIRECTION('',(-1.19708830782E-30,3.357113761597E-32,1.));
#6887 = DIRECTION('',(1.,0.,1.19708830782E-30));
#6888 = ( GEOMETRIC_REPRESENTATION_CONTEXT(3) 
GLOBAL_UNCERTAINTY_ASSIGNED_CONTEXT((#6892)) 
GLOBAL_UNIT_ASSIGNED_CONTEXT((#6889,#6890,#6891)) REPRESENTATION_CONTEXT
('Context #1','3D Context with UNIT and UNCERTAINTY') );
#6889 = ( LENGTH_UNIT() NAMED_UNIT(*) SI_UNIT(.MILLI.,.METRE.) );
#6890 = ( NAMED_UNIT(*) PLANE_ANGLE_UNIT() SI_UNIT($,.RADIAN.) );
#6891 = ( NAMED_UNIT(*) SI_UNIT($,.STERADIAN.) SOLID_ANGLE_UNIT() );
#6892 = UNCERTAINTY_MEASURE_WITH_UNIT(LENGTH_MEASURE(1.E-07),#6889,
  'distance_accuracy_value','confusion accuracy');
#6893 = CONTEXT_DEPENDENT_SHAPE_REPRESENTATION(#6894,#6896);
#6894 = ( REPRESENTATION_RELATIONSHIP('','',#6595,#6572) 
REPRESENTATION_RELATIONSHIP_WITH_TRANSFORMATION(#6895) 
SHAPE_REPRESENTATION_RELATIONSHIP() );
#6895 = ITEM_DEFINED_TRANSFORMATION('','',#11,#6573);
#6896 = PRODUCT_DEFINITION_SHAPE('Placement','Placement of an item',
  #6897);
#6897 = NEXT_ASSEMBLY_USAGE_OCCURRENCE('3','=>[0:1:1:5]','',#6567,#6590,
  $);
#6898 = PRODUCT_RELATED_PRODUCT_CATEGORY('part',$,(#6592));
#6899 = SHAPE_DEFINITION_REPRESENTATION(#6900,#6906);
#6900 = PRODUCT_DEFINITION_SHAPE('','',#6901);
#6901 = PRODUCT_DEFINITION('design','',#6902,#6905);
#6902 = PRODUCT_DEFINITION_FORMATION('','',#6903);
#6903 = PRODUCT('blare_PCB','blare_PCB','',(#6904));
#6904 = PRODUCT_CONTEXT('',#2,'mechanical');
#6905 = PRODUCT_DEFINITION_CONTEXT('part definition',#2,'design');
#6906 = ADVANCED_BREP_SHAPE_REPRESENTATION('',(#11,#6907),#9069);
#6907 = MANIFOLD_SOLID_BREP('',#6908);
#6908 = CLOSED_SHELL('',(#6909,#6951,#6982,#7013,#7593,#8173,#8190,#8207
    ,#8224,#8241,#8253,#8270,#8287,#8304,#8321,#8338,#8355,#8372,#8389,
    #8406,#8423,#8440,#8457,#8474,#8491,#8508,#8525,#8542,#8559,#8576,
    #8593,#8610,#8627,#8644,#8661,#8678,#8695,#8712,#8729,#8746,#8763,
    #8780,#8797,#8814,#8831,#8848,#8865,#8882,#8899,#8916,#8933,#8950,
    #8967,#8984,#9001,#9018,#9035,#9052));
#6909 = ADVANCED_FACE('',(#6910),#6946,.T.);
#6910 = FACE_BOUND('',#6911,.T.);
#6911 = EDGE_LOOP('',(#6912,#6922,#6931,#6939));
#6912 = ORIENTED_EDGE('',*,*,#6913,.T.);
#6913 = EDGE_CURVE('',#6914,#6916,#6918,.T.);
#6914 = VERTEX_POINT('',#6915);
#6915 = CARTESIAN_POINT('',(216.003455,-51.319454,0.));
#6916 = VERTEX_POINT('',#6917);
#6917 = CARTESIAN_POINT('',(216.003455,-51.319454,1.51));
#6918 = LINE('',#6919,#6920);
#6919 = CARTESIAN_POINT('',(216.003455,-51.319454,0.));
#6920 = VECTOR('',#6921,1.);
#6921 = DIRECTION('',(0.,0.,1.));
#6922 = ORIENTED_EDGE('',*,*,#6923,.T.);
#6923 = EDGE_CURVE('',#6916,#6924,#6926,.T.);
#6924 = VERTEX_POINT('',#6925);
#6925 = CARTESIAN_POINT('',(219.003455,-54.319454,1.51));
#6926 = CIRCLE('',#6927,3.000001172987);
#6927 = AXIS2_PLACEMENT_3D('',#6928,#6929,#6930);
#6928 = CARTESIAN_POINT('',(216.00345382701,-54.31945517298,1.51));
#6929 = DIRECTION('',(0.,0.,-1.));
#6930 = DIRECTION('',(3.909953616065E-07,1.,0.));
#6931 = ORIENTED_EDGE('',*,*,#6932,.F.);
#6932 = EDGE_CURVE('',#6933,#6924,#6935,.T.);
#6933 = VERTEX_POINT('',#6934);
#6934 = CARTESIAN_POINT('',(219.003455,-54.319454,0.));
#6935 = LINE('',#6936,#6937);
#6936 = CARTESIAN_POINT('',(219.003455,-54.319454,0.));
#6937 = VECTOR('',#6938,1.);
#6938 = DIRECTION('',(0.,0.,1.));
#6939 = ORIENTED_EDGE('',*,*,#6940,.F.);
#6940 = EDGE_CURVE('',#6914,#6933,#6941,.T.);
#6941 = CIRCLE('',#6942,3.000001172987);
#6942 = AXIS2_PLACEMENT_3D('',#6943,#6944,#6945);
#6943 = CARTESIAN_POINT('',(216.00345382701,-54.31945517298,0.));
#6944 = DIRECTION('',(0.,0.,-1.));
#6945 = DIRECTION('',(3.909953616065E-07,1.,0.));
#6946 = CYLINDRICAL_SURFACE('',#6947,3.000001172987);
#6947 = AXIS2_PLACEMENT_3D('',#6948,#6949,#6950);
#6948 = CARTESIAN_POINT('',(216.00345382701,-54.31945517298,0.));
#6949 = DIRECTION('',(0.,0.,-1.));
#6950 = DIRECTION('',(3.909953616065E-07,1.,0.));
#6951 = ADVANCED_FACE('',(#6952),#6977,.T.);
#6952 = FACE_BOUND('',#6953,.T.);
#6953 = EDGE_LOOP('',(#6954,#6964,#6970,#6971));
#6954 = ORIENTED_EDGE('',*,*,#6955,.T.);
#6955 = EDGE_CURVE('',#6956,#6958,#6960,.T.);
#6956 = VERTEX_POINT('',#6957);
#6957 = CARTESIAN_POINT('',(122.003455,-51.319454,0.));
#6958 = VERTEX_POINT('',#6959);
#6959 = CARTESIAN_POINT('',(122.003455,-51.319454,1.51));
#6960 = LINE('',#6961,#6962);
#6961 = CARTESIAN_POINT('',(122.003455,-51.319454,0.));
#6962 = VECTOR('',#6963,1.);
#6963 = DIRECTION('',(0.,0.,1.));
#6964 = ORIENTED_EDGE('',*,*,#6965,.T.);
#6965 = EDGE_CURVE('',#6958,#6916,#6966,.T.);
#6966 = LINE('',#6967,#6968);
#6967 = CARTESIAN_POINT('',(122.003455,-51.319454,1.51));
#6968 = VECTOR('',#6969,1.);
#6969 = DIRECTION('',(1.,0.,0.));
#6970 = ORIENTED_EDGE('',*,*,#6913,.F.);
#6971 = ORIENTED_EDGE('',*,*,#6972,.F.);
#6972 = EDGE_CURVE('',#6956,#6914,#6973,.T.);
#6973 = LINE('',#6974,#6975);
#6974 = CARTESIAN_POINT('',(122.003455,-51.319454,0.));
#6975 = VECTOR('',#6976,1.);
#6976 = DIRECTION('',(1.,0.,0.));
#6977 = PLANE('',#6978);
#6978 = AXIS2_PLACEMENT_3D('',#6979,#6980,#6981);
#6979 = CARTESIAN_POINT('',(122.003455,-51.319454,0.));
#6980 = DIRECTION('',(0.,1.,0.));
#6981 = DIRECTION('',(1.,0.,0.));
#6982 = ADVANCED_FACE('',(#6983),#7008,.T.);
#6983 = FACE_BOUND('',#6984,.T.);
#6984 = EDGE_LOOP('',(#6985,#6986,#6994,#7002));
#6985 = ORIENTED_EDGE('',*,*,#6932,.T.);
#6986 = ORIENTED_EDGE('',*,*,#6987,.T.);
#6987 = EDGE_CURVE('',#6924,#6988,#6990,.T.);
#6988 = VERTEX_POINT('',#6989);
#6989 = CARTESIAN_POINT('',(219.003455,-106.819454,1.51));
#6990 = LINE('',#6991,#6992);
#6991 = CARTESIAN_POINT('',(219.003455,-54.319454,1.51));
#6992 = VECTOR('',#6993,1.);
#6993 = DIRECTION('',(0.,-1.,0.));
#6994 = ORIENTED_EDGE('',*,*,#6995,.F.);
#6995 = EDGE_CURVE('',#6996,#6988,#6998,.T.);
#6996 = VERTEX_POINT('',#6997);
#6997 = CARTESIAN_POINT('',(219.003455,-106.819454,0.));
#6998 = LINE('',#6999,#7000);
#6999 = CARTESIAN_POINT('',(219.003455,-106.819454,0.));
#7000 = VECTOR('',#7001,1.);
#7001 = DIRECTION('',(0.,0.,1.));
#7002 = ORIENTED_EDGE('',*,*,#7003,.F.);
#7003 = EDGE_CURVE('',#6933,#6996,#7004,.T.);
#7004 = LINE('',#7005,#7006);
#7005 = CARTESIAN_POINT('',(219.003455,-54.319454,0.));
#7006 = VECTOR('',#7007,1.);
#7007 = DIRECTION('',(0.,-1.,0.));
#7008 = PLANE('',#7009);
#7009 = AXIS2_PLACEMENT_3D('',#7010,#7011,#7012);
#7010 = CARTESIAN_POINT('',(219.003455,-54.319454,0.));
#7011 = DIRECTION('',(1.,0.,-0.));
#7012 = DIRECTION('',(0.,-1.,0.));
#7013 = ADVANCED_FACE('',(#7014,#7060,#7071,#7082,#7093,#7104,#7115,
    #7126,#7137,#7148,#7159,#7170,#7181,#7192,#7203,#7214,#7225,#7236,
    #7247,#7258,#7269,#7280,#7291,#7302,#7313,#7324,#7335,#7346,#7357,
    #7368,#7379,#7390,#7401,#7412,#7423,#7434,#7445,#7456,#7467,#7478,
    #7489,#7500,#7511,#7522,#7533,#7544,#7555,#7566,#7577),#7588,.F.);
#7014 = FACE_BOUND('',#7015,.F.);
#7015 = EDGE_LOOP('',(#7016,#7017,#7018,#7027,#7035,#7044,#7052,#7059));
#7016 = ORIENTED_EDGE('',*,*,#6940,.F.);
#7017 = ORIENTED_EDGE('',*,*,#6972,.F.);
#7018 = ORIENTED_EDGE('',*,*,#7019,.F.);
#7019 = EDGE_CURVE('',#7020,#6956,#7022,.T.);
#7020 = VERTEX_POINT('',#7021);
#7021 = CARTESIAN_POINT('',(119.003455,-54.319454,0.));
#7022 = CIRCLE('',#7023,3.000001172987);
#7023 = AXIS2_PLACEMENT_3D('',#7024,#7025,#7026);
#7024 = CARTESIAN_POINT('',(122.00345617298,-54.31945517298,0.));
#7025 = DIRECTION('',(0.,0.,-1.));
#7026 = DIRECTION('',(-1.,3.909953663434E-07,0.));
#7027 = ORIENTED_EDGE('',*,*,#7028,.F.);
#7028 = EDGE_CURVE('',#7029,#7020,#7031,.T.);
#7029 = VERTEX_POINT('',#7030);
#7030 = CARTESIAN_POINT('',(119.003455,-106.819454,0.));
#7031 = LINE('',#7032,#7033);
#7032 = CARTESIAN_POINT('',(119.003455,-106.819454,0.));
#7033 = VECTOR('',#7034,1.);
#7034 = DIRECTION('',(0.,1.,0.));
#7035 = ORIENTED_EDGE('',*,*,#7036,.F.);
#7036 = EDGE_CURVE('',#7037,#7029,#7039,.T.);
#7037 = VERTEX_POINT('',#7038);
#7038 = CARTESIAN_POINT('',(122.003455,-109.819454,0.));
#7039 = CIRCLE('',#7040,3.000001172987);
#7040 = AXIS2_PLACEMENT_3D('',#7041,#7042,#7043);
#7041 = CARTESIAN_POINT('',(122.00345617298,-106.819452827,0.));
#7042 = DIRECTION('',(0.,0.,-1.));
#7043 = DIRECTION('',(-3.909953568695E-07,-1.,-0.));
#7044 = ORIENTED_EDGE('',*,*,#7045,.F.);
#7045 = EDGE_CURVE('',#7046,#7037,#7048,.T.);
#7046 = VERTEX_POINT('',#7047);
#7047 = CARTESIAN_POINT('',(216.003455,-109.819454,0.));
#7048 = LINE('',#7049,#7050);
#7049 = CARTESIAN_POINT('',(216.003455,-109.819454,0.));
#7050 = VECTOR('',#7051,1.);
#7051 = DIRECTION('',(-1.,0.,0.));
#7052 = ORIENTED_EDGE('',*,*,#7053,.F.);
#7053 = EDGE_CURVE('',#6996,#7046,#7054,.T.);
#7054 = CIRCLE('',#7055,3.000001172987);
#7055 = AXIS2_PLACEMENT_3D('',#7056,#7057,#7058);
#7056 = CARTESIAN_POINT('',(216.00345382701,-106.819452827,0.));
#7057 = DIRECTION('',(0.,0.,-1.));
#7058 = DIRECTION('',(1.,-3.909953616065E-07,0.));
#7059 = ORIENTED_EDGE('',*,*,#7003,.F.);
#7060 = FACE_BOUND('',#7061,.F.);
#7061 = EDGE_LOOP('',(#7062));
#7062 = ORIENTED_EDGE('',*,*,#7063,.T.);
#7063 = EDGE_CURVE('',#7064,#7064,#7066,.T.);
#7064 = VERTEX_POINT('',#7065);
#7065 = CARTESIAN_POINT('',(124.,-107.1,0.));
#7066 = CIRCLE('',#7067,1.6);
#7067 = AXIS2_PLACEMENT_3D('',#7068,#7069,#7070);
#7068 = CARTESIAN_POINT('',(124.,-105.5,0.));
#7069 = DIRECTION('',(-0.,0.,-1.));
#7070 = DIRECTION('',(-0.,-1.,0.));
#7071 = FACE_BOUND('',#7072,.F.);
#7072 = EDGE_LOOP('',(#7073));
#7073 = ORIENTED_EDGE('',*,*,#7074,.T.);
#7074 = EDGE_CURVE('',#7075,#7075,#7077,.T.);
#7075 = VERTEX_POINT('',#7076);
#7076 = CARTESIAN_POINT('',(136.5,-94.35,0.));
#7077 = CIRCLE('',#7078,0.85);
#7078 = AXIS2_PLACEMENT_3D('',#7079,#7080,#7081);
#7079 = CARTESIAN_POINT('',(136.5,-93.5,0.));
#7080 = DIRECTION('',(-0.,0.,-1.));
#7081 = DIRECTION('',(-0.,-1.,0.));
#7082 = FACE_BOUND('',#7083,.F.);
#7083 = EDGE_LOOP('',(#7084));
#7084 = ORIENTED_EDGE('',*,*,#7085,.T.);
#7085 = EDGE_CURVE('',#7086,#7086,#7088,.T.);
#7086 = VERTEX_POINT('',#7087);
#7087 = CARTESIAN_POINT('',(137.77,-91.71,0.));
#7088 = CIRCLE('',#7089,0.75);
#7089 = AXIS2_PLACEMENT_3D('',#7090,#7091,#7092);
#7090 = CARTESIAN_POINT('',(137.77,-90.96,0.));
#7091 = DIRECTION('',(-0.,0.,-1.));
#7092 = DIRECTION('',(-0.,-1.,0.));
#7093 = FACE_BOUND('',#7094,.F.);
#7094 = EDGE_LOOP('',(#7095));
#7095 = ORIENTED_EDGE('',*,*,#7096,.T.);
#7096 = EDGE_CURVE('',#7097,#7097,#7099,.T.);
#7097 = VERTEX_POINT('',#7098);
#7098 = CARTESIAN_POINT('',(141.58,-95.5,0.));
#7099 = CIRCLE('',#7100,2.);
#7100 = AXIS2_PLACEMENT_3D('',#7101,#7102,#7103);
#7101 = CARTESIAN_POINT('',(141.58,-93.5,0.));
#7102 = DIRECTION('',(-0.,0.,-1.));
#7103 = DIRECTION('',(-0.,-1.,0.));
#7104 = FACE_BOUND('',#7105,.F.);
#7105 = EDGE_LOOP('',(#7106));
#7106 = ORIENTED_EDGE('',*,*,#7107,.T.);
#7107 = EDGE_CURVE('',#7108,#7108,#7110,.T.);
#7108 = VERTEX_POINT('',#7109);
#7109 = CARTESIAN_POINT('',(144.12,-89.17,0.));
#7110 = CIRCLE('',#7111,0.75);
#7111 = AXIS2_PLACEMENT_3D('',#7112,#7113,#7114);
#7112 = CARTESIAN_POINT('',(144.12,-88.42,0.));
#7113 = DIRECTION('',(-0.,0.,-1.));
#7114 = DIRECTION('',(-0.,-1.,0.));
#7115 = FACE_BOUND('',#7116,.F.);
#7116 = EDGE_LOOP('',(#7117));
#7117 = ORIENTED_EDGE('',*,*,#7118,.T.);
#7118 = EDGE_CURVE('',#7119,#7119,#7121,.T.);
#7119 = VERTEX_POINT('',#7120);
#7120 = CARTESIAN_POINT('',(146.66,-94.35,0.));
#7121 = CIRCLE('',#7122,0.85);
#7122 = AXIS2_PLACEMENT_3D('',#7123,#7124,#7125);
#7123 = CARTESIAN_POINT('',(146.66,-93.5,0.));
#7124 = DIRECTION('',(-0.,0.,-1.));
#7125 = DIRECTION('',(-0.,-1.,0.));
#7126 = FACE_BOUND('',#7127,.F.);
#7127 = EDGE_LOOP('',(#7128));
#7128 = ORIENTED_EDGE('',*,*,#7129,.T.);
#7129 = EDGE_CURVE('',#7130,#7130,#7132,.T.);
#7130 = VERTEX_POINT('',#7131);
#7131 = CARTESIAN_POINT('',(155.93,-94.35,0.));
#7132 = CIRCLE('',#7133,0.85);
#7133 = AXIS2_PLACEMENT_3D('',#7134,#7135,#7136);
#7134 = CARTESIAN_POINT('',(155.93,-93.5,0.));
#7135 = DIRECTION('',(-0.,0.,-1.));
#7136 = DIRECTION('',(-0.,-1.,0.));
#7137 = FACE_BOUND('',#7138,.F.);
#7138 = EDGE_LOOP('',(#7139));
#7139 = ORIENTED_EDGE('',*,*,#7140,.T.);
#7140 = EDGE_CURVE('',#7141,#7141,#7143,.T.);
#7141 = VERTEX_POINT('',#7142);
#7142 = CARTESIAN_POINT('',(157.2,-91.71,0.));
#7143 = CIRCLE('',#7144,0.75);
#7144 = AXIS2_PLACEMENT_3D('',#7145,#7146,#7147);
#7145 = CARTESIAN_POINT('',(157.2,-90.96,0.));
#7146 = DIRECTION('',(-0.,0.,-1.));
#7147 = DIRECTION('',(-0.,-1.,0.));
#7148 = FACE_BOUND('',#7149,.F.);
#7149 = EDGE_LOOP('',(#7150));
#7150 = ORIENTED_EDGE('',*,*,#7151,.T.);
#7151 = EDGE_CURVE('',#7152,#7152,#7154,.T.);
#7152 = VERTEX_POINT('',#7153);
#7153 = CARTESIAN_POINT('',(161.01,-95.5,0.));
#7154 = CIRCLE('',#7155,2.);
#7155 = AXIS2_PLACEMENT_3D('',#7156,#7157,#7158);
#7156 = CARTESIAN_POINT('',(161.01,-93.5,0.));
#7157 = DIRECTION('',(-0.,0.,-1.));
#7158 = DIRECTION('',(-0.,-1.,0.));
#7159 = FACE_BOUND('',#7160,.F.);
#7160 = EDGE_LOOP('',(#7161));
#7161 = ORIENTED_EDGE('',*,*,#7162,.T.);
#7162 = EDGE_CURVE('',#7163,#7163,#7165,.T.);
#7163 = VERTEX_POINT('',#7164);
#7164 = CARTESIAN_POINT('',(166.09,-94.35,0.));
#7165 = CIRCLE('',#7166,0.85);
#7166 = AXIS2_PLACEMENT_3D('',#7167,#7168,#7169);
#7167 = CARTESIAN_POINT('',(166.09,-93.5,0.));
#7168 = DIRECTION('',(-0.,0.,-1.));
#7169 = DIRECTION('',(-0.,-1.,0.));
#7170 = FACE_BOUND('',#7171,.F.);
#7171 = EDGE_LOOP('',(#7172));
#7172 = ORIENTED_EDGE('',*,*,#7173,.T.);
#7173 = EDGE_CURVE('',#7174,#7174,#7176,.T.);
#7174 = VERTEX_POINT('',#7175);
#7175 = CARTESIAN_POINT('',(163.55,-89.17,0.));
#7176 = CIRCLE('',#7177,0.75);
#7177 = AXIS2_PLACEMENT_3D('',#7178,#7179,#7180);
#7178 = CARTESIAN_POINT('',(163.55,-88.42,0.));
#7179 = DIRECTION('',(-0.,0.,-1.));
#7180 = DIRECTION('',(-0.,-1.,0.));
#7181 = FACE_BOUND('',#7182,.F.);
#7182 = EDGE_LOOP('',(#7183));
#7183 = ORIENTED_EDGE('',*,*,#7184,.T.);
#7184 = EDGE_CURVE('',#7185,#7185,#7187,.T.);
#7185 = VERTEX_POINT('',#7186);
#7186 = CARTESIAN_POINT('',(214.5,-107.1,0.));
#7187 = CIRCLE('',#7188,1.6);
#7188 = AXIS2_PLACEMENT_3D('',#7189,#7190,#7191);
#7189 = CARTESIAN_POINT('',(214.5,-105.5,0.));
#7190 = DIRECTION('',(-0.,0.,-1.));
#7191 = DIRECTION('',(-0.,-1.,0.));
#7192 = FACE_BOUND('',#7193,.F.);
#7193 = EDGE_LOOP('',(#7194));
#7194 = ORIENTED_EDGE('',*,*,#7195,.T.);
#7195 = EDGE_CURVE('',#7196,#7196,#7198,.T.);
#7196 = VERTEX_POINT('',#7197);
#7197 = CARTESIAN_POINT('',(175.34,-94.35,0.));
#7198 = CIRCLE('',#7199,0.85);
#7199 = AXIS2_PLACEMENT_3D('',#7200,#7201,#7202);
#7200 = CARTESIAN_POINT('',(175.34,-93.5,0.));
#7201 = DIRECTION('',(-0.,0.,-1.));
#7202 = DIRECTION('',(-0.,-1.,0.));
#7203 = FACE_BOUND('',#7204,.F.);
#7204 = EDGE_LOOP('',(#7205));
#7205 = ORIENTED_EDGE('',*,*,#7206,.T.);
#7206 = EDGE_CURVE('',#7207,#7207,#7209,.T.);
#7207 = VERTEX_POINT('',#7208);
#7208 = CARTESIAN_POINT('',(180.42,-95.5,0.));
#7209 = CIRCLE('',#7210,2.);
#7210 = AXIS2_PLACEMENT_3D('',#7211,#7212,#7213);
#7211 = CARTESIAN_POINT('',(180.42,-93.5,0.));
#7212 = DIRECTION('',(-0.,0.,-1.));
#7213 = DIRECTION('',(-0.,-1.,0.));
#7214 = FACE_BOUND('',#7215,.F.);
#7215 = EDGE_LOOP('',(#7216));
#7216 = ORIENTED_EDGE('',*,*,#7217,.T.);
#7217 = EDGE_CURVE('',#7218,#7218,#7220,.T.);
#7218 = VERTEX_POINT('',#7219);
#7219 = CARTESIAN_POINT('',(176.61,-91.71,0.));
#7220 = CIRCLE('',#7221,0.75);
#7221 = AXIS2_PLACEMENT_3D('',#7222,#7223,#7224);
#7222 = CARTESIAN_POINT('',(176.61,-90.96,0.));
#7223 = DIRECTION('',(-0.,0.,-1.));
#7224 = DIRECTION('',(-0.,-1.,0.));
#7225 = FACE_BOUND('',#7226,.F.);
#7226 = EDGE_LOOP('',(#7227));
#7227 = ORIENTED_EDGE('',*,*,#7228,.T.);
#7228 = EDGE_CURVE('',#7229,#7229,#7231,.T.);
#7229 = VERTEX_POINT('',#7230);
#7230 = CARTESIAN_POINT('',(185.5,-94.35,0.));
#7231 = CIRCLE('',#7232,0.85);
#7232 = AXIS2_PLACEMENT_3D('',#7233,#7234,#7235);
#7233 = CARTESIAN_POINT('',(185.5,-93.5,0.));
#7234 = DIRECTION('',(-0.,0.,-1.));
#7235 = DIRECTION('',(-0.,-1.,0.));
#7236 = FACE_BOUND('',#7237,.F.);
#7237 = EDGE_LOOP('',(#7238));
#7238 = ORIENTED_EDGE('',*,*,#7239,.T.);
#7239 = EDGE_CURVE('',#7240,#7240,#7242,.T.);
#7240 = VERTEX_POINT('',#7241);
#7241 = CARTESIAN_POINT('',(182.96,-89.17,0.));
#7242 = CIRCLE('',#7243,0.75);
#7243 = AXIS2_PLACEMENT_3D('',#7244,#7245,#7246);
#7244 = CARTESIAN_POINT('',(182.96,-88.42,0.));
#7245 = DIRECTION('',(-0.,0.,-1.));
#7246 = DIRECTION('',(-0.,-1.,0.));
#7247 = FACE_BOUND('',#7248,.F.);
#7248 = EDGE_LOOP('',(#7249));
#7249 = ORIENTED_EDGE('',*,*,#7250,.T.);
#7250 = EDGE_CURVE('',#7251,#7251,#7253,.T.);
#7251 = VERTEX_POINT('',#7252);
#7252 = CARTESIAN_POINT('',(194.23,-94.39,0.));
#7253 = CIRCLE('',#7254,0.85);
#7254 = AXIS2_PLACEMENT_3D('',#7255,#7256,#7257);
#7255 = CARTESIAN_POINT('',(194.23,-93.54,0.));
#7256 = DIRECTION('',(-0.,0.,-1.));
#7257 = DIRECTION('',(-3.343730521224E-14,-1.,0.));
#7258 = FACE_BOUND('',#7259,.F.);
#7259 = EDGE_LOOP('',(#7260));
#7260 = ORIENTED_EDGE('',*,*,#7261,.T.);
#7261 = EDGE_CURVE('',#7262,#7262,#7264,.T.);
#7262 = VERTEX_POINT('',#7263);
#7263 = CARTESIAN_POINT('',(195.5,-91.75,0.));
#7264 = CIRCLE('',#7265,0.75);
#7265 = AXIS2_PLACEMENT_3D('',#7266,#7267,#7268);
#7266 = CARTESIAN_POINT('',(195.5,-91.,0.));
#7267 = DIRECTION('',(-0.,0.,-1.));
#7268 = DIRECTION('',(-0.,-1.,0.));
#7269 = FACE_BOUND('',#7270,.F.);
#7270 = EDGE_LOOP('',(#7271));
#7271 = ORIENTED_EDGE('',*,*,#7272,.T.);
#7272 = EDGE_CURVE('',#7273,#7273,#7275,.T.);
#7273 = VERTEX_POINT('',#7274);
#7274 = CARTESIAN_POINT('',(199.31,-95.54,0.));
#7275 = CIRCLE('',#7276,2.);
#7276 = AXIS2_PLACEMENT_3D('',#7277,#7278,#7279);
#7277 = CARTESIAN_POINT('',(199.31,-93.54,0.));
#7278 = DIRECTION('',(-0.,0.,-1.));
#7279 = DIRECTION('',(-0.,-1.,0.));
#7280 = FACE_BOUND('',#7281,.F.);
#7281 = EDGE_LOOP('',(#7282));
#7282 = ORIENTED_EDGE('',*,*,#7283,.T.);
#7283 = EDGE_CURVE('',#7284,#7284,#7286,.T.);
#7284 = VERTEX_POINT('',#7285);
#7285 = CARTESIAN_POINT('',(201.85,-89.21,0.));
#7286 = CIRCLE('',#7287,0.75);
#7287 = AXIS2_PLACEMENT_3D('',#7288,#7289,#7290);
#7288 = CARTESIAN_POINT('',(201.85,-88.46,0.));
#7289 = DIRECTION('',(-0.,0.,-1.));
#7290 = DIRECTION('',(-0.,-1.,0.));
#7291 = FACE_BOUND('',#7292,.F.);
#7292 = EDGE_LOOP('',(#7293));
#7293 = ORIENTED_EDGE('',*,*,#7294,.T.);
#7294 = EDGE_CURVE('',#7295,#7295,#7297,.T.);
#7295 = VERTEX_POINT('',#7296);
#7296 = CARTESIAN_POINT('',(204.39,-94.39,0.));
#7297 = CIRCLE('',#7298,0.85);
#7298 = AXIS2_PLACEMENT_3D('',#7299,#7300,#7301);
#7299 = CARTESIAN_POINT('',(204.39,-93.54,0.));
#7300 = DIRECTION('',(-0.,0.,-1.));
#7301 = DIRECTION('',(-0.,-1.,0.));
#7302 = FACE_BOUND('',#7303,.F.);
#7303 = EDGE_LOOP('',(#7304));
#7304 = ORIENTED_EDGE('',*,*,#7305,.T.);
#7305 = EDGE_CURVE('',#7306,#7306,#7308,.T.);
#7306 = VERTEX_POINT('',#7307);
#7307 = CARTESIAN_POINT('',(133.92,-79.5,0.));
#7308 = CIRCLE('',#7309,0.5);
#7309 = AXIS2_PLACEMENT_3D('',#7310,#7311,#7312);
#7310 = CARTESIAN_POINT('',(133.92,-79.,0.));
#7311 = DIRECTION('',(-0.,0.,-1.));
#7312 = DIRECTION('',(-0.,-1.,0.));
#7313 = FACE_BOUND('',#7314,.F.);
#7314 = EDGE_LOOP('',(#7315));
#7315 = ORIENTED_EDGE('',*,*,#7316,.T.);
#7316 = EDGE_CURVE('',#7317,#7317,#7319,.T.);
#7317 = VERTEX_POINT('',#7318);
#7318 = CARTESIAN_POINT('',(136.46,-79.5,0.));
#7319 = CIRCLE('',#7320,0.5);
#7320 = AXIS2_PLACEMENT_3D('',#7321,#7322,#7323);
#7321 = CARTESIAN_POINT('',(136.46,-79.,0.));
#7322 = DIRECTION('',(-0.,0.,-1.));
#7323 = DIRECTION('',(-0.,-1.,0.));
#7324 = FACE_BOUND('',#7325,.F.);
#7325 = EDGE_LOOP('',(#7326));
#7326 = ORIENTED_EDGE('',*,*,#7327,.T.);
#7327 = EDGE_CURVE('',#7328,#7328,#7330,.T.);
#7328 = VERTEX_POINT('',#7329);
#7329 = CARTESIAN_POINT('',(139.,-79.5,0.));
#7330 = CIRCLE('',#7331,0.5);
#7331 = AXIS2_PLACEMENT_3D('',#7332,#7333,#7334);
#7332 = CARTESIAN_POINT('',(139.,-79.,0.));
#7333 = DIRECTION('',(-0.,0.,-1.));
#7334 = DIRECTION('',(-0.,-1.,0.));
#7335 = FACE_BOUND('',#7336,.F.);
#7336 = EDGE_LOOP('',(#7337));
#7337 = ORIENTED_EDGE('',*,*,#7338,.T.);
#7338 = EDGE_CURVE('',#7339,#7339,#7341,.T.);
#7339 = VERTEX_POINT('',#7340);
#7340 = CARTESIAN_POINT('',(141.54,-79.5,0.));
#7341 = CIRCLE('',#7342,0.5);
#7342 = AXIS2_PLACEMENT_3D('',#7343,#7344,#7345);
#7343 = CARTESIAN_POINT('',(141.54,-79.,0.));
#7344 = DIRECTION('',(-0.,0.,-1.));
#7345 = DIRECTION('',(-0.,-1.,0.));
#7346 = FACE_BOUND('',#7347,.F.);
#7347 = EDGE_LOOP('',(#7348));
#7348 = ORIENTED_EDGE('',*,*,#7349,.T.);
#7349 = EDGE_CURVE('',#7350,#7350,#7352,.T.);
#7350 = VERTEX_POINT('',#7351);
#7351 = CARTESIAN_POINT('',(144.08,-79.5,0.));
#7352 = CIRCLE('',#7353,0.5);
#7353 = AXIS2_PLACEMENT_3D('',#7354,#7355,#7356);
#7354 = CARTESIAN_POINT('',(144.08,-79.,0.));
#7355 = DIRECTION('',(-0.,0.,-1.));
#7356 = DIRECTION('',(-0.,-1.,0.));
#7357 = FACE_BOUND('',#7358,.F.);
#7358 = EDGE_LOOP('',(#7359));
#7359 = ORIENTED_EDGE('',*,*,#7360,.T.);
#7360 = EDGE_CURVE('',#7361,#7361,#7363,.T.);
#7361 = VERTEX_POINT('',#7362);
#7362 = CARTESIAN_POINT('',(146.62,-79.5,0.));
#7363 = CIRCLE('',#7364,0.5);
#7364 = AXIS2_PLACEMENT_3D('',#7365,#7366,#7367);
#7365 = CARTESIAN_POINT('',(146.62,-79.,0.));
#7366 = DIRECTION('',(-0.,0.,-1.));
#7367 = DIRECTION('',(-0.,-1.,0.));
#7368 = FACE_BOUND('',#7369,.F.);
#7369 = EDGE_LOOP('',(#7370));
#7370 = ORIENTED_EDGE('',*,*,#7371,.T.);
#7371 = EDGE_CURVE('',#7372,#7372,#7374,.T.);
#7372 = VERTEX_POINT('',#7373);
#7373 = CARTESIAN_POINT('',(149.16,-79.5,0.));
#7374 = CIRCLE('',#7375,0.5);
#7375 = AXIS2_PLACEMENT_3D('',#7376,#7377,#7378);
#7376 = CARTESIAN_POINT('',(149.16,-79.,0.));
#7377 = DIRECTION('',(-0.,0.,-1.));
#7378 = DIRECTION('',(-0.,-1.,0.));
#7379 = FACE_BOUND('',#7380,.F.);
#7380 = EDGE_LOOP('',(#7381));
#7381 = ORIENTED_EDGE('',*,*,#7382,.T.);
#7382 = EDGE_CURVE('',#7383,#7383,#7385,.T.);
#7383 = VERTEX_POINT('',#7384);
#7384 = CARTESIAN_POINT('',(151.7,-79.5,0.));
#7385 = CIRCLE('',#7386,0.5);
#7386 = AXIS2_PLACEMENT_3D('',#7387,#7388,#7389);
#7387 = CARTESIAN_POINT('',(151.7,-79.,0.));
#7388 = DIRECTION('',(-0.,0.,-1.));
#7389 = DIRECTION('',(-0.,-1.,0.));
#7390 = FACE_BOUND('',#7391,.F.);
#7391 = EDGE_LOOP('',(#7392));
#7392 = ORIENTED_EDGE('',*,*,#7393,.T.);
#7393 = EDGE_CURVE('',#7394,#7394,#7396,.T.);
#7394 = VERTEX_POINT('',#7395);
#7395 = CARTESIAN_POINT('',(160.26,-80.1845,0.));
#7396 = CIRCLE('',#7397,0.4445);
#7397 = AXIS2_PLACEMENT_3D('',#7398,#7399,#7400);
#7398 = CARTESIAN_POINT('',(160.26,-79.74,0.));
#7399 = DIRECTION('',(-0.,0.,-1.));
#7400 = DIRECTION('',(-0.,-1.,0.));
#7401 = FACE_BOUND('',#7402,.F.);
#7402 = EDGE_LOOP('',(#7403));
#7403 = ORIENTED_EDGE('',*,*,#7404,.T.);
#7404 = EDGE_CURVE('',#7405,#7405,#7407,.T.);
#7405 = VERTEX_POINT('',#7406);
#7406 = CARTESIAN_POINT('',(160.26,-77.6445,0.));
#7407 = CIRCLE('',#7408,0.4445);
#7408 = AXIS2_PLACEMENT_3D('',#7409,#7410,#7411);
#7409 = CARTESIAN_POINT('',(160.26,-77.2,0.));
#7410 = DIRECTION('',(-0.,0.,-1.));
#7411 = DIRECTION('',(-0.,-1.,0.));
#7412 = FACE_BOUND('',#7413,.F.);
#7413 = EDGE_LOOP('',(#7414));
#7414 = ORIENTED_EDGE('',*,*,#7415,.T.);
#7415 = EDGE_CURVE('',#7416,#7416,#7418,.T.);
#7416 = VERTEX_POINT('',#7417);
#7417 = CARTESIAN_POINT('',(160.26,-75.1045,0.));
#7418 = CIRCLE('',#7419,0.4445);
#7419 = AXIS2_PLACEMENT_3D('',#7420,#7421,#7422);
#7420 = CARTESIAN_POINT('',(160.26,-74.66,0.));
#7421 = DIRECTION('',(-0.,0.,-1.));
#7422 = DIRECTION('',(-0.,-1.,0.));
#7423 = FACE_BOUND('',#7424,.F.);
#7424 = EDGE_LOOP('',(#7425));
#7425 = ORIENTED_EDGE('',*,*,#7426,.T.);
#7426 = EDGE_CURVE('',#7427,#7427,#7429,.T.);
#7427 = VERTEX_POINT('',#7428);
#7428 = CARTESIAN_POINT('',(160.26,-72.5645,0.));
#7429 = CIRCLE('',#7430,0.4445);
#7430 = AXIS2_PLACEMENT_3D('',#7431,#7432,#7433);
#7431 = CARTESIAN_POINT('',(160.26,-72.12,0.));
#7432 = DIRECTION('',(-0.,0.,-1.));
#7433 = DIRECTION('',(-0.,-1.,0.));
#7434 = FACE_BOUND('',#7435,.F.);
#7435 = EDGE_LOOP('',(#7436));
#7436 = ORIENTED_EDGE('',*,*,#7437,.T.);
#7437 = EDGE_CURVE('',#7438,#7438,#7440,.T.);
#7438 = VERTEX_POINT('',#7439);
#7439 = CARTESIAN_POINT('',(160.26,-70.0245,0.));
#7440 = CIRCLE('',#7441,0.4445);
#7441 = AXIS2_PLACEMENT_3D('',#7442,#7443,#7444);
#7442 = CARTESIAN_POINT('',(160.26,-69.58,0.));
#7443 = DIRECTION('',(-0.,0.,-1.));
#7444 = DIRECTION('',(-0.,-1.,0.));
#7445 = FACE_BOUND('',#7446,.F.);
#7446 = EDGE_LOOP('',(#7447));
#7447 = ORIENTED_EDGE('',*,*,#7448,.T.);
#7448 = EDGE_CURVE('',#7449,#7449,#7451,.T.);
#7449 = VERTEX_POINT('',#7450);
#7450 = CARTESIAN_POINT('',(124.,-58.1,0.));
#7451 = CIRCLE('',#7452,1.6);
#7452 = AXIS2_PLACEMENT_3D('',#7453,#7454,#7455);
#7453 = CARTESIAN_POINT('',(124.,-56.5,0.));
#7454 = DIRECTION('',(-0.,0.,-1.));
#7455 = DIRECTION('',(-0.,-1.,0.));
#7456 = FACE_BOUND('',#7457,.F.);
#7457 = EDGE_LOOP('',(#7458));
#7458 = ORIENTED_EDGE('',*,*,#7459,.T.);
#7459 = EDGE_CURVE('',#7460,#7460,#7462,.T.);
#7460 = VERTEX_POINT('',#7461);
#7461 = CARTESIAN_POINT('',(160.26,-67.4845,0.));
#7462 = CIRCLE('',#7463,0.4445);
#7463 = AXIS2_PLACEMENT_3D('',#7464,#7465,#7466);
#7464 = CARTESIAN_POINT('',(160.26,-67.04,0.));
#7465 = DIRECTION('',(-0.,0.,-1.));
#7466 = DIRECTION('',(-0.,-1.,0.));
#7467 = FACE_BOUND('',#7468,.F.);
#7468 = EDGE_LOOP('',(#7469));
#7469 = ORIENTED_EDGE('',*,*,#7470,.T.);
#7470 = EDGE_CURVE('',#7471,#7471,#7473,.T.);
#7471 = VERTEX_POINT('',#7472);
#7472 = CARTESIAN_POINT('',(160.26,-64.9445,0.));
#7473 = CIRCLE('',#7474,0.4445);
#7474 = AXIS2_PLACEMENT_3D('',#7475,#7476,#7477);
#7475 = CARTESIAN_POINT('',(160.26,-64.5,0.));
#7476 = DIRECTION('',(-0.,0.,-1.));
#7477 = DIRECTION('',(-0.,-1.,0.));
#7478 = FACE_BOUND('',#7479,.F.);
#7479 = EDGE_LOOP('',(#7480));
#7480 = ORIENTED_EDGE('',*,*,#7481,.T.);
#7481 = EDGE_CURVE('',#7482,#7482,#7484,.T.);
#7482 = VERTEX_POINT('',#7483);
#7483 = CARTESIAN_POINT('',(175.5,-80.1845,0.));
#7484 = CIRCLE('',#7485,0.4445);
#7485 = AXIS2_PLACEMENT_3D('',#7486,#7487,#7488);
#7486 = CARTESIAN_POINT('',(175.5,-79.74,0.));
#7487 = DIRECTION('',(-0.,0.,-1.));
#7488 = DIRECTION('',(-0.,-1.,0.));
#7489 = FACE_BOUND('',#7490,.F.);
#7490 = EDGE_LOOP('',(#7491));
#7491 = ORIENTED_EDGE('',*,*,#7492,.T.);
#7492 = EDGE_CURVE('',#7493,#7493,#7495,.T.);
#7493 = VERTEX_POINT('',#7494);
#7494 = CARTESIAN_POINT('',(175.5,-77.6445,0.));
#7495 = CIRCLE('',#7496,0.4445);
#7496 = AXIS2_PLACEMENT_3D('',#7497,#7498,#7499);
#7497 = CARTESIAN_POINT('',(175.5,-77.2,0.));
#7498 = DIRECTION('',(-0.,0.,-1.));
#7499 = DIRECTION('',(-0.,-1.,0.));
#7500 = FACE_BOUND('',#7501,.F.);
#7501 = EDGE_LOOP('',(#7502));
#7502 = ORIENTED_EDGE('',*,*,#7503,.T.);
#7503 = EDGE_CURVE('',#7504,#7504,#7506,.T.);
#7504 = VERTEX_POINT('',#7505);
#7505 = CARTESIAN_POINT('',(175.5,-75.1045,0.));
#7506 = CIRCLE('',#7507,0.4445);
#7507 = AXIS2_PLACEMENT_3D('',#7508,#7509,#7510);
#7508 = CARTESIAN_POINT('',(175.5,-74.66,0.));
#7509 = DIRECTION('',(-0.,0.,-1.));
#7510 = DIRECTION('',(-0.,-1.,0.));
#7511 = FACE_BOUND('',#7512,.F.);
#7512 = EDGE_LOOP('',(#7513));
#7513 = ORIENTED_EDGE('',*,*,#7514,.T.);
#7514 = EDGE_CURVE('',#7515,#7515,#7517,.T.);
#7515 = VERTEX_POINT('',#7516);
#7516 = CARTESIAN_POINT('',(175.5,-72.5645,0.));
#7517 = CIRCLE('',#7518,0.4445);
#7518 = AXIS2_PLACEMENT_3D('',#7519,#7520,#7521);
#7519 = CARTESIAN_POINT('',(175.5,-72.12,0.));
#7520 = DIRECTION('',(-0.,0.,-1.));
#7521 = DIRECTION('',(-0.,-1.,0.));
#7522 = FACE_BOUND('',#7523,.F.);
#7523 = EDGE_LOOP('',(#7524));
#7524 = ORIENTED_EDGE('',*,*,#7525,.T.);
#7525 = EDGE_CURVE('',#7526,#7526,#7528,.T.);
#7526 = VERTEX_POINT('',#7527);
#7527 = CARTESIAN_POINT('',(175.5,-70.0245,0.));
#7528 = CIRCLE('',#7529,0.4445);
#7529 = AXIS2_PLACEMENT_3D('',#7530,#7531,#7532);
#7530 = CARTESIAN_POINT('',(175.5,-69.58,0.));
#7531 = DIRECTION('',(-0.,0.,-1.));
#7532 = DIRECTION('',(-0.,-1.,0.));
#7533 = FACE_BOUND('',#7534,.F.);
#7534 = EDGE_LOOP('',(#7535));
#7535 = ORIENTED_EDGE('',*,*,#7536,.T.);
#7536 = EDGE_CURVE('',#7537,#7537,#7539,.T.);
#7537 = VERTEX_POINT('',#7538);
#7538 = CARTESIAN_POINT('',(197.7,-77.5,0.));
#7539 = CIRCLE('',#7540,0.5);
#7540 = AXIS2_PLACEMENT_3D('',#7541,#7542,#7543);
#7541 = CARTESIAN_POINT('',(197.7,-77.,0.));
#7542 = DIRECTION('',(-0.,0.,-1.));
#7543 = DIRECTION('',(-0.,-1.,0.));
#7544 = FACE_BOUND('',#7545,.F.);
#7545 = EDGE_LOOP('',(#7546));
#7546 = ORIENTED_EDGE('',*,*,#7547,.T.);
#7547 = EDGE_CURVE('',#7548,#7548,#7550,.T.);
#7548 = VERTEX_POINT('',#7549);
#7549 = CARTESIAN_POINT('',(205.3,-77.5,0.));
#7550 = CIRCLE('',#7551,0.5);
#7551 = AXIS2_PLACEMENT_3D('',#7552,#7553,#7554);
#7552 = CARTESIAN_POINT('',(205.3,-77.,0.));
#7553 = DIRECTION('',(-0.,0.,-1.));
#7554 = DIRECTION('',(-0.,-1.,0.));
#7555 = FACE_BOUND('',#7556,.F.);
#7556 = EDGE_LOOP('',(#7557));
#7557 = ORIENTED_EDGE('',*,*,#7558,.T.);
#7558 = EDGE_CURVE('',#7559,#7559,#7561,.T.);
#7559 = VERTEX_POINT('',#7560);
#7560 = CARTESIAN_POINT('',(175.5,-67.4845,0.));
#7561 = CIRCLE('',#7562,0.4445);
#7562 = AXIS2_PLACEMENT_3D('',#7563,#7564,#7565);
#7563 = CARTESIAN_POINT('',(175.5,-67.04,0.));
#7564 = DIRECTION('',(-0.,0.,-1.));
#7565 = DIRECTION('',(-0.,-1.,0.));
#7566 = FACE_BOUND('',#7567,.F.);
#7567 = EDGE_LOOP('',(#7568));
#7568 = ORIENTED_EDGE('',*,*,#7569,.T.);
#7569 = EDGE_CURVE('',#7570,#7570,#7572,.T.);
#7570 = VERTEX_POINT('',#7571);
#7571 = CARTESIAN_POINT('',(175.5,-64.9445,0.));
#7572 = CIRCLE('',#7573,0.4445);
#7573 = AXIS2_PLACEMENT_3D('',#7574,#7575,#7576);
#7574 = CARTESIAN_POINT('',(175.5,-64.5,0.));
#7575 = DIRECTION('',(-0.,0.,-1.));
#7576 = DIRECTION('',(-0.,-1.,0.));
#7577 = FACE_BOUND('',#7578,.F.);
#7578 = EDGE_LOOP('',(#7579));
#7579 = ORIENTED_EDGE('',*,*,#7580,.T.);
#7580 = EDGE_CURVE('',#7581,#7581,#7583,.T.);
#7581 = VERTEX_POINT('',#7582);
#7582 = CARTESIAN_POINT('',(214.,-58.1,0.));
#7583 = CIRCLE('',#7584,1.6);
#7584 = AXIS2_PLACEMENT_3D('',#7585,#7586,#7587);
#7585 = CARTESIAN_POINT('',(214.,-56.5,0.));
#7586 = DIRECTION('',(-0.,0.,-1.));
#7587 = DIRECTION('',(-0.,-1.,0.));
#7588 = PLANE('',#7589);
#7589 = AXIS2_PLACEMENT_3D('',#7590,#7591,#7592);
#7590 = CARTESIAN_POINT('',(0.,0.,0.));
#7591 = DIRECTION('',(0.,0.,1.));
#7592 = DIRECTION('',(1.,0.,-0.));
#7593 = ADVANCED_FACE('',(#7594,#7640,#7651,#7662,#7673,#7684,#7695,
    #7706,#7717,#7728,#7739,#7750,#7761,#7772,#7783,#7794,#7805,#7816,
    #7827,#7838,#7849,#7860,#7871,#7882,#7893,#7904,#7915,#7926,#7937,
    #7948,#7959,#7970,#7981,#7992,#8003,#8014,#8025,#8036,#8047,#8058,
    #8069,#8080,#8091,#8102,#8113,#8124,#8135,#8146,#8157),#8168,.T.);
#7594 = FACE_BOUND('',#7595,.T.);
#7595 = EDGE_LOOP('',(#7596,#7597,#7598,#7607,#7615,#7624,#7632,#7639));
#7596 = ORIENTED_EDGE('',*,*,#6923,.F.);
#7597 = ORIENTED_EDGE('',*,*,#6965,.F.);
#7598 = ORIENTED_EDGE('',*,*,#7599,.F.);
#7599 = EDGE_CURVE('',#7600,#6958,#7602,.T.);
#7600 = VERTEX_POINT('',#7601);
#7601 = CARTESIAN_POINT('',(119.003455,-54.319454,1.51));
#7602 = CIRCLE('',#7603,3.000001172987);
#7603 = AXIS2_PLACEMENT_3D('',#7604,#7605,#7606);
#7604 = CARTESIAN_POINT('',(122.00345617298,-54.31945517298,1.51));
#7605 = DIRECTION('',(0.,0.,-1.));
#7606 = DIRECTION('',(-1.,3.909953663434E-07,0.));
#7607 = ORIENTED_EDGE('',*,*,#7608,.F.);
#7608 = EDGE_CURVE('',#7609,#7600,#7611,.T.);
#7609 = VERTEX_POINT('',#7610);
#7610 = CARTESIAN_POINT('',(119.003455,-106.819454,1.51));
#7611 = LINE('',#7612,#7613);
#7612 = CARTESIAN_POINT('',(119.003455,-106.819454,1.51));
#7613 = VECTOR('',#7614,1.);
#7614 = DIRECTION('',(0.,1.,0.));
#7615 = ORIENTED_EDGE('',*,*,#7616,.F.);
#7616 = EDGE_CURVE('',#7617,#7609,#7619,.T.);
#7617 = VERTEX_POINT('',#7618);
#7618 = CARTESIAN_POINT('',(122.003455,-109.819454,1.51));
#7619 = CIRCLE('',#7620,3.000001172987);
#7620 = AXIS2_PLACEMENT_3D('',#7621,#7622,#7623);
#7621 = CARTESIAN_POINT('',(122.00345617298,-106.819452827,1.51));
#7622 = DIRECTION('',(0.,0.,-1.));
#7623 = DIRECTION('',(-3.909953568695E-07,-1.,-0.));
#7624 = ORIENTED_EDGE('',*,*,#7625,.F.);
#7625 = EDGE_CURVE('',#7626,#7617,#7628,.T.);
#7626 = VERTEX_POINT('',#7627);
#7627 = CARTESIAN_POINT('',(216.003455,-109.819454,1.51));
#7628 = LINE('',#7629,#7630);
#7629 = CARTESIAN_POINT('',(216.003455,-109.819454,1.51));
#7630 = VECTOR('',#7631,1.);
#7631 = DIRECTION('',(-1.,0.,0.));
#7632 = ORIENTED_EDGE('',*,*,#7633,.F.);
#7633 = EDGE_CURVE('',#6988,#7626,#7634,.T.);
#7634 = CIRCLE('',#7635,3.000001172987);
#7635 = AXIS2_PLACEMENT_3D('',#7636,#7637,#7638);
#7636 = CARTESIAN_POINT('',(216.00345382701,-106.819452827,1.51));
#7637 = DIRECTION('',(0.,0.,-1.));
#7638 = DIRECTION('',(1.,-3.909953616065E-07,0.));
#7639 = ORIENTED_EDGE('',*,*,#6987,.F.);
#7640 = FACE_BOUND('',#7641,.T.);
#7641 = EDGE_LOOP('',(#7642));
#7642 = ORIENTED_EDGE('',*,*,#7643,.T.);
#7643 = EDGE_CURVE('',#7644,#7644,#7646,.T.);
#7644 = VERTEX_POINT('',#7645);
#7645 = CARTESIAN_POINT('',(124.,-107.1,1.51));
#7646 = CIRCLE('',#7647,1.6);
#7647 = AXIS2_PLACEMENT_3D('',#7648,#7649,#7650);
#7648 = CARTESIAN_POINT('',(124.,-105.5,1.51));
#7649 = DIRECTION('',(-0.,0.,-1.));
#7650 = DIRECTION('',(-0.,-1.,0.));
#7651 = FACE_BOUND('',#7652,.T.);
#7652 = EDGE_LOOP('',(#7653));
#7653 = ORIENTED_EDGE('',*,*,#7654,.T.);
#7654 = EDGE_CURVE('',#7655,#7655,#7657,.T.);
#7655 = VERTEX_POINT('',#7656);
#7656 = CARTESIAN_POINT('',(136.5,-94.35,1.51));
#7657 = CIRCLE('',#7658,0.85);
#7658 = AXIS2_PLACEMENT_3D('',#7659,#7660,#7661);
#7659 = CARTESIAN_POINT('',(136.5,-93.5,1.51));
#7660 = DIRECTION('',(-0.,0.,-1.));
#7661 = DIRECTION('',(-0.,-1.,0.));
#7662 = FACE_BOUND('',#7663,.T.);
#7663 = EDGE_LOOP('',(#7664));
#7664 = ORIENTED_EDGE('',*,*,#7665,.T.);
#7665 = EDGE_CURVE('',#7666,#7666,#7668,.T.);
#7666 = VERTEX_POINT('',#7667);
#7667 = CARTESIAN_POINT('',(137.77,-91.71,1.51));
#7668 = CIRCLE('',#7669,0.75);
#7669 = AXIS2_PLACEMENT_3D('',#7670,#7671,#7672);
#7670 = CARTESIAN_POINT('',(137.77,-90.96,1.51));
#7671 = DIRECTION('',(-0.,0.,-1.));
#7672 = DIRECTION('',(-0.,-1.,0.));
#7673 = FACE_BOUND('',#7674,.T.);
#7674 = EDGE_LOOP('',(#7675));
#7675 = ORIENTED_EDGE('',*,*,#7676,.T.);
#7676 = EDGE_CURVE('',#7677,#7677,#7679,.T.);
#7677 = VERTEX_POINT('',#7678);
#7678 = CARTESIAN_POINT('',(141.58,-95.5,1.51));
#7679 = CIRCLE('',#7680,2.);
#7680 = AXIS2_PLACEMENT_3D('',#7681,#7682,#7683);
#7681 = CARTESIAN_POINT('',(141.58,-93.5,1.51));
#7682 = DIRECTION('',(-0.,0.,-1.));
#7683 = DIRECTION('',(-0.,-1.,0.));
#7684 = FACE_BOUND('',#7685,.T.);
#7685 = EDGE_LOOP('',(#7686));
#7686 = ORIENTED_EDGE('',*,*,#7687,.T.);
#7687 = EDGE_CURVE('',#7688,#7688,#7690,.T.);
#7688 = VERTEX_POINT('',#7689);
#7689 = CARTESIAN_POINT('',(144.12,-89.17,1.51));
#7690 = CIRCLE('',#7691,0.75);
#7691 = AXIS2_PLACEMENT_3D('',#7692,#7693,#7694);
#7692 = CARTESIAN_POINT('',(144.12,-88.42,1.51));
#7693 = DIRECTION('',(-0.,0.,-1.));
#7694 = DIRECTION('',(-0.,-1.,0.));
#7695 = FACE_BOUND('',#7696,.T.);
#7696 = EDGE_LOOP('',(#7697));
#7697 = ORIENTED_EDGE('',*,*,#7698,.T.);
#7698 = EDGE_CURVE('',#7699,#7699,#7701,.T.);
#7699 = VERTEX_POINT('',#7700);
#7700 = CARTESIAN_POINT('',(146.66,-94.35,1.51));
#7701 = CIRCLE('',#7702,0.85);
#7702 = AXIS2_PLACEMENT_3D('',#7703,#7704,#7705);
#7703 = CARTESIAN_POINT('',(146.66,-93.5,1.51));
#7704 = DIRECTION('',(-0.,0.,-1.));
#7705 = DIRECTION('',(-0.,-1.,0.));
#7706 = FACE_BOUND('',#7707,.T.);
#7707 = EDGE_LOOP('',(#7708));
#7708 = ORIENTED_EDGE('',*,*,#7709,.T.);
#7709 = EDGE_CURVE('',#7710,#7710,#7712,.T.);
#7710 = VERTEX_POINT('',#7711);
#7711 = CARTESIAN_POINT('',(155.93,-94.35,1.51));
#7712 = CIRCLE('',#7713,0.85);
#7713 = AXIS2_PLACEMENT_3D('',#7714,#7715,#7716);
#7714 = CARTESIAN_POINT('',(155.93,-93.5,1.51));
#7715 = DIRECTION('',(-0.,0.,-1.));
#7716 = DIRECTION('',(-0.,-1.,0.));
#7717 = FACE_BOUND('',#7718,.T.);
#7718 = EDGE_LOOP('',(#7719));
#7719 = ORIENTED_EDGE('',*,*,#7720,.T.);
#7720 = EDGE_CURVE('',#7721,#7721,#7723,.T.);
#7721 = VERTEX_POINT('',#7722);
#7722 = CARTESIAN_POINT('',(157.2,-91.71,1.51));
#7723 = CIRCLE('',#7724,0.75);
#7724 = AXIS2_PLACEMENT_3D('',#7725,#7726,#7727);
#7725 = CARTESIAN_POINT('',(157.2,-90.96,1.51));
#7726 = DIRECTION('',(-0.,0.,-1.));
#7727 = DIRECTION('',(-0.,-1.,0.));
#7728 = FACE_BOUND('',#7729,.T.);
#7729 = EDGE_LOOP('',(#7730));
#7730 = ORIENTED_EDGE('',*,*,#7731,.T.);
#7731 = EDGE_CURVE('',#7732,#7732,#7734,.T.);
#7732 = VERTEX_POINT('',#7733);
#7733 = CARTESIAN_POINT('',(161.01,-95.5,1.51));
#7734 = CIRCLE('',#7735,2.);
#7735 = AXIS2_PLACEMENT_3D('',#7736,#7737,#7738);
#7736 = CARTESIAN_POINT('',(161.01,-93.5,1.51));
#7737 = DIRECTION('',(-0.,0.,-1.));
#7738 = DIRECTION('',(-0.,-1.,0.));
#7739 = FACE_BOUND('',#7740,.T.);
#7740 = EDGE_LOOP('',(#7741));
#7741 = ORIENTED_EDGE('',*,*,#7742,.T.);
#7742 = EDGE_CURVE('',#7743,#7743,#7745,.T.);
#7743 = VERTEX_POINT('',#7744);
#7744 = CARTESIAN_POINT('',(166.09,-94.35,1.51));
#7745 = CIRCLE('',#7746,0.85);
#7746 = AXIS2_PLACEMENT_3D('',#7747,#7748,#7749);
#7747 = CARTESIAN_POINT('',(166.09,-93.5,1.51));
#7748 = DIRECTION('',(-0.,0.,-1.));
#7749 = DIRECTION('',(-0.,-1.,0.));
#7750 = FACE_BOUND('',#7751,.T.);
#7751 = EDGE_LOOP('',(#7752));
#7752 = ORIENTED_EDGE('',*,*,#7753,.T.);
#7753 = EDGE_CURVE('',#7754,#7754,#7756,.T.);
#7754 = VERTEX_POINT('',#7755);
#7755 = CARTESIAN_POINT('',(163.55,-89.17,1.51));
#7756 = CIRCLE('',#7757,0.75);
#7757 = AXIS2_PLACEMENT_3D('',#7758,#7759,#7760);
#7758 = CARTESIAN_POINT('',(163.55,-88.42,1.51));
#7759 = DIRECTION('',(-0.,0.,-1.));
#7760 = DIRECTION('',(-0.,-1.,0.));
#7761 = FACE_BOUND('',#7762,.T.);
#7762 = EDGE_LOOP('',(#7763));
#7763 = ORIENTED_EDGE('',*,*,#7764,.T.);
#7764 = EDGE_CURVE('',#7765,#7765,#7767,.T.);
#7765 = VERTEX_POINT('',#7766);
#7766 = CARTESIAN_POINT('',(214.5,-107.1,1.51));
#7767 = CIRCLE('',#7768,1.6);
#7768 = AXIS2_PLACEMENT_3D('',#7769,#7770,#7771);
#7769 = CARTESIAN_POINT('',(214.5,-105.5,1.51));
#7770 = DIRECTION('',(-0.,0.,-1.));
#7771 = DIRECTION('',(-0.,-1.,0.));
#7772 = FACE_BOUND('',#7773,.T.);
#7773 = EDGE_LOOP('',(#7774));
#7774 = ORIENTED_EDGE('',*,*,#7775,.T.);
#7775 = EDGE_CURVE('',#7776,#7776,#7778,.T.);
#7776 = VERTEX_POINT('',#7777);
#7777 = CARTESIAN_POINT('',(175.34,-94.35,1.51));
#7778 = CIRCLE('',#7779,0.85);
#7779 = AXIS2_PLACEMENT_3D('',#7780,#7781,#7782);
#7780 = CARTESIAN_POINT('',(175.34,-93.5,1.51));
#7781 = DIRECTION('',(-0.,0.,-1.));
#7782 = DIRECTION('',(-0.,-1.,0.));
#7783 = FACE_BOUND('',#7784,.T.);
#7784 = EDGE_LOOP('',(#7785));
#7785 = ORIENTED_EDGE('',*,*,#7786,.T.);
#7786 = EDGE_CURVE('',#7787,#7787,#7789,.T.);
#7787 = VERTEX_POINT('',#7788);
#7788 = CARTESIAN_POINT('',(180.42,-95.5,1.51));
#7789 = CIRCLE('',#7790,2.);
#7790 = AXIS2_PLACEMENT_3D('',#7791,#7792,#7793);
#7791 = CARTESIAN_POINT('',(180.42,-93.5,1.51));
#7792 = DIRECTION('',(-0.,0.,-1.));
#7793 = DIRECTION('',(-0.,-1.,0.));
#7794 = FACE_BOUND('',#7795,.T.);
#7795 = EDGE_LOOP('',(#7796));
#7796 = ORIENTED_EDGE('',*,*,#7797,.T.);
#7797 = EDGE_CURVE('',#7798,#7798,#7800,.T.);
#7798 = VERTEX_POINT('',#7799);
#7799 = CARTESIAN_POINT('',(176.61,-91.71,1.51));
#7800 = CIRCLE('',#7801,0.75);
#7801 = AXIS2_PLACEMENT_3D('',#7802,#7803,#7804);
#7802 = CARTESIAN_POINT('',(176.61,-90.96,1.51));
#7803 = DIRECTION('',(-0.,0.,-1.));
#7804 = DIRECTION('',(-0.,-1.,0.));
#7805 = FACE_BOUND('',#7806,.T.);
#7806 = EDGE_LOOP('',(#7807));
#7807 = ORIENTED_EDGE('',*,*,#7808,.T.);
#7808 = EDGE_CURVE('',#7809,#7809,#7811,.T.);
#7809 = VERTEX_POINT('',#7810);
#7810 = CARTESIAN_POINT('',(185.5,-94.35,1.51));
#7811 = CIRCLE('',#7812,0.85);
#7812 = AXIS2_PLACEMENT_3D('',#7813,#7814,#7815);
#7813 = CARTESIAN_POINT('',(185.5,-93.5,1.51));
#7814 = DIRECTION('',(-0.,0.,-1.));
#7815 = DIRECTION('',(-0.,-1.,0.));
#7816 = FACE_BOUND('',#7817,.T.);
#7817 = EDGE_LOOP('',(#7818));
#7818 = ORIENTED_EDGE('',*,*,#7819,.T.);
#7819 = EDGE_CURVE('',#7820,#7820,#7822,.T.);
#7820 = VERTEX_POINT('',#7821);
#7821 = CARTESIAN_POINT('',(182.96,-89.17,1.51));
#7822 = CIRCLE('',#7823,0.75);
#7823 = AXIS2_PLACEMENT_3D('',#7824,#7825,#7826);
#7824 = CARTESIAN_POINT('',(182.96,-88.42,1.51));
#7825 = DIRECTION('',(-0.,0.,-1.));
#7826 = DIRECTION('',(-0.,-1.,0.));
#7827 = FACE_BOUND('',#7828,.T.);
#7828 = EDGE_LOOP('',(#7829));
#7829 = ORIENTED_EDGE('',*,*,#7830,.T.);
#7830 = EDGE_CURVE('',#7831,#7831,#7833,.T.);
#7831 = VERTEX_POINT('',#7832);
#7832 = CARTESIAN_POINT('',(194.23,-94.39,1.51));
#7833 = CIRCLE('',#7834,0.85);
#7834 = AXIS2_PLACEMENT_3D('',#7835,#7836,#7837);
#7835 = CARTESIAN_POINT('',(194.23,-93.54,1.51));
#7836 = DIRECTION('',(-0.,0.,-1.));
#7837 = DIRECTION('',(-3.343730521224E-14,-1.,0.));
#7838 = FACE_BOUND('',#7839,.T.);
#7839 = EDGE_LOOP('',(#7840));
#7840 = ORIENTED_EDGE('',*,*,#7841,.T.);
#7841 = EDGE_CURVE('',#7842,#7842,#7844,.T.);
#7842 = VERTEX_POINT('',#7843);
#7843 = CARTESIAN_POINT('',(195.5,-91.75,1.51));
#7844 = CIRCLE('',#7845,0.75);
#7845 = AXIS2_PLACEMENT_3D('',#7846,#7847,#7848);
#7846 = CARTESIAN_POINT('',(195.5,-91.,1.51));
#7847 = DIRECTION('',(-0.,0.,-1.));
#7848 = DIRECTION('',(-0.,-1.,0.));
#7849 = FACE_BOUND('',#7850,.T.);
#7850 = EDGE_LOOP('',(#7851));
#7851 = ORIENTED_EDGE('',*,*,#7852,.T.);
#7852 = EDGE_CURVE('',#7853,#7853,#7855,.T.);
#7853 = VERTEX_POINT('',#7854);
#7854 = CARTESIAN_POINT('',(199.31,-95.54,1.51));
#7855 = CIRCLE('',#7856,2.);
#7856 = AXIS2_PLACEMENT_3D('',#7857,#7858,#7859);
#7857 = CARTESIAN_POINT('',(199.31,-93.54,1.51));
#7858 = DIRECTION('',(-0.,0.,-1.));
#7859 = DIRECTION('',(-0.,-1.,0.));
#7860 = FACE_BOUND('',#7861,.T.);
#7861 = EDGE_LOOP('',(#7862));
#7862 = ORIENTED_EDGE('',*,*,#7863,.T.);
#7863 = EDGE_CURVE('',#7864,#7864,#7866,.T.);
#7864 = VERTEX_POINT('',#7865);
#7865 = CARTESIAN_POINT('',(201.85,-89.21,1.51));
#7866 = CIRCLE('',#7867,0.75);
#7867 = AXIS2_PLACEMENT_3D('',#7868,#7869,#7870);
#7868 = CARTESIAN_POINT('',(201.85,-88.46,1.51));
#7869 = DIRECTION('',(-0.,0.,-1.));
#7870 = DIRECTION('',(-0.,-1.,0.));
#7871 = FACE_BOUND('',#7872,.T.);
#7872 = EDGE_LOOP('',(#7873));
#7873 = ORIENTED_EDGE('',*,*,#7874,.T.);
#7874 = EDGE_CURVE('',#7875,#7875,#7877,.T.);
#7875 = VERTEX_POINT('',#7876);
#7876 = CARTESIAN_POINT('',(204.39,-94.39,1.51));
#7877 = CIRCLE('',#7878,0.85);
#7878 = AXIS2_PLACEMENT_3D('',#7879,#7880,#7881);
#7879 = CARTESIAN_POINT('',(204.39,-93.54,1.51));
#7880 = DIRECTION('',(-0.,0.,-1.));
#7881 = DIRECTION('',(-0.,-1.,0.));
#7882 = FACE_BOUND('',#7883,.T.);
#7883 = EDGE_LOOP('',(#7884));
#7884 = ORIENTED_EDGE('',*,*,#7885,.T.);
#7885 = EDGE_CURVE('',#7886,#7886,#7888,.T.);
#7886 = VERTEX_POINT('',#7887);
#7887 = CARTESIAN_POINT('',(133.92,-79.5,1.51));
#7888 = CIRCLE('',#7889,0.5);
#7889 = AXIS2_PLACEMENT_3D('',#7890,#7891,#7892);
#7890 = CARTESIAN_POINT('',(133.92,-79.,1.51));
#7891 = DIRECTION('',(-0.,0.,-1.));
#7892 = DIRECTION('',(-0.,-1.,0.));
#7893 = FACE_BOUND('',#7894,.T.);
#7894 = EDGE_LOOP('',(#7895));
#7895 = ORIENTED_EDGE('',*,*,#7896,.T.);
#7896 = EDGE_CURVE('',#7897,#7897,#7899,.T.);
#7897 = VERTEX_POINT('',#7898);
#7898 = CARTESIAN_POINT('',(136.46,-79.5,1.51));
#7899 = CIRCLE('',#7900,0.5);
#7900 = AXIS2_PLACEMENT_3D('',#7901,#7902,#7903);
#7901 = CARTESIAN_POINT('',(136.46,-79.,1.51));
#7902 = DIRECTION('',(-0.,0.,-1.));
#7903 = DIRECTION('',(-0.,-1.,0.));
#7904 = FACE_BOUND('',#7905,.T.);
#7905 = EDGE_LOOP('',(#7906));
#7906 = ORIENTED_EDGE('',*,*,#7907,.T.);
#7907 = EDGE_CURVE('',#7908,#7908,#7910,.T.);
#7908 = VERTEX_POINT('',#7909);
#7909 = CARTESIAN_POINT('',(139.,-79.5,1.51));
#7910 = CIRCLE('',#7911,0.5);
#7911 = AXIS2_PLACEMENT_3D('',#7912,#7913,#7914);
#7912 = CARTESIAN_POINT('',(139.,-79.,1.51));
#7913 = DIRECTION('',(-0.,0.,-1.));
#7914 = DIRECTION('',(-0.,-1.,0.));
#7915 = FACE_BOUND('',#7916,.T.);
#7916 = EDGE_LOOP('',(#7917));
#7917 = ORIENTED_EDGE('',*,*,#7918,.T.);
#7918 = EDGE_CURVE('',#7919,#7919,#7921,.T.);
#7919 = VERTEX_POINT('',#7920);
#7920 = CARTESIAN_POINT('',(141.54,-79.5,1.51));
#7921 = CIRCLE('',#7922,0.5);
#7922 = AXIS2_PLACEMENT_3D('',#7923,#7924,#7925);
#7923 = CARTESIAN_POINT('',(141.54,-79.,1.51));
#7924 = DIRECTION('',(-0.,0.,-1.));
#7925 = DIRECTION('',(-0.,-1.,0.));
#7926 = FACE_BOUND('',#7927,.T.);
#7927 = EDGE_LOOP('',(#7928));
#7928 = ORIENTED_EDGE('',*,*,#7929,.T.);
#7929 = EDGE_CURVE('',#7930,#7930,#7932,.T.);
#7930 = VERTEX_POINT('',#7931);
#7931 = CARTESIAN_POINT('',(144.08,-79.5,1.51));
#7932 = CIRCLE('',#7933,0.5);
#7933 = AXIS2_PLACEMENT_3D('',#7934,#7935,#7936);
#7934 = CARTESIAN_POINT('',(144.08,-79.,1.51));
#7935 = DIRECTION('',(-0.,0.,-1.));
#7936 = DIRECTION('',(-0.,-1.,0.));
#7937 = FACE_BOUND('',#7938,.T.);
#7938 = EDGE_LOOP('',(#7939));
#7939 = ORIENTED_EDGE('',*,*,#7940,.T.);
#7940 = EDGE_CURVE('',#7941,#7941,#7943,.T.);
#7941 = VERTEX_POINT('',#7942);
#7942 = CARTESIAN_POINT('',(146.62,-79.5,1.51));
#7943 = CIRCLE('',#7944,0.5);
#7944 = AXIS2_PLACEMENT_3D('',#7945,#7946,#7947);
#7945 = CARTESIAN_POINT('',(146.62,-79.,1.51));
#7946 = DIRECTION('',(-0.,0.,-1.));
#7947 = DIRECTION('',(-0.,-1.,0.));
#7948 = FACE_BOUND('',#7949,.T.);
#7949 = EDGE_LOOP('',(#7950));
#7950 = ORIENTED_EDGE('',*,*,#7951,.T.);
#7951 = EDGE_CURVE('',#7952,#7952,#7954,.T.);
#7952 = VERTEX_POINT('',#7953);
#7953 = CARTESIAN_POINT('',(149.16,-79.5,1.51));
#7954 = CIRCLE('',#7955,0.5);
#7955 = AXIS2_PLACEMENT_3D('',#7956,#7957,#7958);
#7956 = CARTESIAN_POINT('',(149.16,-79.,1.51));
#7957 = DIRECTION('',(-0.,0.,-1.));
#7958 = DIRECTION('',(-0.,-1.,0.));
#7959 = FACE_BOUND('',#7960,.T.);
#7960 = EDGE_LOOP('',(#7961));
#7961 = ORIENTED_EDGE('',*,*,#7962,.T.);
#7962 = EDGE_CURVE('',#7963,#7963,#7965,.T.);
#7963 = VERTEX_POINT('',#7964);
#7964 = CARTESIAN_POINT('',(151.7,-79.5,1.51));
#7965 = CIRCLE('',#7966,0.5);
#7966 = AXIS2_PLACEMENT_3D('',#7967,#7968,#7969);
#7967 = CARTESIAN_POINT('',(151.7,-79.,1.51));
#7968 = DIRECTION('',(-0.,0.,-1.));
#7969 = DIRECTION('',(-0.,-1.,0.));
#7970 = FACE_BOUND('',#7971,.T.);
#7971 = EDGE_LOOP('',(#7972));
#7972 = ORIENTED_EDGE('',*,*,#7973,.T.);
#7973 = EDGE_CURVE('',#7974,#7974,#7976,.T.);
#7974 = VERTEX_POINT('',#7975);
#7975 = CARTESIAN_POINT('',(160.26,-80.1845,1.51));
#7976 = CIRCLE('',#7977,0.4445);
#7977 = AXIS2_PLACEMENT_3D('',#7978,#7979,#7980);
#7978 = CARTESIAN_POINT('',(160.26,-79.74,1.51));
#7979 = DIRECTION('',(-0.,0.,-1.));
#7980 = DIRECTION('',(-0.,-1.,0.));
#7981 = FACE_BOUND('',#7982,.T.);
#7982 = EDGE_LOOP('',(#7983));
#7983 = ORIENTED_EDGE('',*,*,#7984,.T.);
#7984 = EDGE_CURVE('',#7985,#7985,#7987,.T.);
#7985 = VERTEX_POINT('',#7986);
#7986 = CARTESIAN_POINT('',(160.26,-77.6445,1.51));
#7987 = CIRCLE('',#7988,0.4445);
#7988 = AXIS2_PLACEMENT_3D('',#7989,#7990,#7991);
#7989 = CARTESIAN_POINT('',(160.26,-77.2,1.51));
#7990 = DIRECTION('',(-0.,0.,-1.));
#7991 = DIRECTION('',(-0.,-1.,0.));
#7992 = FACE_BOUND('',#7993,.T.);
#7993 = EDGE_LOOP('',(#7994));
#7994 = ORIENTED_EDGE('',*,*,#7995,.T.);
#7995 = EDGE_CURVE('',#7996,#7996,#7998,.T.);
#7996 = VERTEX_POINT('',#7997);
#7997 = CARTESIAN_POINT('',(160.26,-75.1045,1.51));
#7998 = CIRCLE('',#7999,0.4445);
#7999 = AXIS2_PLACEMENT_3D('',#8000,#8001,#8002);
#8000 = CARTESIAN_POINT('',(160.26,-74.66,1.51));
#8001 = DIRECTION('',(-0.,0.,-1.));
#8002 = DIRECTION('',(-0.,-1.,0.));
#8003 = FACE_BOUND('',#8004,.T.);
#8004 = EDGE_LOOP('',(#8005));
#8005 = ORIENTED_EDGE('',*,*,#8006,.T.);
#8006 = EDGE_CURVE('',#8007,#8007,#8009,.T.);
#8007 = VERTEX_POINT('',#8008);
#8008 = CARTESIAN_POINT('',(160.26,-72.5645,1.51));
#8009 = CIRCLE('',#8010,0.4445);
#8010 = AXIS2_PLACEMENT_3D('',#8011,#8012,#8013);
#8011 = CARTESIAN_POINT('',(160.26,-72.12,1.51));
#8012 = DIRECTION('',(-0.,0.,-1.));
#8013 = DIRECTION('',(-0.,-1.,0.));
#8014 = FACE_BOUND('',#8015,.T.);
#8015 = EDGE_LOOP('',(#8016));
#8016 = ORIENTED_EDGE('',*,*,#8017,.T.);
#8017 = EDGE_CURVE('',#8018,#8018,#8020,.T.);
#8018 = VERTEX_POINT('',#8019);
#8019 = CARTESIAN_POINT('',(160.26,-70.0245,1.51));
#8020 = CIRCLE('',#8021,0.4445);
#8021 = AXIS2_PLACEMENT_3D('',#8022,#8023,#8024);
#8022 = CARTESIAN_POINT('',(160.26,-69.58,1.51));
#8023 = DIRECTION('',(-0.,0.,-1.));
#8024 = DIRECTION('',(-0.,-1.,0.));
#8025 = FACE_BOUND('',#8026,.T.);
#8026 = EDGE_LOOP('',(#8027));
#8027 = ORIENTED_EDGE('',*,*,#8028,.T.);
#8028 = EDGE_CURVE('',#8029,#8029,#8031,.T.);
#8029 = VERTEX_POINT('',#8030);
#8030 = CARTESIAN_POINT('',(124.,-58.1,1.51));
#8031 = CIRCLE('',#8032,1.6);
#8032 = AXIS2_PLACEMENT_3D('',#8033,#8034,#8035);
#8033 = CARTESIAN_POINT('',(124.,-56.5,1.51));
#8034 = DIRECTION('',(-0.,0.,-1.));
#8035 = DIRECTION('',(-0.,-1.,0.));
#8036 = FACE_BOUND('',#8037,.T.);
#8037 = EDGE_LOOP('',(#8038));
#8038 = ORIENTED_EDGE('',*,*,#8039,.T.);
#8039 = EDGE_CURVE('',#8040,#8040,#8042,.T.);
#8040 = VERTEX_POINT('',#8041);
#8041 = CARTESIAN_POINT('',(160.26,-67.4845,1.51));
#8042 = CIRCLE('',#8043,0.4445);
#8043 = AXIS2_PLACEMENT_3D('',#8044,#8045,#8046);
#8044 = CARTESIAN_POINT('',(160.26,-67.04,1.51));
#8045 = DIRECTION('',(-0.,0.,-1.));
#8046 = DIRECTION('',(-0.,-1.,0.));
#8047 = FACE_BOUND('',#8048,.T.);
#8048 = EDGE_LOOP('',(#8049));
#8049 = ORIENTED_EDGE('',*,*,#8050,.T.);
#8050 = EDGE_CURVE('',#8051,#8051,#8053,.T.);
#8051 = VERTEX_POINT('',#8052);
#8052 = CARTESIAN_POINT('',(160.26,-64.9445,1.51));
#8053 = CIRCLE('',#8054,0.4445);
#8054 = AXIS2_PLACEMENT_3D('',#8055,#8056,#8057);
#8055 = CARTESIAN_POINT('',(160.26,-64.5,1.51));
#8056 = DIRECTION('',(-0.,0.,-1.));
#8057 = DIRECTION('',(-0.,-1.,0.));
#8058 = FACE_BOUND('',#8059,.T.);
#8059 = EDGE_LOOP('',(#8060));
#8060 = ORIENTED_EDGE('',*,*,#8061,.T.);
#8061 = EDGE_CURVE('',#8062,#8062,#8064,.T.);
#8062 = VERTEX_POINT('',#8063);
#8063 = CARTESIAN_POINT('',(175.5,-80.1845,1.51));
#8064 = CIRCLE('',#8065,0.4445);
#8065 = AXIS2_PLACEMENT_3D('',#8066,#8067,#8068);
#8066 = CARTESIAN_POINT('',(175.5,-79.74,1.51));
#8067 = DIRECTION('',(-0.,0.,-1.));
#8068 = DIRECTION('',(-0.,-1.,0.));
#8069 = FACE_BOUND('',#8070,.T.);
#8070 = EDGE_LOOP('',(#8071));
#8071 = ORIENTED_EDGE('',*,*,#8072,.T.);
#8072 = EDGE_CURVE('',#8073,#8073,#8075,.T.);
#8073 = VERTEX_POINT('',#8074);
#8074 = CARTESIAN_POINT('',(175.5,-77.6445,1.51));
#8075 = CIRCLE('',#8076,0.4445);
#8076 = AXIS2_PLACEMENT_3D('',#8077,#8078,#8079);
#8077 = CARTESIAN_POINT('',(175.5,-77.2,1.51));
#8078 = DIRECTION('',(-0.,0.,-1.));
#8079 = DIRECTION('',(-0.,-1.,0.));
#8080 = FACE_BOUND('',#8081,.T.);
#8081 = EDGE_LOOP('',(#8082));
#8082 = ORIENTED_EDGE('',*,*,#8083,.T.);
#8083 = EDGE_CURVE('',#8084,#8084,#8086,.T.);
#8084 = VERTEX_POINT('',#8085);
#8085 = CARTESIAN_POINT('',(175.5,-75.1045,1.51));
#8086 = CIRCLE('',#8087,0.4445);
#8087 = AXIS2_PLACEMENT_3D('',#8088,#8089,#8090);
#8088 = CARTESIAN_POINT('',(175.5,-74.66,1.51));
#8089 = DIRECTION('',(-0.,0.,-1.));
#8090 = DIRECTION('',(-0.,-1.,0.));
#8091 = FACE_BOUND('',#8092,.T.);
#8092 = EDGE_LOOP('',(#8093));
#8093 = ORIENTED_EDGE('',*,*,#8094,.T.);
#8094 = EDGE_CURVE('',#8095,#8095,#8097,.T.);
#8095 = VERTEX_POINT('',#8096);
#8096 = CARTESIAN_POINT('',(175.5,-72.5645,1.51));
#8097 = CIRCLE('',#8098,0.4445);
#8098 = AXIS2_PLACEMENT_3D('',#8099,#8100,#8101);
#8099 = CARTESIAN_POINT('',(175.5,-72.12,1.51));
#8100 = DIRECTION('',(-0.,0.,-1.));
#8101 = DIRECTION('',(-0.,-1.,0.));
#8102 = FACE_BOUND('',#8103,.T.);
#8103 = EDGE_LOOP('',(#8104));
#8104 = ORIENTED_EDGE('',*,*,#8105,.T.);
#8105 = EDGE_CURVE('',#8106,#8106,#8108,.T.);
#8106 = VERTEX_POINT('',#8107);
#8107 = CARTESIAN_POINT('',(175.5,-70.0245,1.51));
#8108 = CIRCLE('',#8109,0.4445);
#8109 = AXIS2_PLACEMENT_3D('',#8110,#8111,#8112);
#8110 = CARTESIAN_POINT('',(175.5,-69.58,1.51));
#8111 = DIRECTION('',(-0.,0.,-1.));
#8112 = DIRECTION('',(-0.,-1.,0.));
#8113 = FACE_BOUND('',#8114,.T.);
#8114 = EDGE_LOOP('',(#8115));
#8115 = ORIENTED_EDGE('',*,*,#8116,.T.);
#8116 = EDGE_CURVE('',#8117,#8117,#8119,.T.);
#8117 = VERTEX_POINT('',#8118);
#8118 = CARTESIAN_POINT('',(197.7,-77.5,1.51));
#8119 = CIRCLE('',#8120,0.5);
#8120 = AXIS2_PLACEMENT_3D('',#8121,#8122,#8123);
#8121 = CARTESIAN_POINT('',(197.7,-77.,1.51));
#8122 = DIRECTION('',(-0.,0.,-1.));
#8123 = DIRECTION('',(-0.,-1.,0.));
#8124 = FACE_BOUND('',#8125,.T.);
#8125 = EDGE_LOOP('',(#8126));
#8126 = ORIENTED_EDGE('',*,*,#8127,.T.);
#8127 = EDGE_CURVE('',#8128,#8128,#8130,.T.);
#8128 = VERTEX_POINT('',#8129);
#8129 = CARTESIAN_POINT('',(205.3,-77.5,1.51));
#8130 = CIRCLE('',#8131,0.5);
#8131 = AXIS2_PLACEMENT_3D('',#8132,#8133,#8134);
#8132 = CARTESIAN_POINT('',(205.3,-77.,1.51));
#8133 = DIRECTION('',(-0.,0.,-1.));
#8134 = DIRECTION('',(-0.,-1.,0.));
#8135 = FACE_BOUND('',#8136,.T.);
#8136 = EDGE_LOOP('',(#8137));
#8137 = ORIENTED_EDGE('',*,*,#8138,.T.);
#8138 = EDGE_CURVE('',#8139,#8139,#8141,.T.);
#8139 = VERTEX_POINT('',#8140);
#8140 = CARTESIAN_POINT('',(175.5,-67.4845,1.51));
#8141 = CIRCLE('',#8142,0.4445);
#8142 = AXIS2_PLACEMENT_3D('',#8143,#8144,#8145);
#8143 = CARTESIAN_POINT('',(175.5,-67.04,1.51));
#8144 = DIRECTION('',(-0.,0.,-1.));
#8145 = DIRECTION('',(-0.,-1.,0.));
#8146 = FACE_BOUND('',#8147,.T.);
#8147 = EDGE_LOOP('',(#8148));
#8148 = ORIENTED_EDGE('',*,*,#8149,.T.);
#8149 = EDGE_CURVE('',#8150,#8150,#8152,.T.);
#8150 = VERTEX_POINT('',#8151);
#8151 = CARTESIAN_POINT('',(175.5,-64.9445,1.51));
#8152 = CIRCLE('',#8153,0.4445);
#8153 = AXIS2_PLACEMENT_3D('',#8154,#8155,#8156);
#8154 = CARTESIAN_POINT('',(175.5,-64.5,1.51));
#8155 = DIRECTION('',(-0.,0.,-1.));
#8156 = DIRECTION('',(-0.,-1.,0.));
#8157 = FACE_BOUND('',#8158,.T.);
#8158 = EDGE_LOOP('',(#8159));
#8159 = ORIENTED_EDGE('',*,*,#8160,.T.);
#8160 = EDGE_CURVE('',#8161,#8161,#8163,.T.);
#8161 = VERTEX_POINT('',#8162);
#8162 = CARTESIAN_POINT('',(214.,-58.1,1.51));
#8163 = CIRCLE('',#8164,1.6);
#8164 = AXIS2_PLACEMENT_3D('',#8165,#8166,#8167);
#8165 = CARTESIAN_POINT('',(214.,-56.5,1.51));
#8166 = DIRECTION('',(-0.,0.,-1.));
#8167 = DIRECTION('',(-0.,-1.,0.));
#8168 = PLANE('',#8169);
#8169 = AXIS2_PLACEMENT_3D('',#8170,#8171,#8172);
#8170 = CARTESIAN_POINT('',(0.,0.,1.51));
#8171 = DIRECTION('',(0.,0.,1.));
#8172 = DIRECTION('',(1.,0.,-0.));
#8173 = ADVANCED_FACE('',(#8174),#8185,.T.);
#8174 = FACE_BOUND('',#8175,.T.);
#8175 = EDGE_LOOP('',(#8176,#8182,#8183,#8184));
#8176 = ORIENTED_EDGE('',*,*,#8177,.T.);
#8177 = EDGE_CURVE('',#7020,#7600,#8178,.T.);
#8178 = LINE('',#8179,#8180);
#8179 = CARTESIAN_POINT('',(119.003455,-54.319454,0.));
#8180 = VECTOR('',#8181,1.);
#8181 = DIRECTION('',(0.,0.,1.));
#8182 = ORIENTED_EDGE('',*,*,#7599,.T.);
#8183 = ORIENTED_EDGE('',*,*,#6955,.F.);
#8184 = ORIENTED_EDGE('',*,*,#7019,.F.);
#8185 = CYLINDRICAL_SURFACE('',#8186,3.000001172987);
#8186 = AXIS2_PLACEMENT_3D('',#8187,#8188,#8189);
#8187 = CARTESIAN_POINT('',(122.00345617298,-54.31945517298,0.));
#8188 = DIRECTION('',(0.,0.,-1.));
#8189 = DIRECTION('',(-1.,3.909953663434E-07,0.));
#8190 = ADVANCED_FACE('',(#8191),#8202,.T.);
#8191 = FACE_BOUND('',#8192,.T.);
#8192 = EDGE_LOOP('',(#8193,#8194,#8195,#8201));
#8193 = ORIENTED_EDGE('',*,*,#6995,.T.);
#8194 = ORIENTED_EDGE('',*,*,#7633,.T.);
#8195 = ORIENTED_EDGE('',*,*,#8196,.F.);
#8196 = EDGE_CURVE('',#7046,#7626,#8197,.T.);
#8197 = LINE('',#8198,#8199);
#8198 = CARTESIAN_POINT('',(216.003455,-109.819454,0.));
#8199 = VECTOR('',#8200,1.);
#8200 = DIRECTION('',(0.,0.,1.));
#8201 = ORIENTED_EDGE('',*,*,#7053,.F.);
#8202 = CYLINDRICAL_SURFACE('',#8203,3.000001172987);
#8203 = AXIS2_PLACEMENT_3D('',#8204,#8205,#8206);
#8204 = CARTESIAN_POINT('',(216.00345382701,-106.819452827,0.));
#8205 = DIRECTION('',(0.,0.,-1.));
#8206 = DIRECTION('',(1.,-3.909953616065E-07,0.));
#8207 = ADVANCED_FACE('',(#8208),#8219,.T.);
#8208 = FACE_BOUND('',#8209,.T.);
#8209 = EDGE_LOOP('',(#8210,#8216,#8217,#8218));
#8210 = ORIENTED_EDGE('',*,*,#8211,.T.);
#8211 = EDGE_CURVE('',#7029,#7609,#8212,.T.);
#8212 = LINE('',#8213,#8214);
#8213 = CARTESIAN_POINT('',(119.003455,-106.819454,0.));
#8214 = VECTOR('',#8215,1.);
#8215 = DIRECTION('',(0.,0.,1.));
#8216 = ORIENTED_EDGE('',*,*,#7608,.T.);
#8217 = ORIENTED_EDGE('',*,*,#8177,.F.);
#8218 = ORIENTED_EDGE('',*,*,#7028,.F.);
#8219 = PLANE('',#8220);
#8220 = AXIS2_PLACEMENT_3D('',#8221,#8222,#8223);
#8221 = CARTESIAN_POINT('',(119.003455,-106.819454,0.));
#8222 = DIRECTION('',(-1.,0.,0.));
#8223 = DIRECTION('',(0.,1.,0.));
#8224 = ADVANCED_FACE('',(#8225),#8236,.T.);
#8225 = FACE_BOUND('',#8226,.T.);
#8226 = EDGE_LOOP('',(#8227,#8228,#8229,#8235));
#8227 = ORIENTED_EDGE('',*,*,#8196,.T.);
#8228 = ORIENTED_EDGE('',*,*,#7625,.T.);
#8229 = ORIENTED_EDGE('',*,*,#8230,.F.);
#8230 = EDGE_CURVE('',#7037,#7617,#8231,.T.);
#8231 = LINE('',#8232,#8233);
#8232 = CARTESIAN_POINT('',(122.003455,-109.819454,0.));
#8233 = VECTOR('',#8234,1.);
#8234 = DIRECTION('',(0.,0.,1.));
#8235 = ORIENTED_EDGE('',*,*,#7045,.F.);
#8236 = PLANE('',#8237);
#8237 = AXIS2_PLACEMENT_3D('',#8238,#8239,#8240);
#8238 = CARTESIAN_POINT('',(216.003455,-109.819454,0.));
#8239 = DIRECTION('',(0.,-1.,0.));
#8240 = DIRECTION('',(-1.,0.,0.));
#8241 = ADVANCED_FACE('',(#8242),#8248,.T.);
#8242 = FACE_BOUND('',#8243,.T.);
#8243 = EDGE_LOOP('',(#8244,#8245,#8246,#8247));
#8244 = ORIENTED_EDGE('',*,*,#8230,.T.);
#8245 = ORIENTED_EDGE('',*,*,#7616,.T.);
#8246 = ORIENTED_EDGE('',*,*,#8211,.F.);
#8247 = ORIENTED_EDGE('',*,*,#7036,.F.);
#8248 = CYLINDRICAL_SURFACE('',#8249,3.000001172987);
#8249 = AXIS2_PLACEMENT_3D('',#8250,#8251,#8252);
#8250 = CARTESIAN_POINT('',(122.00345617298,-106.819452827,0.));
#8251 = DIRECTION('',(0.,0.,-1.));
#8252 = DIRECTION('',(-3.909953568695E-07,-1.,-0.));
#8253 = ADVANCED_FACE('',(#8254),#8265,.F.);
#8254 = FACE_BOUND('',#8255,.T.);
#8255 = EDGE_LOOP('',(#8256,#8257,#8263,#8264));
#8256 = ORIENTED_EDGE('',*,*,#7063,.T.);
#8257 = ORIENTED_EDGE('',*,*,#8258,.T.);
#8258 = EDGE_CURVE('',#7064,#7644,#8259,.T.);
#8259 = LINE('',#8260,#8261);
#8260 = CARTESIAN_POINT('',(124.,-107.1,-4.6E-02));
#8261 = VECTOR('',#8262,1.);
#8262 = DIRECTION('',(0.,0.,1.));
#8263 = ORIENTED_EDGE('',*,*,#7643,.F.);
#8264 = ORIENTED_EDGE('',*,*,#8258,.F.);
#8265 = CYLINDRICAL_SURFACE('',#8266,1.6);
#8266 = AXIS2_PLACEMENT_3D('',#8267,#8268,#8269);
#8267 = CARTESIAN_POINT('',(124.,-105.5,-4.6E-02));
#8268 = DIRECTION('',(-0.,-0.,-1.));
#8269 = DIRECTION('',(-0.,-1.,0.));
#8270 = ADVANCED_FACE('',(#8271),#8282,.F.);
#8271 = FACE_BOUND('',#8272,.T.);
#8272 = EDGE_LOOP('',(#8273,#8274,#8280,#8281));
#8273 = ORIENTED_EDGE('',*,*,#7074,.T.);
#8274 = ORIENTED_EDGE('',*,*,#8275,.T.);
#8275 = EDGE_CURVE('',#7075,#7655,#8276,.T.);
#8276 = LINE('',#8277,#8278);
#8277 = CARTESIAN_POINT('',(136.5,-94.35,-4.6E-02));
#8278 = VECTOR('',#8279,1.);
#8279 = DIRECTION('',(0.,0.,1.));
#8280 = ORIENTED_EDGE('',*,*,#7654,.F.);
#8281 = ORIENTED_EDGE('',*,*,#8275,.F.);
#8282 = CYLINDRICAL_SURFACE('',#8283,0.85);
#8283 = AXIS2_PLACEMENT_3D('',#8284,#8285,#8286);
#8284 = CARTESIAN_POINT('',(136.5,-93.5,-4.6E-02));
#8285 = DIRECTION('',(-0.,-0.,-1.));
#8286 = DIRECTION('',(-0.,-1.,0.));
#8287 = ADVANCED_FACE('',(#8288),#8299,.F.);
#8288 = FACE_BOUND('',#8289,.T.);
#8289 = EDGE_LOOP('',(#8290,#8291,#8297,#8298));
#8290 = ORIENTED_EDGE('',*,*,#7085,.T.);
#8291 = ORIENTED_EDGE('',*,*,#8292,.T.);
#8292 = EDGE_CURVE('',#7086,#7666,#8293,.T.);
#8293 = LINE('',#8294,#8295);
#8294 = CARTESIAN_POINT('',(137.77,-91.71,-4.6E-02));
#8295 = VECTOR('',#8296,1.);
#8296 = DIRECTION('',(0.,0.,1.));
#8297 = ORIENTED_EDGE('',*,*,#7665,.F.);
#8298 = ORIENTED_EDGE('',*,*,#8292,.F.);
#8299 = CYLINDRICAL_SURFACE('',#8300,0.75);
#8300 = AXIS2_PLACEMENT_3D('',#8301,#8302,#8303);
#8301 = CARTESIAN_POINT('',(137.77,-90.96,-4.6E-02));
#8302 = DIRECTION('',(-0.,-0.,-1.));
#8303 = DIRECTION('',(-0.,-1.,0.));
#8304 = ADVANCED_FACE('',(#8305),#8316,.F.);
#8305 = FACE_BOUND('',#8306,.T.);
#8306 = EDGE_LOOP('',(#8307,#8308,#8314,#8315));
#8307 = ORIENTED_EDGE('',*,*,#7096,.T.);
#8308 = ORIENTED_EDGE('',*,*,#8309,.T.);
#8309 = EDGE_CURVE('',#7097,#7677,#8310,.T.);
#8310 = LINE('',#8311,#8312);
#8311 = CARTESIAN_POINT('',(141.58,-95.5,-4.6E-02));
#8312 = VECTOR('',#8313,1.);
#8313 = DIRECTION('',(0.,0.,1.));
#8314 = ORIENTED_EDGE('',*,*,#7676,.F.);
#8315 = ORIENTED_EDGE('',*,*,#8309,.F.);
#8316 = CYLINDRICAL_SURFACE('',#8317,2.);
#8317 = AXIS2_PLACEMENT_3D('',#8318,#8319,#8320);
#8318 = CARTESIAN_POINT('',(141.58,-93.5,-4.6E-02));
#8319 = DIRECTION('',(-0.,-0.,-1.));
#8320 = DIRECTION('',(-0.,-1.,0.));
#8321 = ADVANCED_FACE('',(#8322),#8333,.F.);
#8322 = FACE_BOUND('',#8323,.T.);
#8323 = EDGE_LOOP('',(#8324,#8325,#8331,#8332));
#8324 = ORIENTED_EDGE('',*,*,#7107,.T.);
#8325 = ORIENTED_EDGE('',*,*,#8326,.T.);
#8326 = EDGE_CURVE('',#7108,#7688,#8327,.T.);
#8327 = LINE('',#8328,#8329);
#8328 = CARTESIAN_POINT('',(144.12,-89.17,-4.6E-02));
#8329 = VECTOR('',#8330,1.);
#8330 = DIRECTION('',(0.,0.,1.));
#8331 = ORIENTED_EDGE('',*,*,#7687,.F.);
#8332 = ORIENTED_EDGE('',*,*,#8326,.F.);
#8333 = CYLINDRICAL_SURFACE('',#8334,0.75);
#8334 = AXIS2_PLACEMENT_3D('',#8335,#8336,#8337);
#8335 = CARTESIAN_POINT('',(144.12,-88.42,-4.6E-02));
#8336 = DIRECTION('',(-0.,-0.,-1.));
#8337 = DIRECTION('',(-0.,-1.,0.));
#8338 = ADVANCED_FACE('',(#8339),#8350,.F.);
#8339 = FACE_BOUND('',#8340,.T.);
#8340 = EDGE_LOOP('',(#8341,#8342,#8348,#8349));
#8341 = ORIENTED_EDGE('',*,*,#7118,.T.);
#8342 = ORIENTED_EDGE('',*,*,#8343,.T.);
#8343 = EDGE_CURVE('',#7119,#7699,#8344,.T.);
#8344 = LINE('',#8345,#8346);
#8345 = CARTESIAN_POINT('',(146.66,-94.35,-4.6E-02));
#8346 = VECTOR('',#8347,1.);
#8347 = DIRECTION('',(0.,0.,1.));
#8348 = ORIENTED_EDGE('',*,*,#7698,.F.);
#8349 = ORIENTED_EDGE('',*,*,#8343,.F.);
#8350 = CYLINDRICAL_SURFACE('',#8351,0.85);
#8351 = AXIS2_PLACEMENT_3D('',#8352,#8353,#8354);
#8352 = CARTESIAN_POINT('',(146.66,-93.5,-4.6E-02));
#8353 = DIRECTION('',(-0.,-0.,-1.));
#8354 = DIRECTION('',(-0.,-1.,0.));
#8355 = ADVANCED_FACE('',(#8356),#8367,.F.);
#8356 = FACE_BOUND('',#8357,.T.);
#8357 = EDGE_LOOP('',(#8358,#8359,#8365,#8366));
#8358 = ORIENTED_EDGE('',*,*,#7129,.T.);
#8359 = ORIENTED_EDGE('',*,*,#8360,.T.);
#8360 = EDGE_CURVE('',#7130,#7710,#8361,.T.);
#8361 = LINE('',#8362,#8363);
#8362 = CARTESIAN_POINT('',(155.93,-94.35,-4.6E-02));
#8363 = VECTOR('',#8364,1.);
#8364 = DIRECTION('',(0.,0.,1.));
#8365 = ORIENTED_EDGE('',*,*,#7709,.F.);
#8366 = ORIENTED_EDGE('',*,*,#8360,.F.);
#8367 = CYLINDRICAL_SURFACE('',#8368,0.85);
#8368 = AXIS2_PLACEMENT_3D('',#8369,#8370,#8371);
#8369 = CARTESIAN_POINT('',(155.93,-93.5,-4.6E-02));
#8370 = DIRECTION('',(-0.,-0.,-1.));
#8371 = DIRECTION('',(-0.,-1.,0.));
#8372 = ADVANCED_FACE('',(#8373),#8384,.F.);
#8373 = FACE_BOUND('',#8374,.T.);
#8374 = EDGE_LOOP('',(#8375,#8376,#8382,#8383));
#8375 = ORIENTED_EDGE('',*,*,#7140,.T.);
#8376 = ORIENTED_EDGE('',*,*,#8377,.T.);
#8377 = EDGE_CURVE('',#7141,#7721,#8378,.T.);
#8378 = LINE('',#8379,#8380);
#8379 = CARTESIAN_POINT('',(157.2,-91.71,-4.6E-02));
#8380 = VECTOR('',#8381,1.);
#8381 = DIRECTION('',(0.,0.,1.));
#8382 = ORIENTED_EDGE('',*,*,#7720,.F.);
#8383 = ORIENTED_EDGE('',*,*,#8377,.F.);
#8384 = CYLINDRICAL_SURFACE('',#8385,0.75);
#8385 = AXIS2_PLACEMENT_3D('',#8386,#8387,#8388);
#8386 = CARTESIAN_POINT('',(157.2,-90.96,-4.6E-02));
#8387 = DIRECTION('',(-0.,-0.,-1.));
#8388 = DIRECTION('',(-0.,-1.,0.));
#8389 = ADVANCED_FACE('',(#8390),#8401,.F.);
#8390 = FACE_BOUND('',#8391,.T.);
#8391 = EDGE_LOOP('',(#8392,#8393,#8399,#8400));
#8392 = ORIENTED_EDGE('',*,*,#7151,.T.);
#8393 = ORIENTED_EDGE('',*,*,#8394,.T.);
#8394 = EDGE_CURVE('',#7152,#7732,#8395,.T.);
#8395 = LINE('',#8396,#8397);
#8396 = CARTESIAN_POINT('',(161.01,-95.5,-4.6E-02));
#8397 = VECTOR('',#8398,1.);
#8398 = DIRECTION('',(0.,0.,1.));
#8399 = ORIENTED_EDGE('',*,*,#7731,.F.);
#8400 = ORIENTED_EDGE('',*,*,#8394,.F.);
#8401 = CYLINDRICAL_SURFACE('',#8402,2.);
#8402 = AXIS2_PLACEMENT_3D('',#8403,#8404,#8405);
#8403 = CARTESIAN_POINT('',(161.01,-93.5,-4.6E-02));
#8404 = DIRECTION('',(-0.,-0.,-1.));
#8405 = DIRECTION('',(-0.,-1.,0.));
#8406 = ADVANCED_FACE('',(#8407),#8418,.F.);
#8407 = FACE_BOUND('',#8408,.T.);
#8408 = EDGE_LOOP('',(#8409,#8410,#8416,#8417));
#8409 = ORIENTED_EDGE('',*,*,#7162,.T.);
#8410 = ORIENTED_EDGE('',*,*,#8411,.T.);
#8411 = EDGE_CURVE('',#7163,#7743,#8412,.T.);
#8412 = LINE('',#8413,#8414);
#8413 = CARTESIAN_POINT('',(166.09,-94.35,-4.6E-02));
#8414 = VECTOR('',#8415,1.);
#8415 = DIRECTION('',(0.,0.,1.));
#8416 = ORIENTED_EDGE('',*,*,#7742,.F.);
#8417 = ORIENTED_EDGE('',*,*,#8411,.F.);
#8418 = CYLINDRICAL_SURFACE('',#8419,0.85);
#8419 = AXIS2_PLACEMENT_3D('',#8420,#8421,#8422);
#8420 = CARTESIAN_POINT('',(166.09,-93.5,-4.6E-02));
#8421 = DIRECTION('',(-0.,-0.,-1.));
#8422 = DIRECTION('',(-0.,-1.,0.));
#8423 = ADVANCED_FACE('',(#8424),#8435,.F.);
#8424 = FACE_BOUND('',#8425,.T.);
#8425 = EDGE_LOOP('',(#8426,#8427,#8433,#8434));
#8426 = ORIENTED_EDGE('',*,*,#7173,.T.);
#8427 = ORIENTED_EDGE('',*,*,#8428,.T.);
#8428 = EDGE_CURVE('',#7174,#7754,#8429,.T.);
#8429 = LINE('',#8430,#8431);
#8430 = CARTESIAN_POINT('',(163.55,-89.17,-4.6E-02));
#8431 = VECTOR('',#8432,1.);
#8432 = DIRECTION('',(0.,0.,1.));
#8433 = ORIENTED_EDGE('',*,*,#7753,.F.);
#8434 = ORIENTED_EDGE('',*,*,#8428,.F.);
#8435 = CYLINDRICAL_SURFACE('',#8436,0.75);
#8436 = AXIS2_PLACEMENT_3D('',#8437,#8438,#8439);
#8437 = CARTESIAN_POINT('',(163.55,-88.42,-4.6E-02));
#8438 = DIRECTION('',(-0.,-0.,-1.));
#8439 = DIRECTION('',(-0.,-1.,0.));
#8440 = ADVANCED_FACE('',(#8441),#8452,.F.);
#8441 = FACE_BOUND('',#8442,.T.);
#8442 = EDGE_LOOP('',(#8443,#8444,#8450,#8451));
#8443 = ORIENTED_EDGE('',*,*,#7184,.T.);
#8444 = ORIENTED_EDGE('',*,*,#8445,.T.);
#8445 = EDGE_CURVE('',#7185,#7765,#8446,.T.);
#8446 = LINE('',#8447,#8448);
#8447 = CARTESIAN_POINT('',(214.5,-107.1,-4.6E-02));
#8448 = VECTOR('',#8449,1.);
#8449 = DIRECTION('',(0.,0.,1.));
#8450 = ORIENTED_EDGE('',*,*,#7764,.F.);
#8451 = ORIENTED_EDGE('',*,*,#8445,.F.);
#8452 = CYLINDRICAL_SURFACE('',#8453,1.6);
#8453 = AXIS2_PLACEMENT_3D('',#8454,#8455,#8456);
#8454 = CARTESIAN_POINT('',(214.5,-105.5,-4.6E-02));
#8455 = DIRECTION('',(-0.,-0.,-1.));
#8456 = DIRECTION('',(-0.,-1.,0.));
#8457 = ADVANCED_FACE('',(#8458),#8469,.F.);
#8458 = FACE_BOUND('',#8459,.T.);
#8459 = EDGE_LOOP('',(#8460,#8461,#8467,#8468));
#8460 = ORIENTED_EDGE('',*,*,#7195,.T.);
#8461 = ORIENTED_EDGE('',*,*,#8462,.T.);
#8462 = EDGE_CURVE('',#7196,#7776,#8463,.T.);
#8463 = LINE('',#8464,#8465);
#8464 = CARTESIAN_POINT('',(175.34,-94.35,-4.6E-02));
#8465 = VECTOR('',#8466,1.);
#8466 = DIRECTION('',(0.,0.,1.));
#8467 = ORIENTED_EDGE('',*,*,#7775,.F.);
#8468 = ORIENTED_EDGE('',*,*,#8462,.F.);
#8469 = CYLINDRICAL_SURFACE('',#8470,0.85);
#8470 = AXIS2_PLACEMENT_3D('',#8471,#8472,#8473);
#8471 = CARTESIAN_POINT('',(175.34,-93.5,-4.6E-02));
#8472 = DIRECTION('',(-0.,-0.,-1.));
#8473 = DIRECTION('',(-0.,-1.,0.));
#8474 = ADVANCED_FACE('',(#8475),#8486,.F.);
#8475 = FACE_BOUND('',#8476,.T.);
#8476 = EDGE_LOOP('',(#8477,#8478,#8484,#8485));
#8477 = ORIENTED_EDGE('',*,*,#7206,.T.);
#8478 = ORIENTED_EDGE('',*,*,#8479,.T.);
#8479 = EDGE_CURVE('',#7207,#7787,#8480,.T.);
#8480 = LINE('',#8481,#8482);
#8481 = CARTESIAN_POINT('',(180.42,-95.5,-4.6E-02));
#8482 = VECTOR('',#8483,1.);
#8483 = DIRECTION('',(0.,0.,1.));
#8484 = ORIENTED_EDGE('',*,*,#7786,.F.);
#8485 = ORIENTED_EDGE('',*,*,#8479,.F.);
#8486 = CYLINDRICAL_SURFACE('',#8487,2.);
#8487 = AXIS2_PLACEMENT_3D('',#8488,#8489,#8490);
#8488 = CARTESIAN_POINT('',(180.42,-93.5,-4.6E-02));
#8489 = DIRECTION('',(-0.,-0.,-1.));
#8490 = DIRECTION('',(-0.,-1.,0.));
#8491 = ADVANCED_FACE('',(#8492),#8503,.F.);
#8492 = FACE_BOUND('',#8493,.T.);
#8493 = EDGE_LOOP('',(#8494,#8495,#8501,#8502));
#8494 = ORIENTED_EDGE('',*,*,#7217,.T.);
#8495 = ORIENTED_EDGE('',*,*,#8496,.T.);
#8496 = EDGE_CURVE('',#7218,#7798,#8497,.T.);
#8497 = LINE('',#8498,#8499);
#8498 = CARTESIAN_POINT('',(176.61,-91.71,-4.6E-02));
#8499 = VECTOR('',#8500,1.);
#8500 = DIRECTION('',(0.,0.,1.));
#8501 = ORIENTED_EDGE('',*,*,#7797,.F.);
#8502 = ORIENTED_EDGE('',*,*,#8496,.F.);
#8503 = CYLINDRICAL_SURFACE('',#8504,0.75);
#8504 = AXIS2_PLACEMENT_3D('',#8505,#8506,#8507);
#8505 = CARTESIAN_POINT('',(176.61,-90.96,-4.6E-02));
#8506 = DIRECTION('',(-0.,-0.,-1.));
#8507 = DIRECTION('',(-0.,-1.,0.));
#8508 = ADVANCED_FACE('',(#8509),#8520,.F.);
#8509 = FACE_BOUND('',#8510,.T.);
#8510 = EDGE_LOOP('',(#8511,#8512,#8518,#8519));
#8511 = ORIENTED_EDGE('',*,*,#7228,.T.);
#8512 = ORIENTED_EDGE('',*,*,#8513,.T.);
#8513 = EDGE_CURVE('',#7229,#7809,#8514,.T.);
#8514 = LINE('',#8515,#8516);
#8515 = CARTESIAN_POINT('',(185.5,-94.35,-4.6E-02));
#8516 = VECTOR('',#8517,1.);
#8517 = DIRECTION('',(0.,0.,1.));
#8518 = ORIENTED_EDGE('',*,*,#7808,.F.);
#8519 = ORIENTED_EDGE('',*,*,#8513,.F.);
#8520 = CYLINDRICAL_SURFACE('',#8521,0.85);
#8521 = AXIS2_PLACEMENT_3D('',#8522,#8523,#8524);
#8522 = CARTESIAN_POINT('',(185.5,-93.5,-4.6E-02));
#8523 = DIRECTION('',(-0.,-0.,-1.));
#8524 = DIRECTION('',(-0.,-1.,0.));
#8525 = ADVANCED_FACE('',(#8526),#8537,.F.);
#8526 = FACE_BOUND('',#8527,.T.);
#8527 = EDGE_LOOP('',(#8528,#8529,#8535,#8536));
#8528 = ORIENTED_EDGE('',*,*,#7239,.T.);
#8529 = ORIENTED_EDGE('',*,*,#8530,.T.);
#8530 = EDGE_CURVE('',#7240,#7820,#8531,.T.);
#8531 = LINE('',#8532,#8533);
#8532 = CARTESIAN_POINT('',(182.96,-89.17,-4.6E-02));
#8533 = VECTOR('',#8534,1.);
#8534 = DIRECTION('',(0.,0.,1.));
#8535 = ORIENTED_EDGE('',*,*,#7819,.F.);
#8536 = ORIENTED_EDGE('',*,*,#8530,.F.);
#8537 = CYLINDRICAL_SURFACE('',#8538,0.75);
#8538 = AXIS2_PLACEMENT_3D('',#8539,#8540,#8541);
#8539 = CARTESIAN_POINT('',(182.96,-88.42,-4.6E-02));
#8540 = DIRECTION('',(-0.,-0.,-1.));
#8541 = DIRECTION('',(-0.,-1.,0.));
#8542 = ADVANCED_FACE('',(#8543),#8554,.F.);
#8543 = FACE_BOUND('',#8544,.T.);
#8544 = EDGE_LOOP('',(#8545,#8546,#8552,#8553));
#8545 = ORIENTED_EDGE('',*,*,#7250,.T.);
#8546 = ORIENTED_EDGE('',*,*,#8547,.T.);
#8547 = EDGE_CURVE('',#7251,#7831,#8548,.T.);
#8548 = LINE('',#8549,#8550);
#8549 = CARTESIAN_POINT('',(194.23,-94.39,-4.6E-02));
#8550 = VECTOR('',#8551,1.);
#8551 = DIRECTION('',(0.,0.,1.));
#8552 = ORIENTED_EDGE('',*,*,#7830,.F.);
#8553 = ORIENTED_EDGE('',*,*,#8547,.F.);
#8554 = CYLINDRICAL_SURFACE('',#8555,0.85);
#8555 = AXIS2_PLACEMENT_3D('',#8556,#8557,#8558);
#8556 = CARTESIAN_POINT('',(194.23,-93.54,-4.6E-02));
#8557 = DIRECTION('',(-0.,-0.,-1.));
#8558 = DIRECTION('',(-3.343730521224E-14,-1.,0.));
#8559 = ADVANCED_FACE('',(#8560),#8571,.F.);
#8560 = FACE_BOUND('',#8561,.T.);
#8561 = EDGE_LOOP('',(#8562,#8563,#8569,#8570));
#8562 = ORIENTED_EDGE('',*,*,#7261,.T.);
#8563 = ORIENTED_EDGE('',*,*,#8564,.T.);
#8564 = EDGE_CURVE('',#7262,#7842,#8565,.T.);
#8565 = LINE('',#8566,#8567);
#8566 = CARTESIAN_POINT('',(195.5,-91.75,-4.6E-02));
#8567 = VECTOR('',#8568,1.);
#8568 = DIRECTION('',(0.,0.,1.));
#8569 = ORIENTED_EDGE('',*,*,#7841,.F.);
#8570 = ORIENTED_EDGE('',*,*,#8564,.F.);
#8571 = CYLINDRICAL_SURFACE('',#8572,0.75);
#8572 = AXIS2_PLACEMENT_3D('',#8573,#8574,#8575);
#8573 = CARTESIAN_POINT('',(195.5,-91.,-4.6E-02));
#8574 = DIRECTION('',(-0.,-0.,-1.));
#8575 = DIRECTION('',(-0.,-1.,0.));
#8576 = ADVANCED_FACE('',(#8577),#8588,.F.);
#8577 = FACE_BOUND('',#8578,.T.);
#8578 = EDGE_LOOP('',(#8579,#8580,#8586,#8587));
#8579 = ORIENTED_EDGE('',*,*,#7272,.T.);
#8580 = ORIENTED_EDGE('',*,*,#8581,.T.);
#8581 = EDGE_CURVE('',#7273,#7853,#8582,.T.);
#8582 = LINE('',#8583,#8584);
#8583 = CARTESIAN_POINT('',(199.31,-95.54,-4.6E-02));
#8584 = VECTOR('',#8585,1.);
#8585 = DIRECTION('',(0.,0.,1.));
#8586 = ORIENTED_EDGE('',*,*,#7852,.F.);
#8587 = ORIENTED_EDGE('',*,*,#8581,.F.);
#8588 = CYLINDRICAL_SURFACE('',#8589,2.);
#8589 = AXIS2_PLACEMENT_3D('',#8590,#8591,#8592);
#8590 = CARTESIAN_POINT('',(199.31,-93.54,-4.6E-02));
#8591 = DIRECTION('',(-0.,-0.,-1.));
#8592 = DIRECTION('',(-0.,-1.,0.));
#8593 = ADVANCED_FACE('',(#8594),#8605,.F.);
#8594 = FACE_BOUND('',#8595,.T.);
#8595 = EDGE_LOOP('',(#8596,#8597,#8603,#8604));
#8596 = ORIENTED_EDGE('',*,*,#7283,.T.);
#8597 = ORIENTED_EDGE('',*,*,#8598,.T.);
#8598 = EDGE_CURVE('',#7284,#7864,#8599,.T.);
#8599 = LINE('',#8600,#8601);
#8600 = CARTESIAN_POINT('',(201.85,-89.21,-4.6E-02));
#8601 = VECTOR('',#8602,1.);
#8602 = DIRECTION('',(0.,0.,1.));
#8603 = ORIENTED_EDGE('',*,*,#7863,.F.);
#8604 = ORIENTED_EDGE('',*,*,#8598,.F.);
#8605 = CYLINDRICAL_SURFACE('',#8606,0.75);
#8606 = AXIS2_PLACEMENT_3D('',#8607,#8608,#8609);
#8607 = CARTESIAN_POINT('',(201.85,-88.46,-4.6E-02));
#8608 = DIRECTION('',(-0.,-0.,-1.));
#8609 = DIRECTION('',(-0.,-1.,0.));
#8610 = ADVANCED_FACE('',(#8611),#8622,.F.);
#8611 = FACE_BOUND('',#8612,.T.);
#8612 = EDGE_LOOP('',(#8613,#8614,#8620,#8621));
#8613 = ORIENTED_EDGE('',*,*,#7294,.T.);
#8614 = ORIENTED_EDGE('',*,*,#8615,.T.);
#8615 = EDGE_CURVE('',#7295,#7875,#8616,.T.);
#8616 = LINE('',#8617,#8618);
#8617 = CARTESIAN_POINT('',(204.39,-94.39,-4.6E-02));
#8618 = VECTOR('',#8619,1.);
#8619 = DIRECTION('',(0.,0.,1.));
#8620 = ORIENTED_EDGE('',*,*,#7874,.F.);
#8621 = ORIENTED_EDGE('',*,*,#8615,.F.);
#8622 = CYLINDRICAL_SURFACE('',#8623,0.85);
#8623 = AXIS2_PLACEMENT_3D('',#8624,#8625,#8626);
#8624 = CARTESIAN_POINT('',(204.39,-93.54,-4.6E-02));
#8625 = DIRECTION('',(-0.,-0.,-1.));
#8626 = DIRECTION('',(-0.,-1.,0.));
#8627 = ADVANCED_FACE('',(#8628),#8639,.F.);
#8628 = FACE_BOUND('',#8629,.T.);
#8629 = EDGE_LOOP('',(#8630,#8631,#8637,#8638));
#8630 = ORIENTED_EDGE('',*,*,#7305,.T.);
#8631 = ORIENTED_EDGE('',*,*,#8632,.T.);
#8632 = EDGE_CURVE('',#7306,#7886,#8633,.T.);
#8633 = LINE('',#8634,#8635);
#8634 = CARTESIAN_POINT('',(133.92,-79.5,-4.6E-02));
#8635 = VECTOR('',#8636,1.);
#8636 = DIRECTION('',(0.,0.,1.));
#8637 = ORIENTED_EDGE('',*,*,#7885,.F.);
#8638 = ORIENTED_EDGE('',*,*,#8632,.F.);
#8639 = CYLINDRICAL_SURFACE('',#8640,0.5);
#8640 = AXIS2_PLACEMENT_3D('',#8641,#8642,#8643);
#8641 = CARTESIAN_POINT('',(133.92,-79.,-4.6E-02));
#8642 = DIRECTION('',(-0.,-0.,-1.));
#8643 = DIRECTION('',(-0.,-1.,0.));
#8644 = ADVANCED_FACE('',(#8645),#8656,.F.);
#8645 = FACE_BOUND('',#8646,.T.);
#8646 = EDGE_LOOP('',(#8647,#8648,#8654,#8655));
#8647 = ORIENTED_EDGE('',*,*,#7316,.T.);
#8648 = ORIENTED_EDGE('',*,*,#8649,.T.);
#8649 = EDGE_CURVE('',#7317,#7897,#8650,.T.);
#8650 = LINE('',#8651,#8652);
#8651 = CARTESIAN_POINT('',(136.46,-79.5,-4.6E-02));
#8652 = VECTOR('',#8653,1.);
#8653 = DIRECTION('',(0.,0.,1.));
#8654 = ORIENTED_EDGE('',*,*,#7896,.F.);
#8655 = ORIENTED_EDGE('',*,*,#8649,.F.);
#8656 = CYLINDRICAL_SURFACE('',#8657,0.5);
#8657 = AXIS2_PLACEMENT_3D('',#8658,#8659,#8660);
#8658 = CARTESIAN_POINT('',(136.46,-79.,-4.6E-02));
#8659 = DIRECTION('',(-0.,-0.,-1.));
#8660 = DIRECTION('',(-0.,-1.,0.));
#8661 = ADVANCED_FACE('',(#8662),#8673,.F.);
#8662 = FACE_BOUND('',#8663,.T.);
#8663 = EDGE_LOOP('',(#8664,#8665,#8671,#8672));
#8664 = ORIENTED_EDGE('',*,*,#7327,.T.);
#8665 = ORIENTED_EDGE('',*,*,#8666,.T.);
#8666 = EDGE_CURVE('',#7328,#7908,#8667,.T.);
#8667 = LINE('',#8668,#8669);
#8668 = CARTESIAN_POINT('',(139.,-79.5,-4.6E-02));
#8669 = VECTOR('',#8670,1.);
#8670 = DIRECTION('',(0.,0.,1.));
#8671 = ORIENTED_EDGE('',*,*,#7907,.F.);
#8672 = ORIENTED_EDGE('',*,*,#8666,.F.);
#8673 = CYLINDRICAL_SURFACE('',#8674,0.5);
#8674 = AXIS2_PLACEMENT_3D('',#8675,#8676,#8677);
#8675 = CARTESIAN_POINT('',(139.,-79.,-4.6E-02));
#8676 = DIRECTION('',(-0.,-0.,-1.));
#8677 = DIRECTION('',(-0.,-1.,0.));
#8678 = ADVANCED_FACE('',(#8679),#8690,.F.);
#8679 = FACE_BOUND('',#8680,.T.);
#8680 = EDGE_LOOP('',(#8681,#8682,#8688,#8689));
#8681 = ORIENTED_EDGE('',*,*,#7338,.T.);
#8682 = ORIENTED_EDGE('',*,*,#8683,.T.);
#8683 = EDGE_CURVE('',#7339,#7919,#8684,.T.);
#8684 = LINE('',#8685,#8686);
#8685 = CARTESIAN_POINT('',(141.54,-79.5,-4.6E-02));
#8686 = VECTOR('',#8687,1.);
#8687 = DIRECTION('',(0.,0.,1.));
#8688 = ORIENTED_EDGE('',*,*,#7918,.F.);
#8689 = ORIENTED_EDGE('',*,*,#8683,.F.);
#8690 = CYLINDRICAL_SURFACE('',#8691,0.5);
#8691 = AXIS2_PLACEMENT_3D('',#8692,#8693,#8694);
#8692 = CARTESIAN_POINT('',(141.54,-79.,-4.6E-02));
#8693 = DIRECTION('',(-0.,-0.,-1.));
#8694 = DIRECTION('',(-0.,-1.,0.));
#8695 = ADVANCED_FACE('',(#8696),#8707,.F.);
#8696 = FACE_BOUND('',#8697,.T.);
#8697 = EDGE_LOOP('',(#8698,#8699,#8705,#8706));
#8698 = ORIENTED_EDGE('',*,*,#7349,.T.);
#8699 = ORIENTED_EDGE('',*,*,#8700,.T.);
#8700 = EDGE_CURVE('',#7350,#7930,#8701,.T.);
#8701 = LINE('',#8702,#8703);
#8702 = CARTESIAN_POINT('',(144.08,-79.5,-4.6E-02));
#8703 = VECTOR('',#8704,1.);
#8704 = DIRECTION('',(0.,0.,1.));
#8705 = ORIENTED_EDGE('',*,*,#7929,.F.);
#8706 = ORIENTED_EDGE('',*,*,#8700,.F.);
#8707 = CYLINDRICAL_SURFACE('',#8708,0.5);
#8708 = AXIS2_PLACEMENT_3D('',#8709,#8710,#8711);
#8709 = CARTESIAN_POINT('',(144.08,-79.,-4.6E-02));
#8710 = DIRECTION('',(-0.,-0.,-1.));
#8711 = DIRECTION('',(-0.,-1.,0.));
#8712 = ADVANCED_FACE('',(#8713),#8724,.F.);
#8713 = FACE_BOUND('',#8714,.T.);
#8714 = EDGE_LOOP('',(#8715,#8716,#8722,#8723));
#8715 = ORIENTED_EDGE('',*,*,#7360,.T.);
#8716 = ORIENTED_EDGE('',*,*,#8717,.T.);
#8717 = EDGE_CURVE('',#7361,#7941,#8718,.T.);
#8718 = LINE('',#8719,#8720);
#8719 = CARTESIAN_POINT('',(146.62,-79.5,-4.6E-02));
#8720 = VECTOR('',#8721,1.);
#8721 = DIRECTION('',(0.,0.,1.));
#8722 = ORIENTED_EDGE('',*,*,#7940,.F.);
#8723 = ORIENTED_EDGE('',*,*,#8717,.F.);
#8724 = CYLINDRICAL_SURFACE('',#8725,0.5);
#8725 = AXIS2_PLACEMENT_3D('',#8726,#8727,#8728);
#8726 = CARTESIAN_POINT('',(146.62,-79.,-4.6E-02));
#8727 = DIRECTION('',(-0.,-0.,-1.));
#8728 = DIRECTION('',(-0.,-1.,0.));
#8729 = ADVANCED_FACE('',(#8730),#8741,.F.);
#8730 = FACE_BOUND('',#8731,.T.);
#8731 = EDGE_LOOP('',(#8732,#8733,#8739,#8740));
#8732 = ORIENTED_EDGE('',*,*,#7371,.T.);
#8733 = ORIENTED_EDGE('',*,*,#8734,.T.);
#8734 = EDGE_CURVE('',#7372,#7952,#8735,.T.);
#8735 = LINE('',#8736,#8737);
#8736 = CARTESIAN_POINT('',(149.16,-79.5,-4.6E-02));
#8737 = VECTOR('',#8738,1.);
#8738 = DIRECTION('',(0.,0.,1.));
#8739 = ORIENTED_EDGE('',*,*,#7951,.F.);
#8740 = ORIENTED_EDGE('',*,*,#8734,.F.);
#8741 = CYLINDRICAL_SURFACE('',#8742,0.5);
#8742 = AXIS2_PLACEMENT_3D('',#8743,#8744,#8745);
#8743 = CARTESIAN_POINT('',(149.16,-79.,-4.6E-02));
#8744 = DIRECTION('',(-0.,-0.,-1.));
#8745 = DIRECTION('',(-0.,-1.,0.));
#8746 = ADVANCED_FACE('',(#8747),#8758,.F.);
#8747 = FACE_BOUND('',#8748,.T.);
#8748 = EDGE_LOOP('',(#8749,#8750,#8756,#8757));
#8749 = ORIENTED_EDGE('',*,*,#7382,.T.);
#8750 = ORIENTED_EDGE('',*,*,#8751,.T.);
#8751 = EDGE_CURVE('',#7383,#7963,#8752,.T.);
#8752 = LINE('',#8753,#8754);
#8753 = CARTESIAN_POINT('',(151.7,-79.5,-4.6E-02));
#8754 = VECTOR('',#8755,1.);
#8755 = DIRECTION('',(0.,0.,1.));
#8756 = ORIENTED_EDGE('',*,*,#7962,.F.);
#8757 = ORIENTED_EDGE('',*,*,#8751,.F.);
#8758 = CYLINDRICAL_SURFACE('',#8759,0.5);
#8759 = AXIS2_PLACEMENT_3D('',#8760,#8761,#8762);
#8760 = CARTESIAN_POINT('',(151.7,-79.,-4.6E-02));
#8761 = DIRECTION('',(-0.,-0.,-1.));
#8762 = DIRECTION('',(-0.,-1.,0.));
#8763 = ADVANCED_FACE('',(#8764),#8775,.F.);
#8764 = FACE_BOUND('',#8765,.T.);
#8765 = EDGE_LOOP('',(#8766,#8767,#8773,#8774));
#8766 = ORIENTED_EDGE('',*,*,#7393,.T.);
#8767 = ORIENTED_EDGE('',*,*,#8768,.T.);
#8768 = EDGE_CURVE('',#7394,#7974,#8769,.T.);
#8769 = LINE('',#8770,#8771);
#8770 = CARTESIAN_POINT('',(160.26,-80.1845,-4.6E-02));
#8771 = VECTOR('',#8772,1.);
#8772 = DIRECTION('',(0.,0.,1.));
#8773 = ORIENTED_EDGE('',*,*,#7973,.F.);
#8774 = ORIENTED_EDGE('',*,*,#8768,.F.);
#8775 = CYLINDRICAL_SURFACE('',#8776,0.4445);
#8776 = AXIS2_PLACEMENT_3D('',#8777,#8778,#8779);
#8777 = CARTESIAN_POINT('',(160.26,-79.74,-4.6E-02));
#8778 = DIRECTION('',(-0.,-0.,-1.));
#8779 = DIRECTION('',(-0.,-1.,0.));
#8780 = ADVANCED_FACE('',(#8781),#8792,.F.);
#8781 = FACE_BOUND('',#8782,.T.);
#8782 = EDGE_LOOP('',(#8783,#8784,#8790,#8791));
#8783 = ORIENTED_EDGE('',*,*,#7404,.T.);
#8784 = ORIENTED_EDGE('',*,*,#8785,.T.);
#8785 = EDGE_CURVE('',#7405,#7985,#8786,.T.);
#8786 = LINE('',#8787,#8788);
#8787 = CARTESIAN_POINT('',(160.26,-77.6445,-4.6E-02));
#8788 = VECTOR('',#8789,1.);
#8789 = DIRECTION('',(0.,0.,1.));
#8790 = ORIENTED_EDGE('',*,*,#7984,.F.);
#8791 = ORIENTED_EDGE('',*,*,#8785,.F.);
#8792 = CYLINDRICAL_SURFACE('',#8793,0.4445);
#8793 = AXIS2_PLACEMENT_3D('',#8794,#8795,#8796);
#8794 = CARTESIAN_POINT('',(160.26,-77.2,-4.6E-02));
#8795 = DIRECTION('',(-0.,-0.,-1.));
#8796 = DIRECTION('',(-0.,-1.,0.));
#8797 = ADVANCED_FACE('',(#8798),#8809,.F.);
#8798 = FACE_BOUND('',#8799,.T.);
#8799 = EDGE_LOOP('',(#8800,#8801,#8807,#8808));
#8800 = ORIENTED_EDGE('',*,*,#7415,.T.);
#8801 = ORIENTED_EDGE('',*,*,#8802,.T.);
#8802 = EDGE_CURVE('',#7416,#7996,#8803,.T.);
#8803 = LINE('',#8804,#8805);
#8804 = CARTESIAN_POINT('',(160.26,-75.1045,-4.6E-02));
#8805 = VECTOR('',#8806,1.);
#8806 = DIRECTION('',(0.,0.,1.));
#8807 = ORIENTED_EDGE('',*,*,#7995,.F.);
#8808 = ORIENTED_EDGE('',*,*,#8802,.F.);
#8809 = CYLINDRICAL_SURFACE('',#8810,0.4445);
#8810 = AXIS2_PLACEMENT_3D('',#8811,#8812,#8813);
#8811 = CARTESIAN_POINT('',(160.26,-74.66,-4.6E-02));
#8812 = DIRECTION('',(-0.,-0.,-1.));
#8813 = DIRECTION('',(-0.,-1.,0.));
#8814 = ADVANCED_FACE('',(#8815),#8826,.F.);
#8815 = FACE_BOUND('',#8816,.T.);
#8816 = EDGE_LOOP('',(#8817,#8818,#8824,#8825));
#8817 = ORIENTED_EDGE('',*,*,#7426,.T.);
#8818 = ORIENTED_EDGE('',*,*,#8819,.T.);
#8819 = EDGE_CURVE('',#7427,#8007,#8820,.T.);
#8820 = LINE('',#8821,#8822);
#8821 = CARTESIAN_POINT('',(160.26,-72.5645,-4.6E-02));
#8822 = VECTOR('',#8823,1.);
#8823 = DIRECTION('',(0.,0.,1.));
#8824 = ORIENTED_EDGE('',*,*,#8006,.F.);
#8825 = ORIENTED_EDGE('',*,*,#8819,.F.);
#8826 = CYLINDRICAL_SURFACE('',#8827,0.4445);
#8827 = AXIS2_PLACEMENT_3D('',#8828,#8829,#8830);
#8828 = CARTESIAN_POINT('',(160.26,-72.12,-4.6E-02));
#8829 = DIRECTION('',(-0.,-0.,-1.));
#8830 = DIRECTION('',(-0.,-1.,0.));
#8831 = ADVANCED_FACE('',(#8832),#8843,.F.);
#8832 = FACE_BOUND('',#8833,.T.);
#8833 = EDGE_LOOP('',(#8834,#8835,#8841,#8842));
#8834 = ORIENTED_EDGE('',*,*,#7437,.T.);
#8835 = ORIENTED_EDGE('',*,*,#8836,.T.);
#8836 = EDGE_CURVE('',#7438,#8018,#8837,.T.);
#8837 = LINE('',#8838,#8839);
#8838 = CARTESIAN_POINT('',(160.26,-70.0245,-4.6E-02));
#8839 = VECTOR('',#8840,1.);
#8840 = DIRECTION('',(0.,0.,1.));
#8841 = ORIENTED_EDGE('',*,*,#8017,.F.);
#8842 = ORIENTED_EDGE('',*,*,#8836,.F.);
#8843 = CYLINDRICAL_SURFACE('',#8844,0.4445);
#8844 = AXIS2_PLACEMENT_3D('',#8845,#8846,#8847);
#8845 = CARTESIAN_POINT('',(160.26,-69.58,-4.6E-02));
#8846 = DIRECTION('',(-0.,-0.,-1.));
#8847 = DIRECTION('',(-0.,-1.,0.));
#8848 = ADVANCED_FACE('',(#8849),#8860,.F.);
#8849 = FACE_BOUND('',#8850,.T.);
#8850 = EDGE_LOOP('',(#8851,#8852,#8858,#8859));
#8851 = ORIENTED_EDGE('',*,*,#7448,.T.);
#8852 = ORIENTED_EDGE('',*,*,#8853,.T.);
#8853 = EDGE_CURVE('',#7449,#8029,#8854,.T.);
#8854 = LINE('',#8855,#8856);
#8855 = CARTESIAN_POINT('',(124.,-58.1,-4.6E-02));
#8856 = VECTOR('',#8857,1.);
#8857 = DIRECTION('',(0.,0.,1.));
#8858 = ORIENTED_EDGE('',*,*,#8028,.F.);
#8859 = ORIENTED_EDGE('',*,*,#8853,.F.);
#8860 = CYLINDRICAL_SURFACE('',#8861,1.6);
#8861 = AXIS2_PLACEMENT_3D('',#8862,#8863,#8864);
#8862 = CARTESIAN_POINT('',(124.,-56.5,-4.6E-02));
#8863 = DIRECTION('',(-0.,-0.,-1.));
#8864 = DIRECTION('',(-0.,-1.,0.));
#8865 = ADVANCED_FACE('',(#8866),#8877,.F.);
#8866 = FACE_BOUND('',#8867,.T.);
#8867 = EDGE_LOOP('',(#8868,#8869,#8875,#8876));
#8868 = ORIENTED_EDGE('',*,*,#7459,.T.);
#8869 = ORIENTED_EDGE('',*,*,#8870,.T.);
#8870 = EDGE_CURVE('',#7460,#8040,#8871,.T.);
#8871 = LINE('',#8872,#8873);
#8872 = CARTESIAN_POINT('',(160.26,-67.4845,-4.6E-02));
#8873 = VECTOR('',#8874,1.);
#8874 = DIRECTION('',(0.,0.,1.));
#8875 = ORIENTED_EDGE('',*,*,#8039,.F.);
#8876 = ORIENTED_EDGE('',*,*,#8870,.F.);
#8877 = CYLINDRICAL_SURFACE('',#8878,0.4445);
#8878 = AXIS2_PLACEMENT_3D('',#8879,#8880,#8881);
#8879 = CARTESIAN_POINT('',(160.26,-67.04,-4.6E-02));
#8880 = DIRECTION('',(-0.,-0.,-1.));
#8881 = DIRECTION('',(-0.,-1.,0.));
#8882 = ADVANCED_FACE('',(#8883),#8894,.F.);
#8883 = FACE_BOUND('',#8884,.T.);
#8884 = EDGE_LOOP('',(#8885,#8886,#8892,#8893));
#8885 = ORIENTED_EDGE('',*,*,#7470,.T.);
#8886 = ORIENTED_EDGE('',*,*,#8887,.T.);
#8887 = EDGE_CURVE('',#7471,#8051,#8888,.T.);
#8888 = LINE('',#8889,#8890);
#8889 = CARTESIAN_POINT('',(160.26,-64.9445,-4.6E-02));
#8890 = VECTOR('',#8891,1.);
#8891 = DIRECTION('',(0.,0.,1.));
#8892 = ORIENTED_EDGE('',*,*,#8050,.F.);
#8893 = ORIENTED_EDGE('',*,*,#8887,.F.);
#8894 = CYLINDRICAL_SURFACE('',#8895,0.4445);
#8895 = AXIS2_PLACEMENT_3D('',#8896,#8897,#8898);
#8896 = CARTESIAN_POINT('',(160.26,-64.5,-4.6E-02));
#8897 = DIRECTION('',(-0.,-0.,-1.));
#8898 = DIRECTION('',(-0.,-1.,0.));
#8899 = ADVANCED_FACE('',(#8900),#8911,.F.);
#8900 = FACE_BOUND('',#8901,.T.);
#8901 = EDGE_LOOP('',(#8902,#8903,#8909,#8910));
#8902 = ORIENTED_EDGE('',*,*,#7481,.T.);
#8903 = ORIENTED_EDGE('',*,*,#8904,.T.);
#8904 = EDGE_CURVE('',#7482,#8062,#8905,.T.);
#8905 = LINE('',#8906,#8907);
#8906 = CARTESIAN_POINT('',(175.5,-80.1845,-4.6E-02));
#8907 = VECTOR('',#8908,1.);
#8908 = DIRECTION('',(0.,0.,1.));
#8909 = ORIENTED_EDGE('',*,*,#8061,.F.);
#8910 = ORIENTED_EDGE('',*,*,#8904,.F.);
#8911 = CYLINDRICAL_SURFACE('',#8912,0.4445);
#8912 = AXIS2_PLACEMENT_3D('',#8913,#8914,#8915);
#8913 = CARTESIAN_POINT('',(175.5,-79.74,-4.6E-02));
#8914 = DIRECTION('',(-0.,-0.,-1.));
#8915 = DIRECTION('',(-0.,-1.,0.));
#8916 = ADVANCED_FACE('',(#8917),#8928,.F.);
#8917 = FACE_BOUND('',#8918,.T.);
#8918 = EDGE_LOOP('',(#8919,#8920,#8926,#8927));
#8919 = ORIENTED_EDGE('',*,*,#7492,.T.);
#8920 = ORIENTED_EDGE('',*,*,#8921,.T.);
#8921 = EDGE_CURVE('',#7493,#8073,#8922,.T.);
#8922 = LINE('',#8923,#8924);
#8923 = CARTESIAN_POINT('',(175.5,-77.6445,-4.6E-02));
#8924 = VECTOR('',#8925,1.);
#8925 = DIRECTION('',(0.,0.,1.));
#8926 = ORIENTED_EDGE('',*,*,#8072,.F.);
#8927 = ORIENTED_EDGE('',*,*,#8921,.F.);
#8928 = CYLINDRICAL_SURFACE('',#8929,0.4445);
#8929 = AXIS2_PLACEMENT_3D('',#8930,#8931,#8932);
#8930 = CARTESIAN_POINT('',(175.5,-77.2,-4.6E-02));
#8931 = DIRECTION('',(-0.,-0.,-1.));
#8932 = DIRECTION('',(-0.,-1.,0.));
#8933 = ADVANCED_FACE('',(#8934),#8945,.F.);
#8934 = FACE_BOUND('',#8935,.T.);
#8935 = EDGE_LOOP('',(#8936,#8937,#8943,#8944));
#8936 = ORIENTED_EDGE('',*,*,#7503,.T.);
#8937 = ORIENTED_EDGE('',*,*,#8938,.T.);
#8938 = EDGE_CURVE('',#7504,#8084,#8939,.T.);
#8939 = LINE('',#8940,#8941);
#8940 = CARTESIAN_POINT('',(175.5,-75.1045,-4.6E-02));
#8941 = VECTOR('',#8942,1.);
#8942 = DIRECTION('',(0.,0.,1.));
#8943 = ORIENTED_EDGE('',*,*,#8083,.F.);
#8944 = ORIENTED_EDGE('',*,*,#8938,.F.);
#8945 = CYLINDRICAL_SURFACE('',#8946,0.4445);
#8946 = AXIS2_PLACEMENT_3D('',#8947,#8948,#8949);
#8947 = CARTESIAN_POINT('',(175.5,-74.66,-4.6E-02));
#8948 = DIRECTION('',(-0.,-0.,-1.));
#8949 = DIRECTION('',(-0.,-1.,0.));
#8950 = ADVANCED_FACE('',(#8951),#8962,.F.);
#8951 = FACE_BOUND('',#8952,.T.);
#8952 = EDGE_LOOP('',(#8953,#8954,#8960,#8961));
#8953 = ORIENTED_EDGE('',*,*,#7514,.T.);
#8954 = ORIENTED_EDGE('',*,*,#8955,.T.);
#8955 = EDGE_CURVE('',#7515,#8095,#8956,.T.);
#8956 = LINE('',#8957,#8958);
#8957 = CARTESIAN_POINT('',(175.5,-72.5645,-4.6E-02));
#8958 = VECTOR('',#8959,1.);
#8959 = DIRECTION('',(0.,0.,1.));
#8960 = ORIENTED_EDGE('',*,*,#8094,.F.);
#8961 = ORIENTED_EDGE('',*,*,#8955,.F.);
#8962 = CYLINDRICAL_SURFACE('',#8963,0.4445);
#8963 = AXIS2_PLACEMENT_3D('',#8964,#8965,#8966);
#8964 = CARTESIAN_POINT('',(175.5,-72.12,-4.6E-02));
#8965 = DIRECTION('',(-0.,-0.,-1.));
#8966 = DIRECTION('',(-0.,-1.,0.));
#8967 = ADVANCED_FACE('',(#8968),#8979,.F.);
#8968 = FACE_BOUND('',#8969,.T.);
#8969 = EDGE_LOOP('',(#8970,#8971,#8977,#8978));
#8970 = ORIENTED_EDGE('',*,*,#7525,.T.);
#8971 = ORIENTED_EDGE('',*,*,#8972,.T.);
#8972 = EDGE_CURVE('',#7526,#8106,#8973,.T.);
#8973 = LINE('',#8974,#8975);
#8974 = CARTESIAN_POINT('',(175.5,-70.0245,-4.6E-02));
#8975 = VECTOR('',#8976,1.);
#8976 = DIRECTION('',(0.,0.,1.));
#8977 = ORIENTED_EDGE('',*,*,#8105,.F.);
#8978 = ORIENTED_EDGE('',*,*,#8972,.F.);
#8979 = CYLINDRICAL_SURFACE('',#8980,0.4445);
#8980 = AXIS2_PLACEMENT_3D('',#8981,#8982,#8983);
#8981 = CARTESIAN_POINT('',(175.5,-69.58,-4.6E-02));
#8982 = DIRECTION('',(-0.,-0.,-1.));
#8983 = DIRECTION('',(-0.,-1.,0.));
#8984 = ADVANCED_FACE('',(#8985),#8996,.F.);
#8985 = FACE_BOUND('',#8986,.T.);
#8986 = EDGE_LOOP('',(#8987,#8988,#8994,#8995));
#8987 = ORIENTED_EDGE('',*,*,#7536,.T.);
#8988 = ORIENTED_EDGE('',*,*,#8989,.T.);
#8989 = EDGE_CURVE('',#7537,#8117,#8990,.T.);
#8990 = LINE('',#8991,#8992);
#8991 = CARTESIAN_POINT('',(197.7,-77.5,-4.6E-02));
#8992 = VECTOR('',#8993,1.);
#8993 = DIRECTION('',(0.,0.,1.));
#8994 = ORIENTED_EDGE('',*,*,#8116,.F.);
#8995 = ORIENTED_EDGE('',*,*,#8989,.F.);
#8996 = CYLINDRICAL_SURFACE('',#8997,0.5);
#8997 = AXIS2_PLACEMENT_3D('',#8998,#8999,#9000);
#8998 = CARTESIAN_POINT('',(197.7,-77.,-4.6E-02));
#8999 = DIRECTION('',(-0.,-0.,-1.));
#9000 = DIRECTION('',(-0.,-1.,0.));
#9001 = ADVANCED_FACE('',(#9002),#9013,.F.);
#9002 = FACE_BOUND('',#9003,.T.);
#9003 = EDGE_LOOP('',(#9004,#9005,#9011,#9012));
#9004 = ORIENTED_EDGE('',*,*,#7547,.T.);
#9005 = ORIENTED_EDGE('',*,*,#9006,.T.);
#9006 = EDGE_CURVE('',#7548,#8128,#9007,.T.);
#9007 = LINE('',#9008,#9009);
#9008 = CARTESIAN_POINT('',(205.3,-77.5,-4.6E-02));
#9009 = VECTOR('',#9010,1.);
#9010 = DIRECTION('',(0.,0.,1.));
#9011 = ORIENTED_EDGE('',*,*,#8127,.F.);
#9012 = ORIENTED_EDGE('',*,*,#9006,.F.);
#9013 = CYLINDRICAL_SURFACE('',#9014,0.5);
#9014 = AXIS2_PLACEMENT_3D('',#9015,#9016,#9017);
#9015 = CARTESIAN_POINT('',(205.3,-77.,-4.6E-02));
#9016 = DIRECTION('',(-0.,-0.,-1.));
#9017 = DIRECTION('',(-0.,-1.,0.));
#9018 = ADVANCED_FACE('',(#9019),#9030,.F.);
#9019 = FACE_BOUND('',#9020,.T.);
#9020 = EDGE_LOOP('',(#9021,#9022,#9028,#9029));
#9021 = ORIENTED_EDGE('',*,*,#7558,.T.);
#9022 = ORIENTED_EDGE('',*,*,#9023,.T.);
#9023 = EDGE_CURVE('',#7559,#8139,#9024,.T.);
#9024 = LINE('',#9025,#9026);
#9025 = CARTESIAN_POINT('',(175.5,-67.4845,-4.6E-02));
#9026 = VECTOR('',#9027,1.);
#9027 = DIRECTION('',(0.,0.,1.));
#9028 = ORIENTED_EDGE('',*,*,#8138,.F.);
#9029 = ORIENTED_EDGE('',*,*,#9023,.F.);
#9030 = CYLINDRICAL_SURFACE('',#9031,0.4445);
#9031 = AXIS2_PLACEMENT_3D('',#9032,#9033,#9034);
#9032 = CARTESIAN_POINT('',(175.5,-67.04,-4.6E-02));
#9033 = DIRECTION('',(-0.,-0.,-1.));
#9034 = DIRECTION('',(-0.,-1.,0.));
#9035 = ADVANCED_FACE('',(#9036),#9047,.F.);
#9036 = FACE_BOUND('',#9037,.T.);
#9037 = EDGE_LOOP('',(#9038,#9039,#9045,#9046));
#9038 = ORIENTED_EDGE('',*,*,#7569,.T.);
#9039 = ORIENTED_EDGE('',*,*,#9040,.T.);
#9040 = EDGE_CURVE('',#7570,#8150,#9041,.T.);
#9041 = LINE('',#9042,#9043);
#9042 = CARTESIAN_POINT('',(175.5,-64.9445,-4.6E-02));
#9043 = VECTOR('',#9044,1.);
#9044 = DIRECTION('',(0.,0.,1.));
#9045 = ORIENTED_EDGE('',*,*,#8149,.F.);
#9046 = ORIENTED_EDGE('',*,*,#9040,.F.);
#9047 = CYLINDRICAL_SURFACE('',#9048,0.4445);
#9048 = AXIS2_PLACEMENT_3D('',#9049,#9050,#9051);
#9049 = CARTESIAN_POINT('',(175.5,-64.5,-4.6E-02));
#9050 = DIRECTION('',(-0.,-0.,-1.));
#9051 = DIRECTION('',(-0.,-1.,0.));
#9052 = ADVANCED_FACE('',(#9053),#9064,.F.);
#9053 = FACE_BOUND('',#9054,.T.);
#9054 = EDGE_LOOP('',(#9055,#9056,#9062,#9063));
#9055 = ORIENTED_EDGE('',*,*,#7580,.T.);
#9056 = ORIENTED_EDGE('',*,*,#9057,.T.);
#9057 = EDGE_CURVE('',#7581,#8161,#9058,.T.);
#9058 = LINE('',#9059,#9060);
#9059 = CARTESIAN_POINT('',(214.,-58.1,-4.6E-02));
#9060 = VECTOR('',#9061,1.);
#9061 = DIRECTION('',(0.,0.,1.));
#9062 = ORIENTED_EDGE('',*,*,#8160,.F.);
#9063 = ORIENTED_EDGE('',*,*,#9057,.F.);
#9064 = CYLINDRICAL_SURFACE('',#9065,1.6);
#9065 = AXIS2_PLACEMENT_3D('',#9066,#9067,#9068);
#9066 = CARTESIAN_POINT('',(214.,-56.5,-4.6E-02));
#9067 = DIRECTION('',(-0.,-0.,-1.));
#9068 = DIRECTION('',(-0.,-1.,0.));
#9069 = ( GEOMETRIC_REPRESENTATION_CONTEXT(3) 
GLOBAL_UNCERTAINTY_ASSIGNED_CONTEXT((#9073)) 
GLOBAL_UNIT_ASSIGNED_CONTEXT((#9070,#9071,#9072)) REPRESENTATION_CONTEXT
('Context #1','3D Context with UNIT and UNCERTAINTY') );
#9070 = ( LENGTH_UNIT() NAMED_UNIT(*) SI_UNIT(.MILLI.,.METRE.) );
#9071 = ( NAMED_UNIT(*) PLANE_ANGLE_UNIT() SI_UNIT($,.RADIAN.) );
#9072 = ( NAMED_UNIT(*) SI_UNIT($,.STERADIAN.) SOLID_ANGLE_UNIT() );
#9073 = UNCERTAINTY_MEASURE_WITH_UNIT(LENGTH_MEASURE(1.E-07),#9070,
  'distance_accuracy_value','confusion accuracy');
#9074 = CONTEXT_DEPENDENT_SHAPE_REPRESENTATION(#9075,#9077);
#9075 = ( REPRESENTATION_RELATIONSHIP('','',#6906,#10) 
REPRESENTATION_RELATIONSHIP_WITH_TRANSFORMATION(#9076) 
SHAPE_REPRESENTATION_RELATIONSHIP() );
#9076 = ITEM_DEFINED_TRANSFORMATION('','',#11,#23);
#9077 = PRODUCT_DEFINITION_SHAPE('Placement','Placement of an item',
  #9078);
#9078 = NEXT_ASSEMBLY_USAGE_OCCURRENCE('5','=>[0:1:1:6]','',#5,#6901,$);
#9079 = PRODUCT_RELATED_PRODUCT_CATEGORY('part',$,(#6903));
#9080 = MECHANICAL_DESIGN_GEOMETRIC_PRESENTATION_REPRESENTATION('',(
    #9081,#9089,#9096,#9103,#9110,#9117,#9125,#9132,#9139,#9146,#9153,
    #9161,#9168),#6888);
#9081 = STYLED_ITEM('color',(#9082),#6598);
#9082 = PRESENTATION_STYLE_ASSIGNMENT((#9083));
#9083 = SURFACE_STYLE_USAGE(.BOTH.,#9084);
#9084 = SURFACE_SIDE_STYLE('',(#9085));
#9085 = SURFACE_STYLE_FILL_AREA(#9086);
#9086 = FILL_AREA_STYLE('',(#9087));
#9087 = FILL_AREA_STYLE_COLOUR('',#9088);
#9088 = COLOUR_RGB('',0.147999998088,0.145000001626,0.145000001626);
#9089 = STYLED_ITEM('color',(#9090),#6631);
#9090 = PRESENTATION_STYLE_ASSIGNMENT((#9091));
#9091 = SURFACE_STYLE_USAGE(.BOTH.,#9092);
#9092 = SURFACE_SIDE_STYLE('',(#9093));
#9093 = SURFACE_STYLE_FILL_AREA(#9094);
#9094 = FILL_AREA_STYLE('',(#9095));
#9095 = FILL_AREA_STYLE_COLOUR('',#9088);
#9096 = STYLED_ITEM('color',(#9097),#6657);
#9097 = PRESENTATION_STYLE_ASSIGNMENT((#9098));
#9098 = SURFACE_STYLE_USAGE(.BOTH.,#9099);
#9099 = SURFACE_SIDE_STYLE('',(#9100));
#9100 = SURFACE_STYLE_FILL_AREA(#9101);
#9101 = FILL_AREA_STYLE('',(#9102));
#9102 = FILL_AREA_STYLE_COLOUR('',#9088);
#9103 = STYLED_ITEM('color',(#9104),#6683);
#9104 = PRESENTATION_STYLE_ASSIGNMENT((#9105));
#9105 = SURFACE_STYLE_USAGE(.BOTH.,#9106);
#9106 = SURFACE_SIDE_STYLE('',(#9107));
#9107 = SURFACE_STYLE_FILL_AREA(#9108);
#9108 = FILL_AREA_STYLE('',(#9109));
#9109 = FILL_AREA_STYLE_COLOUR('',#9088);
#9110 = STYLED_ITEM('color',(#9111),#6714);
#9111 = PRESENTATION_STYLE_ASSIGNMENT((#9112));
#9112 = SURFACE_STYLE_USAGE(.BOTH.,#9113);
#9113 = SURFACE_SIDE_STYLE('',(#9114));
#9114 = SURFACE_STYLE_FILL_AREA(#9115);
#9115 = FILL_AREA_STYLE('',(#9116));
#9116 = FILL_AREA_STYLE_COLOUR('',#9088);
#9117 = STYLED_ITEM('color',(#9118),#6734);
#9118 = PRESENTATION_STYLE_ASSIGNMENT((#9119));
#9119 = SURFACE_STYLE_USAGE(.BOTH.,#9120);
#9120 = SURFACE_SIDE_STYLE('',(#9121));
#9121 = SURFACE_STYLE_FILL_AREA(#9122);
#9122 = FILL_AREA_STYLE('',(#9123));
#9123 = FILL_AREA_STYLE_COLOUR('',#9124);
#9124 = COLOUR_RGB('',0.823999987314,0.819999987296,0.781000009244);
#9125 = STYLED_ITEM('color',(#9126),#6759);
#9126 = PRESENTATION_STYLE_ASSIGNMENT((#9127));
#9127 = SURFACE_STYLE_USAGE(.BOTH.,#9128);
#9128 = SURFACE_SIDE_STYLE('',(#9129));
#9129 = SURFACE_STYLE_FILL_AREA(#9130);
#9130 = FILL_AREA_STYLE('',(#9131));
#9131 = FILL_AREA_STYLE_COLOUR('',#9124);
#9132 = STYLED_ITEM('color',(#9133),#6784);
#9133 = PRESENTATION_STYLE_ASSIGNMENT((#9134));
#9134 = SURFACE_STYLE_USAGE(.BOTH.,#9135);
#9135 = SURFACE_SIDE_STYLE('',(#9136));
#9136 = SURFACE_STYLE_FILL_AREA(#9137);
#9137 = FILL_AREA_STYLE('',(#9138));
#9138 = FILL_AREA_STYLE_COLOUR('',#9088);
#9139 = STYLED_ITEM('color',(#9140),#6809);
#9140 = PRESENTATION_STYLE_ASSIGNMENT((#9141));
#9141 = SURFACE_STYLE_USAGE(.BOTH.,#9142);
#9142 = SURFACE_SIDE_STYLE('',(#9143));
#9143 = SURFACE_STYLE_FILL_AREA(#9144);
#9144 = FILL_AREA_STYLE('',(#9145));
#9145 = FILL_AREA_STYLE_COLOUR('',#9124);
#9146 = STYLED_ITEM('color',(#9147),#6835);
#9147 = PRESENTATION_STYLE_ASSIGNMENT((#9148));
#9148 = SURFACE_STYLE_USAGE(.BOTH.,#9149);
#9149 = SURFACE_SIDE_STYLE('',(#9150));
#9150 = SURFACE_STYLE_FILL_AREA(#9151);
#9151 = FILL_AREA_STYLE('',(#9152));
#9152 = FILL_AREA_STYLE_COLOUR('',#9124);
#9153 = STYLED_ITEM('color',(#9154),#6861);
#9154 = PRESENTATION_STYLE_ASSIGNMENT((#9155));
#9155 = SURFACE_STYLE_USAGE(.BOTH.,#9156);
#9156 = SURFACE_SIDE_STYLE('',(#9157));
#9157 = SURFACE_STYLE_FILL_AREA(#9158);
#9158 = FILL_AREA_STYLE('',(#9159));
#9159 = FILL_AREA_STYLE_COLOUR('',#9160);
#9160 = COLOUR_RGB('',0.809000013735,0.426000008053,0.147999998088);
#9161 = STYLED_ITEM('color',(#9162),#6870);
#9162 = PRESENTATION_STYLE_ASSIGNMENT((#9163));
#9163 = SURFACE_STYLE_USAGE(.BOTH.,#9164);
#9164 = SURFACE_SIDE_STYLE('',(#9165));
#9165 = SURFACE_STYLE_FILL_AREA(#9166);
#9166 = FILL_AREA_STYLE('',(#9167));
#9167 = FILL_AREA_STYLE_COLOUR('',#9124);
#9168 = STYLED_ITEM('color',(#9169),#6879);
#9169 = PRESENTATION_STYLE_ASSIGNMENT((#9170));
#9170 = SURFACE_STYLE_USAGE(.BOTH.,#9171);
#9171 = SURFACE_SIDE_STYLE('',(#9172));
#9172 = SURFACE_STYLE_FILL_AREA(#9173);
#9173 = FILL_AREA_STYLE('',(#9174));
#9174 = FILL_AREA_STYLE_COLOUR('',#9124);
#9175 = MECHANICAL_DESIGN_GEOMETRIC_PRESENTATION_REPRESENTATION('',(
    #9176),#9069);
#9176 = STYLED_ITEM('color',(#9177),#6907);
#9177 = PRESENTATION_STYLE_ASSIGNMENT((#9178));
#9178 = SURFACE_STYLE_USAGE(.BOTH.,#9179);
#9179 = SURFACE_SIDE_STYLE('',(#9180));
#9180 = SURFACE_STYLE_FILL_AREA(#9181);
#9181 = FILL_AREA_STYLE('',(#9182));
#9182 = FILL_AREA_STYLE_COLOUR('',#9183);
#9183 = COLOUR_RGB('',0.313304153717,0.484529207832,0.410020903123);
#9184 = MECHANICAL_DESIGN_GEOMETRIC_PRESENTATION_REPRESENTATION('',(
    #9185,#9194,#9203,#9212,#9221,#9230,#9239,#9248,#9257,#9267,#9276,
    #9285,#9294,#9303,#9312,#9321,#9330,#9339,#9348,#9357,#9366,#9375,
    #9384,#9393,#9402,#9411,#9420,#9429,#9438,#9447,#9456,#9465,#9474,
    #9483,#9492,#9501,#9510,#9519,#9528,#9537,#9546,#9555,#9564,#9573,
    #9582,#9591,#9600,#9609,#9618,#9627,#9636,#9645,#9654,#9663,#9672,
    #9681,#9690,#9699,#9708,#9717,#9726,#9735,#9744,#9753,#9762,#9771,
    #9780,#9789,#9798,#9807,#9816,#9825,#9834,#9843,#9852,#9861,#9870,
    #9879,#9888,#9897,#9906,#9915,#9924,#9933,#9942,#9951,#9960,#9969,
    #9978,#9987,#9996,#10005,#10014,#10023,#10032,#10041,#10050,#10059,
    #10068,#10077,#10086,#10095,#10104,#10113,#10122,#10131,#10140,
    #10149,#10158,#10167,#10176,#10185,#10194,#10203,#10212,#10221,
    #10230,#10239,#10248,#10257,#10266,#10275,#10284,#10293,#10302,
    #10311,#10320,#10329,#10338,#10347,#10356,#10365,#10374,#10383,
    #10392,#10401,#10410,#10419,#10428,#10437,#10446,#10455,#10464,
    #10473,#10482,#10491,#10500,#10509,#10518,#10527,#10536,#10545,
    #10554,#10563,#10572,#10581,#10590,#10599,#10608,#10617,#10626,
    #10635,#10644,#10653,#10662,#10671,#10680,#10689,#10698,#10707,
    #10716,#10725,#10734,#10743,#10752,#10761,#10770,#10779,#10788,
    #10797,#10806,#10815,#10824,#10833,#10842,#10851,#10860,#10869,
    #10878,#10887,#10896,#10905,#10914,#10923,#10932,#10941,#10950,
    #10959,#10968,#10977,#10986,#10995,#11004,#11013,#11022,#11031,
    #11040,#11049,#11058,#11067,#11076,#11085,#11094,#11103,#11112,
    #11121,#11130,#11139,#11148,#11157,#11166,#11175,#11184,#11193,
    #11202,#11211,#11220,#11229,#11238,#11247,#11256,#11265,#11274,
    #11283,#11292,#11301,#11310,#11319,#11328,#11337,#11346,#11355,
    #11364,#11373,#11382,#11391,#11400,#11409,#11418,#11427,#11436,
    #11445,#11454,#11463,#11472,#11481,#11490,#11499,#11508,#11517,
    #11526,#11535,#11544,#11553,#11562,#11571,#11580,#11589,#11598,
    #11607,#11616,#11625,#11634,#11643,#11652,#11661,#11670,#11679,
    #11688,#11697,#11706,#11715),#6554);
#9185 = STYLED_ITEM('color',(#9186),#66);
#9186 = PRESENTATION_STYLE_ASSIGNMENT((#9187,#9192));
#9187 = SURFACE_STYLE_USAGE(.BOTH.,#9188);
#9188 = SURFACE_SIDE_STYLE('',(#9189));
#9189 = SURFACE_STYLE_FILL_AREA(#9190);
#9190 = FILL_AREA_STYLE('',(#9191));
#9191 = FILL_AREA_STYLE_COLOUR('',#9088);
#9192 = CURVE_STYLE('',#9193,POSITIVE_LENGTH_MEASURE(0.1),#9088);
#9193 = DRAUGHTING_PRE_DEFINED_CURVE_FONT('continuous');
#9194 = STYLED_ITEM('color',(#9195),#106);
#9195 = PRESENTATION_STYLE_ASSIGNMENT((#9196,#9201));
#9196 = SURFACE_STYLE_USAGE(.BOTH.,#9197);
#9197 = SURFACE_SIDE_STYLE('',(#9198));
#9198 = SURFACE_STYLE_FILL_AREA(#9199);
#9199 = FILL_AREA_STYLE('',(#9200));
#9200 = FILL_AREA_STYLE_COLOUR('',#9088);
#9201 = CURVE_STYLE('',#9202,POSITIVE_LENGTH_MEASURE(0.1),#9088);
#9202 = DRAUGHTING_PRE_DEFINED_CURVE_FONT('continuous');
#9203 = STYLED_ITEM('color',(#9204),#169);
#9204 = PRESENTATION_STYLE_ASSIGNMENT((#9205,#9210));
#9205 = SURFACE_STYLE_USAGE(.BOTH.,#9206);
#9206 = SURFACE_SIDE_STYLE('',(#9207));
#9207 = SURFACE_STYLE_FILL_AREA(#9208);
#9208 = FILL_AREA_STYLE('',(#9209));
#9209 = FILL_AREA_STYLE_COLOUR('',#9088);
#9210 = CURVE_STYLE('',#9211,POSITIVE_LENGTH_MEASURE(0.1),#9088);
#9211 = DRAUGHTING_PRE_DEFINED_CURVE_FONT('continuous');
#9212 = STYLED_ITEM('color',(#9213),#232);
#9213 = PRESENTATION_STYLE_ASSIGNMENT((#9214,#9219));
#9214 = SURFACE_STYLE_USAGE(.BOTH.,#9215);
#9215 = SURFACE_SIDE_STYLE('',(#9216));
#9216 = SURFACE_STYLE_FILL_AREA(#9217);
#9217 = FILL_AREA_STYLE('',(#9218));
#9218 = FILL_AREA_STYLE_COLOUR('',#9088);
#9219 = CURVE_STYLE('',#9220,POSITIVE_LENGTH_MEASURE(0.1),#9088);
#9220 = DRAUGHTING_PRE_DEFINED_CURVE_FONT('continuous');
#9221 = STYLED_ITEM('color',(#9222),#249);
#9222 = PRESENTATION_STYLE_ASSIGNMENT((#9223,#9228));
#9223 = SURFACE_STYLE_USAGE(.BOTH.,#9224);
#9224 = SURFACE_SIDE_STYLE('',(#9225));
#9225 = SURFACE_STYLE_FILL_AREA(#9226);
#9226 = FILL_AREA_STYLE('',(#9227));
#9227 = FILL_AREA_STYLE_COLOUR('',#9088);
#9228 = CURVE_STYLE('',#9229,POSITIVE_LENGTH_MEASURE(0.1),#9088);
#9229 = DRAUGHTING_PRE_DEFINED_CURVE_FONT('continuous');
#9230 = STYLED_ITEM('color',(#9231),#538);
#9231 = PRESENTATION_STYLE_ASSIGNMENT((#9232,#9237));
#9232 = SURFACE_STYLE_USAGE(.BOTH.,#9233);
#9233 = SURFACE_SIDE_STYLE('',(#9234));
#9234 = SURFACE_STYLE_FILL_AREA(#9235);
#9235 = FILL_AREA_STYLE('',(#9236));
#9236 = FILL_AREA_STYLE_COLOUR('',#9088);
#9237 = CURVE_STYLE('',#9238,POSITIVE_LENGTH_MEASURE(0.1),#9088);
#9238 = DRAUGHTING_PRE_DEFINED_CURVE_FONT('continuous');
#9239 = STYLED_ITEM('color',(#9240),#560);
#9240 = PRESENTATION_STYLE_ASSIGNMENT((#9241,#9246));
#9241 = SURFACE_STYLE_USAGE(.BOTH.,#9242);
#9242 = SURFACE_SIDE_STYLE('',(#9243));
#9243 = SURFACE_STYLE_FILL_AREA(#9244);
#9244 = FILL_AREA_STYLE('',(#9245));
#9245 = FILL_AREA_STYLE_COLOUR('',#9088);
#9246 = CURVE_STYLE('',#9247,POSITIVE_LENGTH_MEASURE(0.1),#9088);
#9247 = DRAUGHTING_PRE_DEFINED_CURVE_FONT('continuous');
#9248 = STYLED_ITEM('color',(#9249),#577);
#9249 = PRESENTATION_STYLE_ASSIGNMENT((#9250,#9255));
#9250 = SURFACE_STYLE_USAGE(.BOTH.,#9251);
#9251 = SURFACE_SIDE_STYLE('',(#9252));
#9252 = SURFACE_STYLE_FILL_AREA(#9253);
#9253 = FILL_AREA_STYLE('',(#9254));
#9254 = FILL_AREA_STYLE_COLOUR('',#9088);
#9255 = CURVE_STYLE('',#9256,POSITIVE_LENGTH_MEASURE(0.1),#9088);
#9256 = DRAUGHTING_PRE_DEFINED_CURVE_FONT('continuous');
#9257 = OVER_RIDING_STYLED_ITEM('overriding color',(#9258),#610,#9248);
#9258 = PRESENTATION_STYLE_ASSIGNMENT((#9259,#9265));
#9259 = SURFACE_STYLE_USAGE(.BOTH.,#9260);
#9260 = SURFACE_SIDE_STYLE('',(#9261));
#9261 = SURFACE_STYLE_FILL_AREA(#9262);
#9262 = FILL_AREA_STYLE('',(#9263));
#9263 = FILL_AREA_STYLE_COLOUR('',#9264);
#9264 = COLOUR_RGB('',0.858999988747,0.738000004258,0.496000005009);
#9265 = CURVE_STYLE('',#9266,POSITIVE_LENGTH_MEASURE(0.1),#9264);
#9266 = DRAUGHTING_PRE_DEFINED_CURVE_FONT('continuous');
#9267 = OVER_RIDING_STYLED_ITEM('overriding color',(#9268),#642,#9248);
#9268 = PRESENTATION_STYLE_ASSIGNMENT((#9269,#9274));
#9269 = SURFACE_STYLE_USAGE(.BOTH.,#9270);
#9270 = SURFACE_SIDE_STYLE('',(#9271));
#9271 = SURFACE_STYLE_FILL_AREA(#9272);
#9272 = FILL_AREA_STYLE('',(#9273));
#9273 = FILL_AREA_STYLE_COLOUR('',#9264);
#9274 = CURVE_STYLE('',#9275,POSITIVE_LENGTH_MEASURE(0.1),#9264);
#9275 = DRAUGHTING_PRE_DEFINED_CURVE_FONT('continuous');
#9276 = OVER_RIDING_STYLED_ITEM('overriding color',(#9277),#676,#9248);
#9277 = PRESENTATION_STYLE_ASSIGNMENT((#9278,#9283));
#9278 = SURFACE_STYLE_USAGE(.BOTH.,#9279);
#9279 = SURFACE_SIDE_STYLE('',(#9280));
#9280 = SURFACE_STYLE_FILL_AREA(#9281);
#9281 = FILL_AREA_STYLE('',(#9282));
#9282 = FILL_AREA_STYLE_COLOUR('',#9264);
#9283 = CURVE_STYLE('',#9284,POSITIVE_LENGTH_MEASURE(0.1),#9264);
#9284 = DRAUGHTING_PRE_DEFINED_CURVE_FONT('continuous');
#9285 = OVER_RIDING_STYLED_ITEM('overriding color',(#9286),#708,#9248);
#9286 = PRESENTATION_STYLE_ASSIGNMENT((#9287,#9292));
#9287 = SURFACE_STYLE_USAGE(.BOTH.,#9288);
#9288 = SURFACE_SIDE_STYLE('',(#9289));
#9289 = SURFACE_STYLE_FILL_AREA(#9290);
#9290 = FILL_AREA_STYLE('',(#9291));
#9291 = FILL_AREA_STYLE_COLOUR('',#9264);
#9292 = CURVE_STYLE('',#9293,POSITIVE_LENGTH_MEASURE(0.1),#9264);
#9293 = DRAUGHTING_PRE_DEFINED_CURVE_FONT('continuous');
#9294 = OVER_RIDING_STYLED_ITEM('overriding color',(#9295),#742,#9248);
#9295 = PRESENTATION_STYLE_ASSIGNMENT((#9296,#9301));
#9296 = SURFACE_STYLE_USAGE(.BOTH.,#9297);
#9297 = SURFACE_SIDE_STYLE('',(#9298));
#9298 = SURFACE_STYLE_FILL_AREA(#9299);
#9299 = FILL_AREA_STYLE('',(#9300));
#9300 = FILL_AREA_STYLE_COLOUR('',#9264);
#9301 = CURVE_STYLE('',#9302,POSITIVE_LENGTH_MEASURE(0.1),#9264);
#9302 = DRAUGHTING_PRE_DEFINED_CURVE_FONT('continuous');
#9303 = OVER_RIDING_STYLED_ITEM('overriding color',(#9304),#774,#9248);
#9304 = PRESENTATION_STYLE_ASSIGNMENT((#9305,#9310));
#9305 = SURFACE_STYLE_USAGE(.BOTH.,#9306);
#9306 = SURFACE_SIDE_STYLE('',(#9307));
#9307 = SURFACE_STYLE_FILL_AREA(#9308);
#9308 = FILL_AREA_STYLE('',(#9309));
#9309 = FILL_AREA_STYLE_COLOUR('',#9264);
#9310 = CURVE_STYLE('',#9311,POSITIVE_LENGTH_MEASURE(0.1),#9264);
#9311 = DRAUGHTING_PRE_DEFINED_CURVE_FONT('continuous');
#9312 = OVER_RIDING_STYLED_ITEM('overriding color',(#9313),#808,#9248);
#9313 = PRESENTATION_STYLE_ASSIGNMENT((#9314,#9319));
#9314 = SURFACE_STYLE_USAGE(.BOTH.,#9315);
#9315 = SURFACE_SIDE_STYLE('',(#9316));
#9316 = SURFACE_STYLE_FILL_AREA(#9317);
#9317 = FILL_AREA_STYLE('',(#9318));
#9318 = FILL_AREA_STYLE_COLOUR('',#9264);
#9319 = CURVE_STYLE('',#9320,POSITIVE_LENGTH_MEASURE(0.1),#9264);
#9320 = DRAUGHTING_PRE_DEFINED_CURVE_FONT('continuous');
#9321 = OVER_RIDING_STYLED_ITEM('overriding color',(#9322),#840,#9248);
#9322 = PRESENTATION_STYLE_ASSIGNMENT((#9323,#9328));
#9323 = SURFACE_STYLE_USAGE(.BOTH.,#9324);
#9324 = SURFACE_SIDE_STYLE('',(#9325));
#9325 = SURFACE_STYLE_FILL_AREA(#9326);
#9326 = FILL_AREA_STYLE('',(#9327));
#9327 = FILL_AREA_STYLE_COLOUR('',#9264);
#9328 = CURVE_STYLE('',#9329,POSITIVE_LENGTH_MEASURE(0.1),#9264);
#9329 = DRAUGHTING_PRE_DEFINED_CURVE_FONT('continuous');
#9330 = OVER_RIDING_STYLED_ITEM('overriding color',(#9331),#874,#9248);
#9331 = PRESENTATION_STYLE_ASSIGNMENT((#9332,#9337));
#9332 = SURFACE_STYLE_USAGE(.BOTH.,#9333);
#9333 = SURFACE_SIDE_STYLE('',(#9334));
#9334 = SURFACE_STYLE_FILL_AREA(#9335);
#9335 = FILL_AREA_STYLE('',(#9336));
#9336 = FILL_AREA_STYLE_COLOUR('',#9264);
#9337 = CURVE_STYLE('',#9338,POSITIVE_LENGTH_MEASURE(0.1),#9264);
#9338 = DRAUGHTING_PRE_DEFINED_CURVE_FONT('continuous');
#9339 = OVER_RIDING_STYLED_ITEM('overriding color',(#9340),#906,#9248);
#9340 = PRESENTATION_STYLE_ASSIGNMENT((#9341,#9346));
#9341 = SURFACE_STYLE_USAGE(.BOTH.,#9342);
#9342 = SURFACE_SIDE_STYLE('',(#9343));
#9343 = SURFACE_STYLE_FILL_AREA(#9344);
#9344 = FILL_AREA_STYLE('',(#9345));
#9345 = FILL_AREA_STYLE_COLOUR('',#9264);
#9346 = CURVE_STYLE('',#9347,POSITIVE_LENGTH_MEASURE(0.1),#9264);
#9347 = DRAUGHTING_PRE_DEFINED_CURVE_FONT('continuous');
#9348 = OVER_RIDING_STYLED_ITEM('overriding color',(#9349),#940,#9248);
#9349 = PRESENTATION_STYLE_ASSIGNMENT((#9350,#9355));
#9350 = SURFACE_STYLE_USAGE(.BOTH.,#9351);
#9351 = SURFACE_SIDE_STYLE('',(#9352));
#9352 = SURFACE_STYLE_FILL_AREA(#9353);
#9353 = FILL_AREA_STYLE('',(#9354));
#9354 = FILL_AREA_STYLE_COLOUR('',#9264);
#9355 = CURVE_STYLE('',#9356,POSITIVE_LENGTH_MEASURE(0.1),#9264);
#9356 = DRAUGHTING_PRE_DEFINED_CURVE_FONT('continuous');
#9357 = OVER_RIDING_STYLED_ITEM('overriding color',(#9358),#972,#9248);
#9358 = PRESENTATION_STYLE_ASSIGNMENT((#9359,#9364));
#9359 = SURFACE_STYLE_USAGE(.BOTH.,#9360);
#9360 = SURFACE_SIDE_STYLE('',(#9361));
#9361 = SURFACE_STYLE_FILL_AREA(#9362);
#9362 = FILL_AREA_STYLE('',(#9363));
#9363 = FILL_AREA_STYLE_COLOUR('',#9264);
#9364 = CURVE_STYLE('',#9365,POSITIVE_LENGTH_MEASURE(0.1),#9264);
#9365 = DRAUGHTING_PRE_DEFINED_CURVE_FONT('continuous');
#9366 = OVER_RIDING_STYLED_ITEM('overriding color',(#9367),#1006,#9248);
#9367 = PRESENTATION_STYLE_ASSIGNMENT((#9368,#9373));
#9368 = SURFACE_STYLE_USAGE(.BOTH.,#9369);
#9369 = SURFACE_SIDE_STYLE('',(#9370));
#9370 = SURFACE_STYLE_FILL_AREA(#9371);
#9371 = FILL_AREA_STYLE('',(#9372));
#9372 = FILL_AREA_STYLE_COLOUR('',#9264);
#9373 = CURVE_STYLE('',#9374,POSITIVE_LENGTH_MEASURE(0.1),#9264);
#9374 = DRAUGHTING_PRE_DEFINED_CURVE_FONT('continuous');
#9375 = OVER_RIDING_STYLED_ITEM('overriding color',(#9376),#1038,#9248);
#9376 = PRESENTATION_STYLE_ASSIGNMENT((#9377,#9382));
#9377 = SURFACE_STYLE_USAGE(.BOTH.,#9378);
#9378 = SURFACE_SIDE_STYLE('',(#9379));
#9379 = SURFACE_STYLE_FILL_AREA(#9380);
#9380 = FILL_AREA_STYLE('',(#9381));
#9381 = FILL_AREA_STYLE_COLOUR('',#9264);
#9382 = CURVE_STYLE('',#9383,POSITIVE_LENGTH_MEASURE(0.1),#9264);
#9383 = DRAUGHTING_PRE_DEFINED_CURVE_FONT('continuous');
#9384 = OVER_RIDING_STYLED_ITEM('overriding color',(#9385),#1072,#9248);
#9385 = PRESENTATION_STYLE_ASSIGNMENT((#9386,#9391));
#9386 = SURFACE_STYLE_USAGE(.BOTH.,#9387);
#9387 = SURFACE_SIDE_STYLE('',(#9388));
#9388 = SURFACE_STYLE_FILL_AREA(#9389);
#9389 = FILL_AREA_STYLE('',(#9390));
#9390 = FILL_AREA_STYLE_COLOUR('',#9264);
#9391 = CURVE_STYLE('',#9392,POSITIVE_LENGTH_MEASURE(0.1),#9264);
#9392 = DRAUGHTING_PRE_DEFINED_CURVE_FONT('continuous');
#9393 = OVER_RIDING_STYLED_ITEM('overriding color',(#9394),#1104,#9248);
#9394 = PRESENTATION_STYLE_ASSIGNMENT((#9395,#9400));
#9395 = SURFACE_STYLE_USAGE(.BOTH.,#9396);
#9396 = SURFACE_SIDE_STYLE('',(#9397));
#9397 = SURFACE_STYLE_FILL_AREA(#9398);
#9398 = FILL_AREA_STYLE('',(#9399));
#9399 = FILL_AREA_STYLE_COLOUR('',#9264);
#9400 = CURVE_STYLE('',#9401,POSITIVE_LENGTH_MEASURE(0.1),#9264);
#9401 = DRAUGHTING_PRE_DEFINED_CURVE_FONT('continuous');
#9402 = STYLED_ITEM('color',(#9403),#1122);
#9403 = PRESENTATION_STYLE_ASSIGNMENT((#9404,#9409));
#9404 = SURFACE_STYLE_USAGE(.BOTH.,#9405);
#9405 = SURFACE_SIDE_STYLE('',(#9406));
#9406 = SURFACE_STYLE_FILL_AREA(#9407);
#9407 = FILL_AREA_STYLE('',(#9408));
#9408 = FILL_AREA_STYLE_COLOUR('',#9088);
#9409 = CURVE_STYLE('',#9410,POSITIVE_LENGTH_MEASURE(0.1),#9088);
#9410 = DRAUGHTING_PRE_DEFINED_CURVE_FONT('continuous');
#9411 = STYLED_ITEM('color',(#9412),#1134);
#9412 = PRESENTATION_STYLE_ASSIGNMENT((#9413,#9418));
#9413 = SURFACE_STYLE_USAGE(.BOTH.,#9414);
#9414 = SURFACE_SIDE_STYLE('',(#9415));
#9415 = SURFACE_STYLE_FILL_AREA(#9416);
#9416 = FILL_AREA_STYLE('',(#9417));
#9417 = FILL_AREA_STYLE_COLOUR('',#9088);
#9418 = CURVE_STYLE('',#9419,POSITIVE_LENGTH_MEASURE(0.1),#9088);
#9419 = DRAUGHTING_PRE_DEFINED_CURVE_FONT('continuous');
#9420 = STYLED_ITEM('color',(#9421),#1146);
#9421 = PRESENTATION_STYLE_ASSIGNMENT((#9422,#9427));
#9422 = SURFACE_STYLE_USAGE(.BOTH.,#9423);
#9423 = SURFACE_SIDE_STYLE('',(#9424));
#9424 = SURFACE_STYLE_FILL_AREA(#9425);
#9425 = FILL_AREA_STYLE('',(#9426));
#9426 = FILL_AREA_STYLE_COLOUR('',#9088);
#9427 = CURVE_STYLE('',#9428,POSITIVE_LENGTH_MEASURE(0.1),#9088);
#9428 = DRAUGHTING_PRE_DEFINED_CURVE_FONT('continuous');
#9429 = STYLED_ITEM('color',(#9430),#1177);
#9430 = PRESENTATION_STYLE_ASSIGNMENT((#9431,#9436));
#9431 = SURFACE_STYLE_USAGE(.BOTH.,#9432);
#9432 = SURFACE_SIDE_STYLE('',(#9433));
#9433 = SURFACE_STYLE_FILL_AREA(#9434);
#9434 = FILL_AREA_STYLE('',(#9435));
#9435 = FILL_AREA_STYLE_COLOUR('',#9088);
#9436 = CURVE_STYLE('',#9437,POSITIVE_LENGTH_MEASURE(0.1),#9088);
#9437 = DRAUGHTING_PRE_DEFINED_CURVE_FONT('continuous');
#9438 = STYLED_ITEM('color',(#9439),#1201);
#9439 = PRESENTATION_STYLE_ASSIGNMENT((#9440,#9445));
#9440 = SURFACE_STYLE_USAGE(.BOTH.,#9441);
#9441 = SURFACE_SIDE_STYLE('',(#9442));
#9442 = SURFACE_STYLE_FILL_AREA(#9443);
#9443 = FILL_AREA_STYLE('',(#9444));
#9444 = FILL_AREA_STYLE_COLOUR('',#9088);
#9445 = CURVE_STYLE('',#9446,POSITIVE_LENGTH_MEASURE(0.1),#9088);
#9446 = DRAUGHTING_PRE_DEFINED_CURVE_FONT('continuous');
#9447 = STYLED_ITEM('color',(#9448),#1225);
#9448 = PRESENTATION_STYLE_ASSIGNMENT((#9449,#9454));
#9449 = SURFACE_STYLE_USAGE(.BOTH.,#9450);
#9450 = SURFACE_SIDE_STYLE('',(#9451));
#9451 = SURFACE_STYLE_FILL_AREA(#9452);
#9452 = FILL_AREA_STYLE('',(#9453));
#9453 = FILL_AREA_STYLE_COLOUR('',#9088);
#9454 = CURVE_STYLE('',#9455,POSITIVE_LENGTH_MEASURE(0.1),#9088);
#9455 = DRAUGHTING_PRE_DEFINED_CURVE_FONT('continuous');
#9456 = STYLED_ITEM('color',(#9457),#1242);
#9457 = PRESENTATION_STYLE_ASSIGNMENT((#9458,#9463));
#9458 = SURFACE_STYLE_USAGE(.BOTH.,#9459);
#9459 = SURFACE_SIDE_STYLE('',(#9460));
#9460 = SURFACE_STYLE_FILL_AREA(#9461);
#9461 = FILL_AREA_STYLE('',(#9462));
#9462 = FILL_AREA_STYLE_COLOUR('',#9088);
#9463 = CURVE_STYLE('',#9464,POSITIVE_LENGTH_MEASURE(0.1),#9088);
#9464 = DRAUGHTING_PRE_DEFINED_CURVE_FONT('continuous');
#9465 = STYLED_ITEM('color',(#9466),#1273);
#9466 = PRESENTATION_STYLE_ASSIGNMENT((#9467,#9472));
#9467 = SURFACE_STYLE_USAGE(.BOTH.,#9468);
#9468 = SURFACE_SIDE_STYLE('',(#9469));
#9469 = SURFACE_STYLE_FILL_AREA(#9470);
#9470 = FILL_AREA_STYLE('',(#9471));
#9471 = FILL_AREA_STYLE_COLOUR('',#9088);
#9472 = CURVE_STYLE('',#9473,POSITIVE_LENGTH_MEASURE(0.1),#9088);
#9473 = DRAUGHTING_PRE_DEFINED_CURVE_FONT('continuous');
#9474 = STYLED_ITEM('color',(#9475),#1297);
#9475 = PRESENTATION_STYLE_ASSIGNMENT((#9476,#9481));
#9476 = SURFACE_STYLE_USAGE(.BOTH.,#9477);
#9477 = SURFACE_SIDE_STYLE('',(#9478));
#9478 = SURFACE_STYLE_FILL_AREA(#9479);
#9479 = FILL_AREA_STYLE('',(#9480));
#9480 = FILL_AREA_STYLE_COLOUR('',#9088);
#9481 = CURVE_STYLE('',#9482,POSITIVE_LENGTH_MEASURE(0.1),#9088);
#9482 = DRAUGHTING_PRE_DEFINED_CURVE_FONT('continuous');
#9483 = STYLED_ITEM('color',(#9484),#1321);
#9484 = PRESENTATION_STYLE_ASSIGNMENT((#9485,#9490));
#9485 = SURFACE_STYLE_USAGE(.BOTH.,#9486);
#9486 = SURFACE_SIDE_STYLE('',(#9487));
#9487 = SURFACE_STYLE_FILL_AREA(#9488);
#9488 = FILL_AREA_STYLE('',(#9489));
#9489 = FILL_AREA_STYLE_COLOUR('',#9088);
#9490 = CURVE_STYLE('',#9491,POSITIVE_LENGTH_MEASURE(0.1),#9088);
#9491 = DRAUGHTING_PRE_DEFINED_CURVE_FONT('continuous');
#9492 = STYLED_ITEM('color',(#9493),#1338);
#9493 = PRESENTATION_STYLE_ASSIGNMENT((#9494,#9499));
#9494 = SURFACE_STYLE_USAGE(.BOTH.,#9495);
#9495 = SURFACE_SIDE_STYLE('',(#9496));
#9496 = SURFACE_STYLE_FILL_AREA(#9497);
#9497 = FILL_AREA_STYLE('',(#9498));
#9498 = FILL_AREA_STYLE_COLOUR('',#9088);
#9499 = CURVE_STYLE('',#9500,POSITIVE_LENGTH_MEASURE(0.1),#9088);
#9500 = DRAUGHTING_PRE_DEFINED_CURVE_FONT('continuous');
#9501 = STYLED_ITEM('color',(#9502),#1369);
#9502 = PRESENTATION_STYLE_ASSIGNMENT((#9503,#9508));
#9503 = SURFACE_STYLE_USAGE(.BOTH.,#9504);
#9504 = SURFACE_SIDE_STYLE('',(#9505));
#9505 = SURFACE_STYLE_FILL_AREA(#9506);
#9506 = FILL_AREA_STYLE('',(#9507));
#9507 = FILL_AREA_STYLE_COLOUR('',#9088);
#9508 = CURVE_STYLE('',#9509,POSITIVE_LENGTH_MEASURE(0.1),#9088);
#9509 = DRAUGHTING_PRE_DEFINED_CURVE_FONT('continuous');
#9510 = STYLED_ITEM('color',(#9511),#1393);
#9511 = PRESENTATION_STYLE_ASSIGNMENT((#9512,#9517));
#9512 = SURFACE_STYLE_USAGE(.BOTH.,#9513);
#9513 = SURFACE_SIDE_STYLE('',(#9514));
#9514 = SURFACE_STYLE_FILL_AREA(#9515);
#9515 = FILL_AREA_STYLE('',(#9516));
#9516 = FILL_AREA_STYLE_COLOUR('',#9088);
#9517 = CURVE_STYLE('',#9518,POSITIVE_LENGTH_MEASURE(0.1),#9088);
#9518 = DRAUGHTING_PRE_DEFINED_CURVE_FONT('continuous');
#9519 = STYLED_ITEM('color',(#9520),#1417);
#9520 = PRESENTATION_STYLE_ASSIGNMENT((#9521,#9526));
#9521 = SURFACE_STYLE_USAGE(.BOTH.,#9522);
#9522 = SURFACE_SIDE_STYLE('',(#9523));
#9523 = SURFACE_STYLE_FILL_AREA(#9524);
#9524 = FILL_AREA_STYLE('',(#9525));
#9525 = FILL_AREA_STYLE_COLOUR('',#9088);
#9526 = CURVE_STYLE('',#9527,POSITIVE_LENGTH_MEASURE(0.1),#9088);
#9527 = DRAUGHTING_PRE_DEFINED_CURVE_FONT('continuous');
#9528 = STYLED_ITEM('color',(#9529),#1434);
#9529 = PRESENTATION_STYLE_ASSIGNMENT((#9530,#9535));
#9530 = SURFACE_STYLE_USAGE(.BOTH.,#9531);
#9531 = SURFACE_SIDE_STYLE('',(#9532));
#9532 = SURFACE_STYLE_FILL_AREA(#9533);
#9533 = FILL_AREA_STYLE('',(#9534));
#9534 = FILL_AREA_STYLE_COLOUR('',#9088);
#9535 = CURVE_STYLE('',#9536,POSITIVE_LENGTH_MEASURE(0.1),#9088);
#9536 = DRAUGHTING_PRE_DEFINED_CURVE_FONT('continuous');
#9537 = STYLED_ITEM('color',(#9538),#1465);
#9538 = PRESENTATION_STYLE_ASSIGNMENT((#9539,#9544));
#9539 = SURFACE_STYLE_USAGE(.BOTH.,#9540);
#9540 = SURFACE_SIDE_STYLE('',(#9541));
#9541 = SURFACE_STYLE_FILL_AREA(#9542);
#9542 = FILL_AREA_STYLE('',(#9543));
#9543 = FILL_AREA_STYLE_COLOUR('',#9088);
#9544 = CURVE_STYLE('',#9545,POSITIVE_LENGTH_MEASURE(0.1),#9088);
#9545 = DRAUGHTING_PRE_DEFINED_CURVE_FONT('continuous');
#9546 = STYLED_ITEM('color',(#9547),#1489);
#9547 = PRESENTATION_STYLE_ASSIGNMENT((#9548,#9553));
#9548 = SURFACE_STYLE_USAGE(.BOTH.,#9549);
#9549 = SURFACE_SIDE_STYLE('',(#9550));
#9550 = SURFACE_STYLE_FILL_AREA(#9551);
#9551 = FILL_AREA_STYLE('',(#9552));
#9552 = FILL_AREA_STYLE_COLOUR('',#9088);
#9553 = CURVE_STYLE('',#9554,POSITIVE_LENGTH_MEASURE(0.1),#9088);
#9554 = DRAUGHTING_PRE_DEFINED_CURVE_FONT('continuous');
#9555 = STYLED_ITEM('color',(#9556),#1513);
#9556 = PRESENTATION_STYLE_ASSIGNMENT((#9557,#9562));
#9557 = SURFACE_STYLE_USAGE(.BOTH.,#9558);
#9558 = SURFACE_SIDE_STYLE('',(#9559));
#9559 = SURFACE_STYLE_FILL_AREA(#9560);
#9560 = FILL_AREA_STYLE('',(#9561));
#9561 = FILL_AREA_STYLE_COLOUR('',#9088);
#9562 = CURVE_STYLE('',#9563,POSITIVE_LENGTH_MEASURE(0.1),#9088);
#9563 = DRAUGHTING_PRE_DEFINED_CURVE_FONT('continuous');
#9564 = STYLED_ITEM('color',(#9565),#1530);
#9565 = PRESENTATION_STYLE_ASSIGNMENT((#9566,#9571));
#9566 = SURFACE_STYLE_USAGE(.BOTH.,#9567);
#9567 = SURFACE_SIDE_STYLE('',(#9568));
#9568 = SURFACE_STYLE_FILL_AREA(#9569);
#9569 = FILL_AREA_STYLE('',(#9570));
#9570 = FILL_AREA_STYLE_COLOUR('',#9088);
#9571 = CURVE_STYLE('',#9572,POSITIVE_LENGTH_MEASURE(0.1),#9088);
#9572 = DRAUGHTING_PRE_DEFINED_CURVE_FONT('continuous');
#9573 = STYLED_ITEM('color',(#9574),#1561);
#9574 = PRESENTATION_STYLE_ASSIGNMENT((#9575,#9580));
#9575 = SURFACE_STYLE_USAGE(.BOTH.,#9576);
#9576 = SURFACE_SIDE_STYLE('',(#9577));
#9577 = SURFACE_STYLE_FILL_AREA(#9578);
#9578 = FILL_AREA_STYLE('',(#9579));
#9579 = FILL_AREA_STYLE_COLOUR('',#9088);
#9580 = CURVE_STYLE('',#9581,POSITIVE_LENGTH_MEASURE(0.1),#9088);
#9581 = DRAUGHTING_PRE_DEFINED_CURVE_FONT('continuous');
#9582 = STYLED_ITEM('color',(#9583),#1585);
#9583 = PRESENTATION_STYLE_ASSIGNMENT((#9584,#9589));
#9584 = SURFACE_STYLE_USAGE(.BOTH.,#9585);
#9585 = SURFACE_SIDE_STYLE('',(#9586));
#9586 = SURFACE_STYLE_FILL_AREA(#9587);
#9587 = FILL_AREA_STYLE('',(#9588));
#9588 = FILL_AREA_STYLE_COLOUR('',#9088);
#9589 = CURVE_STYLE('',#9590,POSITIVE_LENGTH_MEASURE(0.1),#9088);
#9590 = DRAUGHTING_PRE_DEFINED_CURVE_FONT('continuous');
#9591 = STYLED_ITEM('color',(#9592),#1609);
#9592 = PRESENTATION_STYLE_ASSIGNMENT((#9593,#9598));
#9593 = SURFACE_STYLE_USAGE(.BOTH.,#9594);
#9594 = SURFACE_SIDE_STYLE('',(#9595));
#9595 = SURFACE_STYLE_FILL_AREA(#9596);
#9596 = FILL_AREA_STYLE('',(#9597));
#9597 = FILL_AREA_STYLE_COLOUR('',#9088);
#9598 = CURVE_STYLE('',#9599,POSITIVE_LENGTH_MEASURE(0.1),#9088);
#9599 = DRAUGHTING_PRE_DEFINED_CURVE_FONT('continuous');
#9600 = STYLED_ITEM('color',(#9601),#1626);
#9601 = PRESENTATION_STYLE_ASSIGNMENT((#9602,#9607));
#9602 = SURFACE_STYLE_USAGE(.BOTH.,#9603);
#9603 = SURFACE_SIDE_STYLE('',(#9604));
#9604 = SURFACE_STYLE_FILL_AREA(#9605);
#9605 = FILL_AREA_STYLE('',(#9606));
#9606 = FILL_AREA_STYLE_COLOUR('',#9088);
#9607 = CURVE_STYLE('',#9608,POSITIVE_LENGTH_MEASURE(0.1),#9088);
#9608 = DRAUGHTING_PRE_DEFINED_CURVE_FONT('continuous');
#9609 = STYLED_ITEM('color',(#9610),#1657);
#9610 = PRESENTATION_STYLE_ASSIGNMENT((#9611,#9616));
#9611 = SURFACE_STYLE_USAGE(.BOTH.,#9612);
#9612 = SURFACE_SIDE_STYLE('',(#9613));
#9613 = SURFACE_STYLE_FILL_AREA(#9614);
#9614 = FILL_AREA_STYLE('',(#9615));
#9615 = FILL_AREA_STYLE_COLOUR('',#9088);
#9616 = CURVE_STYLE('',#9617,POSITIVE_LENGTH_MEASURE(0.1),#9088);
#9617 = DRAUGHTING_PRE_DEFINED_CURVE_FONT('continuous');
#9618 = STYLED_ITEM('color',(#9619),#1681);
#9619 = PRESENTATION_STYLE_ASSIGNMENT((#9620,#9625));
#9620 = SURFACE_STYLE_USAGE(.BOTH.,#9621);
#9621 = SURFACE_SIDE_STYLE('',(#9622));
#9622 = SURFACE_STYLE_FILL_AREA(#9623);
#9623 = FILL_AREA_STYLE('',(#9624));
#9624 = FILL_AREA_STYLE_COLOUR('',#9088);
#9625 = CURVE_STYLE('',#9626,POSITIVE_LENGTH_MEASURE(0.1),#9088);
#9626 = DRAUGHTING_PRE_DEFINED_CURVE_FONT('continuous');
#9627 = STYLED_ITEM('color',(#9628),#1705);
#9628 = PRESENTATION_STYLE_ASSIGNMENT((#9629,#9634));
#9629 = SURFACE_STYLE_USAGE(.BOTH.,#9630);
#9630 = SURFACE_SIDE_STYLE('',(#9631));
#9631 = SURFACE_STYLE_FILL_AREA(#9632);
#9632 = FILL_AREA_STYLE('',(#9633));
#9633 = FILL_AREA_STYLE_COLOUR('',#9088);
#9634 = CURVE_STYLE('',#9635,POSITIVE_LENGTH_MEASURE(0.1),#9088);
#9635 = DRAUGHTING_PRE_DEFINED_CURVE_FONT('continuous');
#9636 = STYLED_ITEM('color',(#9637),#1722);
#9637 = PRESENTATION_STYLE_ASSIGNMENT((#9638,#9643));
#9638 = SURFACE_STYLE_USAGE(.BOTH.,#9639);
#9639 = SURFACE_SIDE_STYLE('',(#9640));
#9640 = SURFACE_STYLE_FILL_AREA(#9641);
#9641 = FILL_AREA_STYLE('',(#9642));
#9642 = FILL_AREA_STYLE_COLOUR('',#9088);
#9643 = CURVE_STYLE('',#9644,POSITIVE_LENGTH_MEASURE(0.1),#9088);
#9644 = DRAUGHTING_PRE_DEFINED_CURVE_FONT('continuous');
#9645 = STYLED_ITEM('color',(#9646),#1753);
#9646 = PRESENTATION_STYLE_ASSIGNMENT((#9647,#9652));
#9647 = SURFACE_STYLE_USAGE(.BOTH.,#9648);
#9648 = SURFACE_SIDE_STYLE('',(#9649));
#9649 = SURFACE_STYLE_FILL_AREA(#9650);
#9650 = FILL_AREA_STYLE('',(#9651));
#9651 = FILL_AREA_STYLE_COLOUR('',#9088);
#9652 = CURVE_STYLE('',#9653,POSITIVE_LENGTH_MEASURE(0.1),#9088);
#9653 = DRAUGHTING_PRE_DEFINED_CURVE_FONT('continuous');
#9654 = STYLED_ITEM('color',(#9655),#1777);
#9655 = PRESENTATION_STYLE_ASSIGNMENT((#9656,#9661));
#9656 = SURFACE_STYLE_USAGE(.BOTH.,#9657);
#9657 = SURFACE_SIDE_STYLE('',(#9658));
#9658 = SURFACE_STYLE_FILL_AREA(#9659);
#9659 = FILL_AREA_STYLE('',(#9660));
#9660 = FILL_AREA_STYLE_COLOUR('',#9088);
#9661 = CURVE_STYLE('',#9662,POSITIVE_LENGTH_MEASURE(0.1),#9088);
#9662 = DRAUGHTING_PRE_DEFINED_CURVE_FONT('continuous');
#9663 = STYLED_ITEM('color',(#9664),#1801);
#9664 = PRESENTATION_STYLE_ASSIGNMENT((#9665,#9670));
#9665 = SURFACE_STYLE_USAGE(.BOTH.,#9666);
#9666 = SURFACE_SIDE_STYLE('',(#9667));
#9667 = SURFACE_STYLE_FILL_AREA(#9668);
#9668 = FILL_AREA_STYLE('',(#9669));
#9669 = FILL_AREA_STYLE_COLOUR('',#9088);
#9670 = CURVE_STYLE('',#9671,POSITIVE_LENGTH_MEASURE(0.1),#9088);
#9671 = DRAUGHTING_PRE_DEFINED_CURVE_FONT('continuous');
#9672 = STYLED_ITEM('color',(#9673),#1818);
#9673 = PRESENTATION_STYLE_ASSIGNMENT((#9674,#9679));
#9674 = SURFACE_STYLE_USAGE(.BOTH.,#9675);
#9675 = SURFACE_SIDE_STYLE('',(#9676));
#9676 = SURFACE_STYLE_FILL_AREA(#9677);
#9677 = FILL_AREA_STYLE('',(#9678));
#9678 = FILL_AREA_STYLE_COLOUR('',#9088);
#9679 = CURVE_STYLE('',#9680,POSITIVE_LENGTH_MEASURE(0.1),#9088);
#9680 = DRAUGHTING_PRE_DEFINED_CURVE_FONT('continuous');
#9681 = STYLED_ITEM('color',(#9682),#1849);
#9682 = PRESENTATION_STYLE_ASSIGNMENT((#9683,#9688));
#9683 = SURFACE_STYLE_USAGE(.BOTH.,#9684);
#9684 = SURFACE_SIDE_STYLE('',(#9685));
#9685 = SURFACE_STYLE_FILL_AREA(#9686);
#9686 = FILL_AREA_STYLE('',(#9687));
#9687 = FILL_AREA_STYLE_COLOUR('',#9088);
#9688 = CURVE_STYLE('',#9689,POSITIVE_LENGTH_MEASURE(0.1),#9088);
#9689 = DRAUGHTING_PRE_DEFINED_CURVE_FONT('continuous');
#9690 = STYLED_ITEM('color',(#9691),#1873);
#9691 = PRESENTATION_STYLE_ASSIGNMENT((#9692,#9697));
#9692 = SURFACE_STYLE_USAGE(.BOTH.,#9693);
#9693 = SURFACE_SIDE_STYLE('',(#9694));
#9694 = SURFACE_STYLE_FILL_AREA(#9695);
#9695 = FILL_AREA_STYLE('',(#9696));
#9696 = FILL_AREA_STYLE_COLOUR('',#9088);
#9697 = CURVE_STYLE('',#9698,POSITIVE_LENGTH_MEASURE(0.1),#9088);
#9698 = DRAUGHTING_PRE_DEFINED_CURVE_FONT('continuous');
#9699 = STYLED_ITEM('color',(#9700),#1897);
#9700 = PRESENTATION_STYLE_ASSIGNMENT((#9701,#9706));
#9701 = SURFACE_STYLE_USAGE(.BOTH.,#9702);
#9702 = SURFACE_SIDE_STYLE('',(#9703));
#9703 = SURFACE_STYLE_FILL_AREA(#9704);
#9704 = FILL_AREA_STYLE('',(#9705));
#9705 = FILL_AREA_STYLE_COLOUR('',#9088);
#9706 = CURVE_STYLE('',#9707,POSITIVE_LENGTH_MEASURE(0.1),#9088);
#9707 = DRAUGHTING_PRE_DEFINED_CURVE_FONT('continuous');
#9708 = STYLED_ITEM('color',(#9709),#1914);
#9709 = PRESENTATION_STYLE_ASSIGNMENT((#9710,#9715));
#9710 = SURFACE_STYLE_USAGE(.BOTH.,#9711);
#9711 = SURFACE_SIDE_STYLE('',(#9712));
#9712 = SURFACE_STYLE_FILL_AREA(#9713);
#9713 = FILL_AREA_STYLE('',(#9714));
#9714 = FILL_AREA_STYLE_COLOUR('',#9264);
#9715 = CURVE_STYLE('',#9716,POSITIVE_LENGTH_MEASURE(0.1),#9264);
#9716 = DRAUGHTING_PRE_DEFINED_CURVE_FONT('continuous');
#9717 = STYLED_ITEM('color',(#9718),#1931);
#9718 = PRESENTATION_STYLE_ASSIGNMENT((#9719,#9724));
#9719 = SURFACE_STYLE_USAGE(.BOTH.,#9720);
#9720 = SURFACE_SIDE_STYLE('',(#9721));
#9721 = SURFACE_STYLE_FILL_AREA(#9722);
#9722 = FILL_AREA_STYLE('',(#9723));
#9723 = FILL_AREA_STYLE_COLOUR('',#9264);
#9724 = CURVE_STYLE('',#9725,POSITIVE_LENGTH_MEASURE(0.1),#9264);
#9725 = DRAUGHTING_PRE_DEFINED_CURVE_FONT('continuous');
#9726 = STYLED_ITEM('color',(#9727),#1978);
#9727 = PRESENTATION_STYLE_ASSIGNMENT((#9728,#9733));
#9728 = SURFACE_STYLE_USAGE(.BOTH.,#9729);
#9729 = SURFACE_SIDE_STYLE('',(#9730));
#9730 = SURFACE_STYLE_FILL_AREA(#9731);
#9731 = FILL_AREA_STYLE('',(#9732));
#9732 = FILL_AREA_STYLE_COLOUR('',#9264);
#9733 = CURVE_STYLE('',#9734,POSITIVE_LENGTH_MEASURE(0.1),#9264);
#9734 = DRAUGHTING_PRE_DEFINED_CURVE_FONT('continuous');
#9735 = STYLED_ITEM('color',(#9736),#1995);
#9736 = PRESENTATION_STYLE_ASSIGNMENT((#9737,#9742));
#9737 = SURFACE_STYLE_USAGE(.BOTH.,#9738);
#9738 = SURFACE_SIDE_STYLE('',(#9739));
#9739 = SURFACE_STYLE_FILL_AREA(#9740);
#9740 = FILL_AREA_STYLE('',(#9741));
#9741 = FILL_AREA_STYLE_COLOUR('',#9264);
#9742 = CURVE_STYLE('',#9743,POSITIVE_LENGTH_MEASURE(0.1),#9264);
#9743 = DRAUGHTING_PRE_DEFINED_CURVE_FONT('continuous');
#9744 = STYLED_ITEM('color',(#9745),#2042);
#9745 = PRESENTATION_STYLE_ASSIGNMENT((#9746,#9751));
#9746 = SURFACE_STYLE_USAGE(.BOTH.,#9747);
#9747 = SURFACE_SIDE_STYLE('',(#9748));
#9748 = SURFACE_STYLE_FILL_AREA(#9749);
#9749 = FILL_AREA_STYLE('',(#9750));
#9750 = FILL_AREA_STYLE_COLOUR('',#9264);
#9751 = CURVE_STYLE('',#9752,POSITIVE_LENGTH_MEASURE(0.1),#9264);
#9752 = DRAUGHTING_PRE_DEFINED_CURVE_FONT('continuous');
#9753 = STYLED_ITEM('color',(#9754),#2059);
#9754 = PRESENTATION_STYLE_ASSIGNMENT((#9755,#9760));
#9755 = SURFACE_STYLE_USAGE(.BOTH.,#9756);
#9756 = SURFACE_SIDE_STYLE('',(#9757));
#9757 = SURFACE_STYLE_FILL_AREA(#9758);
#9758 = FILL_AREA_STYLE('',(#9759));
#9759 = FILL_AREA_STYLE_COLOUR('',#9264);
#9760 = CURVE_STYLE('',#9761,POSITIVE_LENGTH_MEASURE(0.1),#9264);
#9761 = DRAUGHTING_PRE_DEFINED_CURVE_FONT('continuous');
#9762 = STYLED_ITEM('color',(#9763),#2106);
#9763 = PRESENTATION_STYLE_ASSIGNMENT((#9764,#9769));
#9764 = SURFACE_STYLE_USAGE(.BOTH.,#9765);
#9765 = SURFACE_SIDE_STYLE('',(#9766));
#9766 = SURFACE_STYLE_FILL_AREA(#9767);
#9767 = FILL_AREA_STYLE('',(#9768));
#9768 = FILL_AREA_STYLE_COLOUR('',#9264);
#9769 = CURVE_STYLE('',#9770,POSITIVE_LENGTH_MEASURE(0.1),#9264);
#9770 = DRAUGHTING_PRE_DEFINED_CURVE_FONT('continuous');
#9771 = STYLED_ITEM('color',(#9772),#2123);
#9772 = PRESENTATION_STYLE_ASSIGNMENT((#9773,#9778));
#9773 = SURFACE_STYLE_USAGE(.BOTH.,#9774);
#9774 = SURFACE_SIDE_STYLE('',(#9775));
#9775 = SURFACE_STYLE_FILL_AREA(#9776);
#9776 = FILL_AREA_STYLE('',(#9777));
#9777 = FILL_AREA_STYLE_COLOUR('',#9264);
#9778 = CURVE_STYLE('',#9779,POSITIVE_LENGTH_MEASURE(0.1),#9264);
#9779 = DRAUGHTING_PRE_DEFINED_CURVE_FONT('continuous');
#9780 = STYLED_ITEM('color',(#9781),#2170);
#9781 = PRESENTATION_STYLE_ASSIGNMENT((#9782,#9787));
#9782 = SURFACE_STYLE_USAGE(.BOTH.,#9783);
#9783 = SURFACE_SIDE_STYLE('',(#9784));
#9784 = SURFACE_STYLE_FILL_AREA(#9785);
#9785 = FILL_AREA_STYLE('',(#9786));
#9786 = FILL_AREA_STYLE_COLOUR('',#9264);
#9787 = CURVE_STYLE('',#9788,POSITIVE_LENGTH_MEASURE(0.1),#9264);
#9788 = DRAUGHTING_PRE_DEFINED_CURVE_FONT('continuous');
#9789 = STYLED_ITEM('color',(#9790),#2187);
#9790 = PRESENTATION_STYLE_ASSIGNMENT((#9791,#9796));
#9791 = SURFACE_STYLE_USAGE(.BOTH.,#9792);
#9792 = SURFACE_SIDE_STYLE('',(#9793));
#9793 = SURFACE_STYLE_FILL_AREA(#9794);
#9794 = FILL_AREA_STYLE('',(#9795));
#9795 = FILL_AREA_STYLE_COLOUR('',#9264);
#9796 = CURVE_STYLE('',#9797,POSITIVE_LENGTH_MEASURE(0.1),#9264);
#9797 = DRAUGHTING_PRE_DEFINED_CURVE_FONT('continuous');
#9798 = STYLED_ITEM('color',(#9799),#2234);
#9799 = PRESENTATION_STYLE_ASSIGNMENT((#9800,#9805));
#9800 = SURFACE_STYLE_USAGE(.BOTH.,#9801);
#9801 = SURFACE_SIDE_STYLE('',(#9802));
#9802 = SURFACE_STYLE_FILL_AREA(#9803);
#9803 = FILL_AREA_STYLE('',(#9804));
#9804 = FILL_AREA_STYLE_COLOUR('',#9264);
#9805 = CURVE_STYLE('',#9806,POSITIVE_LENGTH_MEASURE(0.1),#9264);
#9806 = DRAUGHTING_PRE_DEFINED_CURVE_FONT('continuous');
#9807 = STYLED_ITEM('color',(#9808),#2251);
#9808 = PRESENTATION_STYLE_ASSIGNMENT((#9809,#9814));
#9809 = SURFACE_STYLE_USAGE(.BOTH.,#9810);
#9810 = SURFACE_SIDE_STYLE('',(#9811));
#9811 = SURFACE_STYLE_FILL_AREA(#9812);
#9812 = FILL_AREA_STYLE('',(#9813));
#9813 = FILL_AREA_STYLE_COLOUR('',#9264);
#9814 = CURVE_STYLE('',#9815,POSITIVE_LENGTH_MEASURE(0.1),#9264);
#9815 = DRAUGHTING_PRE_DEFINED_CURVE_FONT('continuous');
#9816 = STYLED_ITEM('color',(#9817),#2298);
#9817 = PRESENTATION_STYLE_ASSIGNMENT((#9818,#9823));
#9818 = SURFACE_STYLE_USAGE(.BOTH.,#9819);
#9819 = SURFACE_SIDE_STYLE('',(#9820));
#9820 = SURFACE_STYLE_FILL_AREA(#9821);
#9821 = FILL_AREA_STYLE('',(#9822));
#9822 = FILL_AREA_STYLE_COLOUR('',#9264);
#9823 = CURVE_STYLE('',#9824,POSITIVE_LENGTH_MEASURE(0.1),#9264);
#9824 = DRAUGHTING_PRE_DEFINED_CURVE_FONT('continuous');
#9825 = STYLED_ITEM('color',(#9826),#2315);
#9826 = PRESENTATION_STYLE_ASSIGNMENT((#9827,#9832));
#9827 = SURFACE_STYLE_USAGE(.BOTH.,#9828);
#9828 = SURFACE_SIDE_STYLE('',(#9829));
#9829 = SURFACE_STYLE_FILL_AREA(#9830);
#9830 = FILL_AREA_STYLE('',(#9831));
#9831 = FILL_AREA_STYLE_COLOUR('',#9264);
#9832 = CURVE_STYLE('',#9833,POSITIVE_LENGTH_MEASURE(0.1),#9264);
#9833 = DRAUGHTING_PRE_DEFINED_CURVE_FONT('continuous');
#9834 = STYLED_ITEM('color',(#9835),#2362);
#9835 = PRESENTATION_STYLE_ASSIGNMENT((#9836,#9841));
#9836 = SURFACE_STYLE_USAGE(.BOTH.,#9837);
#9837 = SURFACE_SIDE_STYLE('',(#9838));
#9838 = SURFACE_STYLE_FILL_AREA(#9839);
#9839 = FILL_AREA_STYLE('',(#9840));
#9840 = FILL_AREA_STYLE_COLOUR('',#9264);
#9841 = CURVE_STYLE('',#9842,POSITIVE_LENGTH_MEASURE(0.1),#9264);
#9842 = DRAUGHTING_PRE_DEFINED_CURVE_FONT('continuous');
#9843 = STYLED_ITEM('color',(#9844),#2379);
#9844 = PRESENTATION_STYLE_ASSIGNMENT((#9845,#9850));
#9845 = SURFACE_STYLE_USAGE(.BOTH.,#9846);
#9846 = SURFACE_SIDE_STYLE('',(#9847));
#9847 = SURFACE_STYLE_FILL_AREA(#9848);
#9848 = FILL_AREA_STYLE('',(#9849));
#9849 = FILL_AREA_STYLE_COLOUR('',#9264);
#9850 = CURVE_STYLE('',#9851,POSITIVE_LENGTH_MEASURE(0.1),#9264);
#9851 = DRAUGHTING_PRE_DEFINED_CURVE_FONT('continuous');
#9852 = STYLED_ITEM('color',(#9853),#2426);
#9853 = PRESENTATION_STYLE_ASSIGNMENT((#9854,#9859));
#9854 = SURFACE_STYLE_USAGE(.BOTH.,#9855);
#9855 = SURFACE_SIDE_STYLE('',(#9856));
#9856 = SURFACE_STYLE_FILL_AREA(#9857);
#9857 = FILL_AREA_STYLE('',(#9858));
#9858 = FILL_AREA_STYLE_COLOUR('',#9264);
#9859 = CURVE_STYLE('',#9860,POSITIVE_LENGTH_MEASURE(0.1),#9264);
#9860 = DRAUGHTING_PRE_DEFINED_CURVE_FONT('continuous');
#9861 = STYLED_ITEM('color',(#9862),#2443);
#9862 = PRESENTATION_STYLE_ASSIGNMENT((#9863,#9868));
#9863 = SURFACE_STYLE_USAGE(.BOTH.,#9864);
#9864 = SURFACE_SIDE_STYLE('',(#9865));
#9865 = SURFACE_STYLE_FILL_AREA(#9866);
#9866 = FILL_AREA_STYLE('',(#9867));
#9867 = FILL_AREA_STYLE_COLOUR('',#9264);
#9868 = CURVE_STYLE('',#9869,POSITIVE_LENGTH_MEASURE(0.1),#9264);
#9869 = DRAUGHTING_PRE_DEFINED_CURVE_FONT('continuous');
#9870 = STYLED_ITEM('color',(#9871),#2490);
#9871 = PRESENTATION_STYLE_ASSIGNMENT((#9872,#9877));
#9872 = SURFACE_STYLE_USAGE(.BOTH.,#9873);
#9873 = SURFACE_SIDE_STYLE('',(#9874));
#9874 = SURFACE_STYLE_FILL_AREA(#9875);
#9875 = FILL_AREA_STYLE('',(#9876));
#9876 = FILL_AREA_STYLE_COLOUR('',#9264);
#9877 = CURVE_STYLE('',#9878,POSITIVE_LENGTH_MEASURE(0.1),#9264);
#9878 = DRAUGHTING_PRE_DEFINED_CURVE_FONT('continuous');
#9879 = STYLED_ITEM('color',(#9880),#2507);
#9880 = PRESENTATION_STYLE_ASSIGNMENT((#9881,#9886));
#9881 = SURFACE_STYLE_USAGE(.BOTH.,#9882);
#9882 = SURFACE_SIDE_STYLE('',(#9883));
#9883 = SURFACE_STYLE_FILL_AREA(#9884);
#9884 = FILL_AREA_STYLE('',(#9885));
#9885 = FILL_AREA_STYLE_COLOUR('',#9264);
#9886 = CURVE_STYLE('',#9887,POSITIVE_LENGTH_MEASURE(0.1),#9264);
#9887 = DRAUGHTING_PRE_DEFINED_CURVE_FONT('continuous');
#9888 = STYLED_ITEM('color',(#9889),#2554);
#9889 = PRESENTATION_STYLE_ASSIGNMENT((#9890,#9895));
#9890 = SURFACE_STYLE_USAGE(.BOTH.,#9891);
#9891 = SURFACE_SIDE_STYLE('',(#9892));
#9892 = SURFACE_STYLE_FILL_AREA(#9893);
#9893 = FILL_AREA_STYLE('',(#9894));
#9894 = FILL_AREA_STYLE_COLOUR('',#9264);
#9895 = CURVE_STYLE('',#9896,POSITIVE_LENGTH_MEASURE(0.1),#9264);
#9896 = DRAUGHTING_PRE_DEFINED_CURVE_FONT('continuous');
#9897 = STYLED_ITEM('color',(#9898),#2571);
#9898 = PRESENTATION_STYLE_ASSIGNMENT((#9899,#9904));
#9899 = SURFACE_STYLE_USAGE(.BOTH.,#9900);
#9900 = SURFACE_SIDE_STYLE('',(#9901));
#9901 = SURFACE_STYLE_FILL_AREA(#9902);
#9902 = FILL_AREA_STYLE('',(#9903));
#9903 = FILL_AREA_STYLE_COLOUR('',#9264);
#9904 = CURVE_STYLE('',#9905,POSITIVE_LENGTH_MEASURE(0.1),#9264);
#9905 = DRAUGHTING_PRE_DEFINED_CURVE_FONT('continuous');
#9906 = STYLED_ITEM('color',(#9907),#2618);
#9907 = PRESENTATION_STYLE_ASSIGNMENT((#9908,#9913));
#9908 = SURFACE_STYLE_USAGE(.BOTH.,#9909);
#9909 = SURFACE_SIDE_STYLE('',(#9910));
#9910 = SURFACE_STYLE_FILL_AREA(#9911);
#9911 = FILL_AREA_STYLE('',(#9912));
#9912 = FILL_AREA_STYLE_COLOUR('',#9264);
#9913 = CURVE_STYLE('',#9914,POSITIVE_LENGTH_MEASURE(0.1),#9264);
#9914 = DRAUGHTING_PRE_DEFINED_CURVE_FONT('continuous');
#9915 = STYLED_ITEM('color',(#9916),#2635);
#9916 = PRESENTATION_STYLE_ASSIGNMENT((#9917,#9922));
#9917 = SURFACE_STYLE_USAGE(.BOTH.,#9918);
#9918 = SURFACE_SIDE_STYLE('',(#9919));
#9919 = SURFACE_STYLE_FILL_AREA(#9920);
#9920 = FILL_AREA_STYLE('',(#9921));
#9921 = FILL_AREA_STYLE_COLOUR('',#9264);
#9922 = CURVE_STYLE('',#9923,POSITIVE_LENGTH_MEASURE(0.1),#9264);
#9923 = DRAUGHTING_PRE_DEFINED_CURVE_FONT('continuous');
#9924 = STYLED_ITEM('color',(#9925),#2682);
#9925 = PRESENTATION_STYLE_ASSIGNMENT((#9926,#9931));
#9926 = SURFACE_STYLE_USAGE(.BOTH.,#9927);
#9927 = SURFACE_SIDE_STYLE('',(#9928));
#9928 = SURFACE_STYLE_FILL_AREA(#9929);
#9929 = FILL_AREA_STYLE('',(#9930));
#9930 = FILL_AREA_STYLE_COLOUR('',#9264);
#9931 = CURVE_STYLE('',#9932,POSITIVE_LENGTH_MEASURE(0.1),#9264);
#9932 = DRAUGHTING_PRE_DEFINED_CURVE_FONT('continuous');
#9933 = STYLED_ITEM('color',(#9934),#2699);
#9934 = PRESENTATION_STYLE_ASSIGNMENT((#9935,#9940));
#9935 = SURFACE_STYLE_USAGE(.BOTH.,#9936);
#9936 = SURFACE_SIDE_STYLE('',(#9937));
#9937 = SURFACE_STYLE_FILL_AREA(#9938);
#9938 = FILL_AREA_STYLE('',(#9939));
#9939 = FILL_AREA_STYLE_COLOUR('',#9264);
#9940 = CURVE_STYLE('',#9941,POSITIVE_LENGTH_MEASURE(0.1),#9264);
#9941 = DRAUGHTING_PRE_DEFINED_CURVE_FONT('continuous');
#9942 = STYLED_ITEM('color',(#9943),#2746);
#9943 = PRESENTATION_STYLE_ASSIGNMENT((#9944,#9949));
#9944 = SURFACE_STYLE_USAGE(.BOTH.,#9945);
#9945 = SURFACE_SIDE_STYLE('',(#9946));
#9946 = SURFACE_STYLE_FILL_AREA(#9947);
#9947 = FILL_AREA_STYLE('',(#9948));
#9948 = FILL_AREA_STYLE_COLOUR('',#9264);
#9949 = CURVE_STYLE('',#9950,POSITIVE_LENGTH_MEASURE(0.1),#9264);
#9950 = DRAUGHTING_PRE_DEFINED_CURVE_FONT('continuous');
#9951 = STYLED_ITEM('color',(#9952),#2763);
#9952 = PRESENTATION_STYLE_ASSIGNMENT((#9953,#9958));
#9953 = SURFACE_STYLE_USAGE(.BOTH.,#9954);
#9954 = SURFACE_SIDE_STYLE('',(#9955));
#9955 = SURFACE_STYLE_FILL_AREA(#9956);
#9956 = FILL_AREA_STYLE('',(#9957));
#9957 = FILL_AREA_STYLE_COLOUR('',#9264);
#9958 = CURVE_STYLE('',#9959,POSITIVE_LENGTH_MEASURE(0.1),#9264);
#9959 = DRAUGHTING_PRE_DEFINED_CURVE_FONT('continuous');
#9960 = STYLED_ITEM('color',(#9961),#2810);
#9961 = PRESENTATION_STYLE_ASSIGNMENT((#9962,#9967));
#9962 = SURFACE_STYLE_USAGE(.BOTH.,#9963);
#9963 = SURFACE_SIDE_STYLE('',(#9964));
#9964 = SURFACE_STYLE_FILL_AREA(#9965);
#9965 = FILL_AREA_STYLE('',(#9966));
#9966 = FILL_AREA_STYLE_COLOUR('',#9264);
#9967 = CURVE_STYLE('',#9968,POSITIVE_LENGTH_MEASURE(0.1),#9264);
#9968 = DRAUGHTING_PRE_DEFINED_CURVE_FONT('continuous');
#9969 = STYLED_ITEM('color',(#9970),#2827);
#9970 = PRESENTATION_STYLE_ASSIGNMENT((#9971,#9976));
#9971 = SURFACE_STYLE_USAGE(.BOTH.,#9972);
#9972 = SURFACE_SIDE_STYLE('',(#9973));
#9973 = SURFACE_STYLE_FILL_AREA(#9974);
#9974 = FILL_AREA_STYLE('',(#9975));
#9975 = FILL_AREA_STYLE_COLOUR('',#9264);
#9976 = CURVE_STYLE('',#9977,POSITIVE_LENGTH_MEASURE(0.1),#9264);
#9977 = DRAUGHTING_PRE_DEFINED_CURVE_FONT('continuous');
#9978 = STYLED_ITEM('color',(#9979),#2874);
#9979 = PRESENTATION_STYLE_ASSIGNMENT((#9980,#9985));
#9980 = SURFACE_STYLE_USAGE(.BOTH.,#9981);
#9981 = SURFACE_SIDE_STYLE('',(#9982));
#9982 = SURFACE_STYLE_FILL_AREA(#9983);
#9983 = FILL_AREA_STYLE('',(#9984));
#9984 = FILL_AREA_STYLE_COLOUR('',#9264);
#9985 = CURVE_STYLE('',#9986,POSITIVE_LENGTH_MEASURE(0.1),#9264);
#9986 = DRAUGHTING_PRE_DEFINED_CURVE_FONT('continuous');
#9987 = STYLED_ITEM('color',(#9988),#2891);
#9988 = PRESENTATION_STYLE_ASSIGNMENT((#9989,#9994));
#9989 = SURFACE_STYLE_USAGE(.BOTH.,#9990);
#9990 = SURFACE_SIDE_STYLE('',(#9991));
#9991 = SURFACE_STYLE_FILL_AREA(#9992);
#9992 = FILL_AREA_STYLE('',(#9993));
#9993 = FILL_AREA_STYLE_COLOUR('',#9264);
#9994 = CURVE_STYLE('',#9995,POSITIVE_LENGTH_MEASURE(0.1),#9264);
#9995 = DRAUGHTING_PRE_DEFINED_CURVE_FONT('continuous');
#9996 = STYLED_ITEM('color',(#9997),#2938);
#9997 = PRESENTATION_STYLE_ASSIGNMENT((#9998,#10003));
#9998 = SURFACE_STYLE_USAGE(.BOTH.,#9999);
#9999 = SURFACE_SIDE_STYLE('',(#10000));
#10000 = SURFACE_STYLE_FILL_AREA(#10001);
#10001 = FILL_AREA_STYLE('',(#10002));
#10002 = FILL_AREA_STYLE_COLOUR('',#9088);
#10003 = CURVE_STYLE('',#10004,POSITIVE_LENGTH_MEASURE(0.1),#9088);
#10004 = DRAUGHTING_PRE_DEFINED_CURVE_FONT('continuous');
#10005 = STYLED_ITEM('color',(#10006),#2969);
#10006 = PRESENTATION_STYLE_ASSIGNMENT((#10007,#10012));
#10007 = SURFACE_STYLE_USAGE(.BOTH.,#10008);
#10008 = SURFACE_SIDE_STYLE('',(#10009));
#10009 = SURFACE_STYLE_FILL_AREA(#10010);
#10010 = FILL_AREA_STYLE('',(#10011));
#10011 = FILL_AREA_STYLE_COLOUR('',#9088);
#10012 = CURVE_STYLE('',#10013,POSITIVE_LENGTH_MEASURE(0.1),#9088);
#10013 = DRAUGHTING_PRE_DEFINED_CURVE_FONT('continuous');
#10014 = OVER_RIDING_STYLED_ITEM('overriding color',(#10015),#2983,
  #10005);
#10015 = PRESENTATION_STYLE_ASSIGNMENT((#10016,#10021));
#10016 = SURFACE_STYLE_USAGE(.BOTH.,#10017);
#10017 = SURFACE_SIDE_STYLE('',(#10018));
#10018 = SURFACE_STYLE_FILL_AREA(#10019);
#10019 = FILL_AREA_STYLE('',(#10020));
#10020 = FILL_AREA_STYLE_COLOUR('',#9264);
#10021 = CURVE_STYLE('',#10022,POSITIVE_LENGTH_MEASURE(0.1),#9264);
#10022 = DRAUGHTING_PRE_DEFINED_CURVE_FONT('continuous');
#10023 = OVER_RIDING_STYLED_ITEM('overriding color',(#10024),#2999,
  #10005);
#10024 = PRESENTATION_STYLE_ASSIGNMENT((#10025,#10030));
#10025 = SURFACE_STYLE_USAGE(.BOTH.,#10026);
#10026 = SURFACE_SIDE_STYLE('',(#10027));
#10027 = SURFACE_STYLE_FILL_AREA(#10028);
#10028 = FILL_AREA_STYLE('',(#10029));
#10029 = FILL_AREA_STYLE_COLOUR('',#9264);
#10030 = CURVE_STYLE('',#10031,POSITIVE_LENGTH_MEASURE(0.1),#9264);
#10031 = DRAUGHTING_PRE_DEFINED_CURVE_FONT('continuous');
#10032 = STYLED_ITEM('color',(#10033),#3025);
#10033 = PRESENTATION_STYLE_ASSIGNMENT((#10034,#10039));
#10034 = SURFACE_STYLE_USAGE(.BOTH.,#10035);
#10035 = SURFACE_SIDE_STYLE('',(#10036));
#10036 = SURFACE_STYLE_FILL_AREA(#10037);
#10037 = FILL_AREA_STYLE('',(#10038));
#10038 = FILL_AREA_STYLE_COLOUR('',#9088);
#10039 = CURVE_STYLE('',#10040,POSITIVE_LENGTH_MEASURE(0.1),#9088);
#10040 = DRAUGHTING_PRE_DEFINED_CURVE_FONT('continuous');
#10041 = STYLED_ITEM('color',(#10042),#3049);
#10042 = PRESENTATION_STYLE_ASSIGNMENT((#10043,#10048));
#10043 = SURFACE_STYLE_USAGE(.BOTH.,#10044);
#10044 = SURFACE_SIDE_STYLE('',(#10045));
#10045 = SURFACE_STYLE_FILL_AREA(#10046);
#10046 = FILL_AREA_STYLE('',(#10047));
#10047 = FILL_AREA_STYLE_COLOUR('',#9088);
#10048 = CURVE_STYLE('',#10049,POSITIVE_LENGTH_MEASURE(0.1),#9088);
#10049 = DRAUGHTING_PRE_DEFINED_CURVE_FONT('continuous');
#10050 = OVER_RIDING_STYLED_ITEM('overriding color',(#10051),#3063,
  #10041);
#10051 = PRESENTATION_STYLE_ASSIGNMENT((#10052,#10057));
#10052 = SURFACE_STYLE_USAGE(.BOTH.,#10053);
#10053 = SURFACE_SIDE_STYLE('',(#10054));
#10054 = SURFACE_STYLE_FILL_AREA(#10055);
#10055 = FILL_AREA_STYLE('',(#10056));
#10056 = FILL_AREA_STYLE_COLOUR('',#9264);
#10057 = CURVE_STYLE('',#10058,POSITIVE_LENGTH_MEASURE(0.1),#9264);
#10058 = DRAUGHTING_PRE_DEFINED_CURVE_FONT('continuous');
#10059 = OVER_RIDING_STYLED_ITEM('overriding color',(#10060),#3079,
  #10041);
#10060 = PRESENTATION_STYLE_ASSIGNMENT((#10061,#10066));
#10061 = SURFACE_STYLE_USAGE(.BOTH.,#10062);
#10062 = SURFACE_SIDE_STYLE('',(#10063));
#10063 = SURFACE_STYLE_FILL_AREA(#10064);
#10064 = FILL_AREA_STYLE('',(#10065));
#10065 = FILL_AREA_STYLE_COLOUR('',#9264);
#10066 = CURVE_STYLE('',#10067,POSITIVE_LENGTH_MEASURE(0.1),#9264);
#10067 = DRAUGHTING_PRE_DEFINED_CURVE_FONT('continuous');
#10068 = STYLED_ITEM('color',(#10069),#3098);
#10069 = PRESENTATION_STYLE_ASSIGNMENT((#10070,#10075));
#10070 = SURFACE_STYLE_USAGE(.BOTH.,#10071);
#10071 = SURFACE_SIDE_STYLE('',(#10072));
#10072 = SURFACE_STYLE_FILL_AREA(#10073);
#10073 = FILL_AREA_STYLE('',(#10074));
#10074 = FILL_AREA_STYLE_COLOUR('',#9088);
#10075 = CURVE_STYLE('',#10076,POSITIVE_LENGTH_MEASURE(0.1),#9088);
#10076 = DRAUGHTING_PRE_DEFINED_CURVE_FONT('continuous');
#10077 = STYLED_ITEM('color',(#10078),#3129);
#10078 = PRESENTATION_STYLE_ASSIGNMENT((#10079,#10084));
#10079 = SURFACE_STYLE_USAGE(.BOTH.,#10080);
#10080 = SURFACE_SIDE_STYLE('',(#10081));
#10081 = SURFACE_STYLE_FILL_AREA(#10082);
#10082 = FILL_AREA_STYLE('',(#10083));
#10083 = FILL_AREA_STYLE_COLOUR('',#9088);
#10084 = CURVE_STYLE('',#10085,POSITIVE_LENGTH_MEASURE(0.1),#9088);
#10085 = DRAUGHTING_PRE_DEFINED_CURVE_FONT('continuous');
#10086 = OVER_RIDING_STYLED_ITEM('overriding color',(#10087),#3143,
  #10077);
#10087 = PRESENTATION_STYLE_ASSIGNMENT((#10088,#10093));
#10088 = SURFACE_STYLE_USAGE(.BOTH.,#10089);
#10089 = SURFACE_SIDE_STYLE('',(#10090));
#10090 = SURFACE_STYLE_FILL_AREA(#10091);
#10091 = FILL_AREA_STYLE('',(#10092));
#10092 = FILL_AREA_STYLE_COLOUR('',#9264);
#10093 = CURVE_STYLE('',#10094,POSITIVE_LENGTH_MEASURE(0.1),#9264);
#10094 = DRAUGHTING_PRE_DEFINED_CURVE_FONT('continuous');
#10095 = OVER_RIDING_STYLED_ITEM('overriding color',(#10096),#3159,
  #10077);
#10096 = PRESENTATION_STYLE_ASSIGNMENT((#10097,#10102));
#10097 = SURFACE_STYLE_USAGE(.BOTH.,#10098);
#10098 = SURFACE_SIDE_STYLE('',(#10099));
#10099 = SURFACE_STYLE_FILL_AREA(#10100);
#10100 = FILL_AREA_STYLE('',(#10101));
#10101 = FILL_AREA_STYLE_COLOUR('',#9264);
#10102 = CURVE_STYLE('',#10103,POSITIVE_LENGTH_MEASURE(0.1),#9264);
#10103 = DRAUGHTING_PRE_DEFINED_CURVE_FONT('continuous');
#10104 = STYLED_ITEM('color',(#10105),#3185);
#10105 = PRESENTATION_STYLE_ASSIGNMENT((#10106,#10111));
#10106 = SURFACE_STYLE_USAGE(.BOTH.,#10107);
#10107 = SURFACE_SIDE_STYLE('',(#10108));
#10108 = SURFACE_STYLE_FILL_AREA(#10109);
#10109 = FILL_AREA_STYLE('',(#10110));
#10110 = FILL_AREA_STYLE_COLOUR('',#9088);
#10111 = CURVE_STYLE('',#10112,POSITIVE_LENGTH_MEASURE(0.1),#9088);
#10112 = DRAUGHTING_PRE_DEFINED_CURVE_FONT('continuous');
#10113 = STYLED_ITEM('color',(#10114),#3209);
#10114 = PRESENTATION_STYLE_ASSIGNMENT((#10115,#10120));
#10115 = SURFACE_STYLE_USAGE(.BOTH.,#10116);
#10116 = SURFACE_SIDE_STYLE('',(#10117));
#10117 = SURFACE_STYLE_FILL_AREA(#10118);
#10118 = FILL_AREA_STYLE('',(#10119));
#10119 = FILL_AREA_STYLE_COLOUR('',#9088);
#10120 = CURVE_STYLE('',#10121,POSITIVE_LENGTH_MEASURE(0.1),#9088);
#10121 = DRAUGHTING_PRE_DEFINED_CURVE_FONT('continuous');
#10122 = OVER_RIDING_STYLED_ITEM('overriding color',(#10123),#3223,
  #10113);
#10123 = PRESENTATION_STYLE_ASSIGNMENT((#10124,#10129));
#10124 = SURFACE_STYLE_USAGE(.BOTH.,#10125);
#10125 = SURFACE_SIDE_STYLE('',(#10126));
#10126 = SURFACE_STYLE_FILL_AREA(#10127);
#10127 = FILL_AREA_STYLE('',(#10128));
#10128 = FILL_AREA_STYLE_COLOUR('',#9264);
#10129 = CURVE_STYLE('',#10130,POSITIVE_LENGTH_MEASURE(0.1),#9264);
#10130 = DRAUGHTING_PRE_DEFINED_CURVE_FONT('continuous');
#10131 = OVER_RIDING_STYLED_ITEM('overriding color',(#10132),#3239,
  #10113);
#10132 = PRESENTATION_STYLE_ASSIGNMENT((#10133,#10138));
#10133 = SURFACE_STYLE_USAGE(.BOTH.,#10134);
#10134 = SURFACE_SIDE_STYLE('',(#10135));
#10135 = SURFACE_STYLE_FILL_AREA(#10136);
#10136 = FILL_AREA_STYLE('',(#10137));
#10137 = FILL_AREA_STYLE_COLOUR('',#9264);
#10138 = CURVE_STYLE('',#10139,POSITIVE_LENGTH_MEASURE(0.1),#9264);
#10139 = DRAUGHTING_PRE_DEFINED_CURVE_FONT('continuous');
#10140 = STYLED_ITEM('color',(#10141),#3258);
#10141 = PRESENTATION_STYLE_ASSIGNMENT((#10142,#10147));
#10142 = SURFACE_STYLE_USAGE(.BOTH.,#10143);
#10143 = SURFACE_SIDE_STYLE('',(#10144));
#10144 = SURFACE_STYLE_FILL_AREA(#10145);
#10145 = FILL_AREA_STYLE('',(#10146));
#10146 = FILL_AREA_STYLE_COLOUR('',#9088);
#10147 = CURVE_STYLE('',#10148,POSITIVE_LENGTH_MEASURE(0.1),#9088);
#10148 = DRAUGHTING_PRE_DEFINED_CURVE_FONT('continuous');
#10149 = STYLED_ITEM('color',(#10150),#3289);
#10150 = PRESENTATION_STYLE_ASSIGNMENT((#10151,#10156));
#10151 = SURFACE_STYLE_USAGE(.BOTH.,#10152);
#10152 = SURFACE_SIDE_STYLE('',(#10153));
#10153 = SURFACE_STYLE_FILL_AREA(#10154);
#10154 = FILL_AREA_STYLE('',(#10155));
#10155 = FILL_AREA_STYLE_COLOUR('',#9088);
#10156 = CURVE_STYLE('',#10157,POSITIVE_LENGTH_MEASURE(0.1),#9088);
#10157 = DRAUGHTING_PRE_DEFINED_CURVE_FONT('continuous');
#10158 = OVER_RIDING_STYLED_ITEM('overriding color',(#10159),#3303,
  #10149);
#10159 = PRESENTATION_STYLE_ASSIGNMENT((#10160,#10165));
#10160 = SURFACE_STYLE_USAGE(.BOTH.,#10161);
#10161 = SURFACE_SIDE_STYLE('',(#10162));
#10162 = SURFACE_STYLE_FILL_AREA(#10163);
#10163 = FILL_AREA_STYLE('',(#10164));
#10164 = FILL_AREA_STYLE_COLOUR('',#9264);
#10165 = CURVE_STYLE('',#10166,POSITIVE_LENGTH_MEASURE(0.1),#9264);
#10166 = DRAUGHTING_PRE_DEFINED_CURVE_FONT('continuous');
#10167 = OVER_RIDING_STYLED_ITEM('overriding color',(#10168),#3319,
  #10149);
#10168 = PRESENTATION_STYLE_ASSIGNMENT((#10169,#10174));
#10169 = SURFACE_STYLE_USAGE(.BOTH.,#10170);
#10170 = SURFACE_SIDE_STYLE('',(#10171));
#10171 = SURFACE_STYLE_FILL_AREA(#10172);
#10172 = FILL_AREA_STYLE('',(#10173));
#10173 = FILL_AREA_STYLE_COLOUR('',#9264);
#10174 = CURVE_STYLE('',#10175,POSITIVE_LENGTH_MEASURE(0.1),#9264);
#10175 = DRAUGHTING_PRE_DEFINED_CURVE_FONT('continuous');
#10176 = STYLED_ITEM('color',(#10177),#3345);
#10177 = PRESENTATION_STYLE_ASSIGNMENT((#10178,#10183));
#10178 = SURFACE_STYLE_USAGE(.BOTH.,#10179);
#10179 = SURFACE_SIDE_STYLE('',(#10180));
#10180 = SURFACE_STYLE_FILL_AREA(#10181);
#10181 = FILL_AREA_STYLE('',(#10182));
#10182 = FILL_AREA_STYLE_COLOUR('',#9088);
#10183 = CURVE_STYLE('',#10184,POSITIVE_LENGTH_MEASURE(0.1),#9088);
#10184 = DRAUGHTING_PRE_DEFINED_CURVE_FONT('continuous');
#10185 = STYLED_ITEM('color',(#10186),#3369);
#10186 = PRESENTATION_STYLE_ASSIGNMENT((#10187,#10192));
#10187 = SURFACE_STYLE_USAGE(.BOTH.,#10188);
#10188 = SURFACE_SIDE_STYLE('',(#10189));
#10189 = SURFACE_STYLE_FILL_AREA(#10190);
#10190 = FILL_AREA_STYLE('',(#10191));
#10191 = FILL_AREA_STYLE_COLOUR('',#9088);
#10192 = CURVE_STYLE('',#10193,POSITIVE_LENGTH_MEASURE(0.1),#9088);
#10193 = DRAUGHTING_PRE_DEFINED_CURVE_FONT('continuous');
#10194 = OVER_RIDING_STYLED_ITEM('overriding color',(#10195),#3383,
  #10185);
#10195 = PRESENTATION_STYLE_ASSIGNMENT((#10196,#10201));
#10196 = SURFACE_STYLE_USAGE(.BOTH.,#10197);
#10197 = SURFACE_SIDE_STYLE('',(#10198));
#10198 = SURFACE_STYLE_FILL_AREA(#10199);
#10199 = FILL_AREA_STYLE('',(#10200));
#10200 = FILL_AREA_STYLE_COLOUR('',#9264);
#10201 = CURVE_STYLE('',#10202,POSITIVE_LENGTH_MEASURE(0.1),#9264);
#10202 = DRAUGHTING_PRE_DEFINED_CURVE_FONT('continuous');
#10203 = OVER_RIDING_STYLED_ITEM('overriding color',(#10204),#3399,
  #10185);
#10204 = PRESENTATION_STYLE_ASSIGNMENT((#10205,#10210));
#10205 = SURFACE_STYLE_USAGE(.BOTH.,#10206);
#10206 = SURFACE_SIDE_STYLE('',(#10207));
#10207 = SURFACE_STYLE_FILL_AREA(#10208);
#10208 = FILL_AREA_STYLE('',(#10209));
#10209 = FILL_AREA_STYLE_COLOUR('',#9264);
#10210 = CURVE_STYLE('',#10211,POSITIVE_LENGTH_MEASURE(0.1),#9264);
#10211 = DRAUGHTING_PRE_DEFINED_CURVE_FONT('continuous');
#10212 = STYLED_ITEM('color',(#10213),#3418);
#10213 = PRESENTATION_STYLE_ASSIGNMENT((#10214,#10219));
#10214 = SURFACE_STYLE_USAGE(.BOTH.,#10215);
#10215 = SURFACE_SIDE_STYLE('',(#10216));
#10216 = SURFACE_STYLE_FILL_AREA(#10217);
#10217 = FILL_AREA_STYLE('',(#10218));
#10218 = FILL_AREA_STYLE_COLOUR('',#9088);
#10219 = CURVE_STYLE('',#10220,POSITIVE_LENGTH_MEASURE(0.1),#9088);
#10220 = DRAUGHTING_PRE_DEFINED_CURVE_FONT('continuous');
#10221 = STYLED_ITEM('color',(#10222),#3449);
#10222 = PRESENTATION_STYLE_ASSIGNMENT((#10223,#10228));
#10223 = SURFACE_STYLE_USAGE(.BOTH.,#10224);
#10224 = SURFACE_SIDE_STYLE('',(#10225));
#10225 = SURFACE_STYLE_FILL_AREA(#10226);
#10226 = FILL_AREA_STYLE('',(#10227));
#10227 = FILL_AREA_STYLE_COLOUR('',#9088);
#10228 = CURVE_STYLE('',#10229,POSITIVE_LENGTH_MEASURE(0.1),#9088);
#10229 = DRAUGHTING_PRE_DEFINED_CURVE_FONT('continuous');
#10230 = OVER_RIDING_STYLED_ITEM('overriding color',(#10231),#3463,
  #10221);
#10231 = PRESENTATION_STYLE_ASSIGNMENT((#10232,#10237));
#10232 = SURFACE_STYLE_USAGE(.BOTH.,#10233);
#10233 = SURFACE_SIDE_STYLE('',(#10234));
#10234 = SURFACE_STYLE_FILL_AREA(#10235);
#10235 = FILL_AREA_STYLE('',(#10236));
#10236 = FILL_AREA_STYLE_COLOUR('',#9264);
#10237 = CURVE_STYLE('',#10238,POSITIVE_LENGTH_MEASURE(0.1),#9264);
#10238 = DRAUGHTING_PRE_DEFINED_CURVE_FONT('continuous');
#10239 = OVER_RIDING_STYLED_ITEM('overriding color',(#10240),#3479,
  #10221);
#10240 = PRESENTATION_STYLE_ASSIGNMENT((#10241,#10246));
#10241 = SURFACE_STYLE_USAGE(.BOTH.,#10242);
#10242 = SURFACE_SIDE_STYLE('',(#10243));
#10243 = SURFACE_STYLE_FILL_AREA(#10244);
#10244 = FILL_AREA_STYLE('',(#10245));
#10245 = FILL_AREA_STYLE_COLOUR('',#9264);
#10246 = CURVE_STYLE('',#10247,POSITIVE_LENGTH_MEASURE(0.1),#9264);
#10247 = DRAUGHTING_PRE_DEFINED_CURVE_FONT('continuous');
#10248 = STYLED_ITEM('color',(#10249),#3505);
#10249 = PRESENTATION_STYLE_ASSIGNMENT((#10250,#10255));
#10250 = SURFACE_STYLE_USAGE(.BOTH.,#10251);
#10251 = SURFACE_SIDE_STYLE('',(#10252));
#10252 = SURFACE_STYLE_FILL_AREA(#10253);
#10253 = FILL_AREA_STYLE('',(#10254));
#10254 = FILL_AREA_STYLE_COLOUR('',#9088);
#10255 = CURVE_STYLE('',#10256,POSITIVE_LENGTH_MEASURE(0.1),#9088);
#10256 = DRAUGHTING_PRE_DEFINED_CURVE_FONT('continuous');
#10257 = STYLED_ITEM('color',(#10258),#3529);
#10258 = PRESENTATION_STYLE_ASSIGNMENT((#10259,#10264));
#10259 = SURFACE_STYLE_USAGE(.BOTH.,#10260);
#10260 = SURFACE_SIDE_STYLE('',(#10261));
#10261 = SURFACE_STYLE_FILL_AREA(#10262);
#10262 = FILL_AREA_STYLE('',(#10263));
#10263 = FILL_AREA_STYLE_COLOUR('',#9088);
#10264 = CURVE_STYLE('',#10265,POSITIVE_LENGTH_MEASURE(0.1),#9088);
#10265 = DRAUGHTING_PRE_DEFINED_CURVE_FONT('continuous');
#10266 = OVER_RIDING_STYLED_ITEM('overriding color',(#10267),#3543,
  #10257);
#10267 = PRESENTATION_STYLE_ASSIGNMENT((#10268,#10273));
#10268 = SURFACE_STYLE_USAGE(.BOTH.,#10269);
#10269 = SURFACE_SIDE_STYLE('',(#10270));
#10270 = SURFACE_STYLE_FILL_AREA(#10271);
#10271 = FILL_AREA_STYLE('',(#10272));
#10272 = FILL_AREA_STYLE_COLOUR('',#9264);
#10273 = CURVE_STYLE('',#10274,POSITIVE_LENGTH_MEASURE(0.1),#9264);
#10274 = DRAUGHTING_PRE_DEFINED_CURVE_FONT('continuous');
#10275 = OVER_RIDING_STYLED_ITEM('overriding color',(#10276),#3559,
  #10257);
#10276 = PRESENTATION_STYLE_ASSIGNMENT((#10277,#10282));
#10277 = SURFACE_STYLE_USAGE(.BOTH.,#10278);
#10278 = SURFACE_SIDE_STYLE('',(#10279));
#10279 = SURFACE_STYLE_FILL_AREA(#10280);
#10280 = FILL_AREA_STYLE('',(#10281));
#10281 = FILL_AREA_STYLE_COLOUR('',#9264);
#10282 = CURVE_STYLE('',#10283,POSITIVE_LENGTH_MEASURE(0.1),#9264);
#10283 = DRAUGHTING_PRE_DEFINED_CURVE_FONT('continuous');
#10284 = STYLED_ITEM('color',(#10285),#3578);
#10285 = PRESENTATION_STYLE_ASSIGNMENT((#10286,#10291));
#10286 = SURFACE_STYLE_USAGE(.BOTH.,#10287);
#10287 = SURFACE_SIDE_STYLE('',(#10288));
#10288 = SURFACE_STYLE_FILL_AREA(#10289);
#10289 = FILL_AREA_STYLE('',(#10290));
#10290 = FILL_AREA_STYLE_COLOUR('',#9088);
#10291 = CURVE_STYLE('',#10292,POSITIVE_LENGTH_MEASURE(0.1),#9088);
#10292 = DRAUGHTING_PRE_DEFINED_CURVE_FONT('continuous');
#10293 = STYLED_ITEM('color',(#10294),#3609);
#10294 = PRESENTATION_STYLE_ASSIGNMENT((#10295,#10300));
#10295 = SURFACE_STYLE_USAGE(.BOTH.,#10296);
#10296 = SURFACE_SIDE_STYLE('',(#10297));
#10297 = SURFACE_STYLE_FILL_AREA(#10298);
#10298 = FILL_AREA_STYLE('',(#10299));
#10299 = FILL_AREA_STYLE_COLOUR('',#9088);
#10300 = CURVE_STYLE('',#10301,POSITIVE_LENGTH_MEASURE(0.1),#9088);
#10301 = DRAUGHTING_PRE_DEFINED_CURVE_FONT('continuous');
#10302 = OVER_RIDING_STYLED_ITEM('overriding color',(#10303),#3623,
  #10293);
#10303 = PRESENTATION_STYLE_ASSIGNMENT((#10304,#10309));
#10304 = SURFACE_STYLE_USAGE(.BOTH.,#10305);
#10305 = SURFACE_SIDE_STYLE('',(#10306));
#10306 = SURFACE_STYLE_FILL_AREA(#10307);
#10307 = FILL_AREA_STYLE('',(#10308));
#10308 = FILL_AREA_STYLE_COLOUR('',#9264);
#10309 = CURVE_STYLE('',#10310,POSITIVE_LENGTH_MEASURE(0.1),#9264);
#10310 = DRAUGHTING_PRE_DEFINED_CURVE_FONT('continuous');
#10311 = OVER_RIDING_STYLED_ITEM('overriding color',(#10312),#3639,
  #10293);
#10312 = PRESENTATION_STYLE_ASSIGNMENT((#10313,#10318));
#10313 = SURFACE_STYLE_USAGE(.BOTH.,#10314);
#10314 = SURFACE_SIDE_STYLE('',(#10315));
#10315 = SURFACE_STYLE_FILL_AREA(#10316);
#10316 = FILL_AREA_STYLE('',(#10317));
#10317 = FILL_AREA_STYLE_COLOUR('',#9264);
#10318 = CURVE_STYLE('',#10319,POSITIVE_LENGTH_MEASURE(0.1),#9264);
#10319 = DRAUGHTING_PRE_DEFINED_CURVE_FONT('continuous');
#10320 = STYLED_ITEM('color',(#10321),#3665);
#10321 = PRESENTATION_STYLE_ASSIGNMENT((#10322,#10327));
#10322 = SURFACE_STYLE_USAGE(.BOTH.,#10323);
#10323 = SURFACE_SIDE_STYLE('',(#10324));
#10324 = SURFACE_STYLE_FILL_AREA(#10325);
#10325 = FILL_AREA_STYLE('',(#10326));
#10326 = FILL_AREA_STYLE_COLOUR('',#9088);
#10327 = CURVE_STYLE('',#10328,POSITIVE_LENGTH_MEASURE(0.1),#9088);
#10328 = DRAUGHTING_PRE_DEFINED_CURVE_FONT('continuous');
#10329 = STYLED_ITEM('color',(#10330),#3689);
#10330 = PRESENTATION_STYLE_ASSIGNMENT((#10331,#10336));
#10331 = SURFACE_STYLE_USAGE(.BOTH.,#10332);
#10332 = SURFACE_SIDE_STYLE('',(#10333));
#10333 = SURFACE_STYLE_FILL_AREA(#10334);
#10334 = FILL_AREA_STYLE('',(#10335));
#10335 = FILL_AREA_STYLE_COLOUR('',#9088);
#10336 = CURVE_STYLE('',#10337,POSITIVE_LENGTH_MEASURE(0.1),#9088);
#10337 = DRAUGHTING_PRE_DEFINED_CURVE_FONT('continuous');
#10338 = OVER_RIDING_STYLED_ITEM('overriding color',(#10339),#3703,
  #10329);
#10339 = PRESENTATION_STYLE_ASSIGNMENT((#10340,#10345));
#10340 = SURFACE_STYLE_USAGE(.BOTH.,#10341);
#10341 = SURFACE_SIDE_STYLE('',(#10342));
#10342 = SURFACE_STYLE_FILL_AREA(#10343);
#10343 = FILL_AREA_STYLE('',(#10344));
#10344 = FILL_AREA_STYLE_COLOUR('',#9264);
#10345 = CURVE_STYLE('',#10346,POSITIVE_LENGTH_MEASURE(0.1),#9264);
#10346 = DRAUGHTING_PRE_DEFINED_CURVE_FONT('continuous');
#10347 = OVER_RIDING_STYLED_ITEM('overriding color',(#10348),#3719,
  #10329);
#10348 = PRESENTATION_STYLE_ASSIGNMENT((#10349,#10354));
#10349 = SURFACE_STYLE_USAGE(.BOTH.,#10350);
#10350 = SURFACE_SIDE_STYLE('',(#10351));
#10351 = SURFACE_STYLE_FILL_AREA(#10352);
#10352 = FILL_AREA_STYLE('',(#10353));
#10353 = FILL_AREA_STYLE_COLOUR('',#9264);
#10354 = CURVE_STYLE('',#10355,POSITIVE_LENGTH_MEASURE(0.1),#9264);
#10355 = DRAUGHTING_PRE_DEFINED_CURVE_FONT('continuous');
#10356 = STYLED_ITEM('color',(#10357),#3738);
#10357 = PRESENTATION_STYLE_ASSIGNMENT((#10358,#10363));
#10358 = SURFACE_STYLE_USAGE(.BOTH.,#10359);
#10359 = SURFACE_SIDE_STYLE('',(#10360));
#10360 = SURFACE_STYLE_FILL_AREA(#10361);
#10361 = FILL_AREA_STYLE('',(#10362));
#10362 = FILL_AREA_STYLE_COLOUR('',#9088);
#10363 = CURVE_STYLE('',#10364,POSITIVE_LENGTH_MEASURE(0.1),#9088);
#10364 = DRAUGHTING_PRE_DEFINED_CURVE_FONT('continuous');
#10365 = STYLED_ITEM('color',(#10366),#3769);
#10366 = PRESENTATION_STYLE_ASSIGNMENT((#10367,#10372));
#10367 = SURFACE_STYLE_USAGE(.BOTH.,#10368);
#10368 = SURFACE_SIDE_STYLE('',(#10369));
#10369 = SURFACE_STYLE_FILL_AREA(#10370);
#10370 = FILL_AREA_STYLE('',(#10371));
#10371 = FILL_AREA_STYLE_COLOUR('',#9088);
#10372 = CURVE_STYLE('',#10373,POSITIVE_LENGTH_MEASURE(0.1),#9088);
#10373 = DRAUGHTING_PRE_DEFINED_CURVE_FONT('continuous');
#10374 = OVER_RIDING_STYLED_ITEM('overriding color',(#10375),#3783,
  #10365);
#10375 = PRESENTATION_STYLE_ASSIGNMENT((#10376,#10381));
#10376 = SURFACE_STYLE_USAGE(.BOTH.,#10377);
#10377 = SURFACE_SIDE_STYLE('',(#10378));
#10378 = SURFACE_STYLE_FILL_AREA(#10379);
#10379 = FILL_AREA_STYLE('',(#10380));
#10380 = FILL_AREA_STYLE_COLOUR('',#9264);
#10381 = CURVE_STYLE('',#10382,POSITIVE_LENGTH_MEASURE(0.1),#9264);
#10382 = DRAUGHTING_PRE_DEFINED_CURVE_FONT('continuous');
#10383 = OVER_RIDING_STYLED_ITEM('overriding color',(#10384),#3799,
  #10365);
#10384 = PRESENTATION_STYLE_ASSIGNMENT((#10385,#10390));
#10385 = SURFACE_STYLE_USAGE(.BOTH.,#10386);
#10386 = SURFACE_SIDE_STYLE('',(#10387));
#10387 = SURFACE_STYLE_FILL_AREA(#10388);
#10388 = FILL_AREA_STYLE('',(#10389));
#10389 = FILL_AREA_STYLE_COLOUR('',#9264);
#10390 = CURVE_STYLE('',#10391,POSITIVE_LENGTH_MEASURE(0.1),#9264);
#10391 = DRAUGHTING_PRE_DEFINED_CURVE_FONT('continuous');
#10392 = STYLED_ITEM('color',(#10393),#3825);
#10393 = PRESENTATION_STYLE_ASSIGNMENT((#10394,#10399));
#10394 = SURFACE_STYLE_USAGE(.BOTH.,#10395);
#10395 = SURFACE_SIDE_STYLE('',(#10396));
#10396 = SURFACE_STYLE_FILL_AREA(#10397);
#10397 = FILL_AREA_STYLE('',(#10398));
#10398 = FILL_AREA_STYLE_COLOUR('',#9088);
#10399 = CURVE_STYLE('',#10400,POSITIVE_LENGTH_MEASURE(0.1),#9088);
#10400 = DRAUGHTING_PRE_DEFINED_CURVE_FONT('continuous');
#10401 = STYLED_ITEM('color',(#10402),#3849);
#10402 = PRESENTATION_STYLE_ASSIGNMENT((#10403,#10408));
#10403 = SURFACE_STYLE_USAGE(.BOTH.,#10404);
#10404 = SURFACE_SIDE_STYLE('',(#10405));
#10405 = SURFACE_STYLE_FILL_AREA(#10406);
#10406 = FILL_AREA_STYLE('',(#10407));
#10407 = FILL_AREA_STYLE_COLOUR('',#9088);
#10408 = CURVE_STYLE('',#10409,POSITIVE_LENGTH_MEASURE(0.1),#9088);
#10409 = DRAUGHTING_PRE_DEFINED_CURVE_FONT('continuous');
#10410 = OVER_RIDING_STYLED_ITEM('overriding color',(#10411),#3863,
  #10401);
#10411 = PRESENTATION_STYLE_ASSIGNMENT((#10412,#10417));
#10412 = SURFACE_STYLE_USAGE(.BOTH.,#10413);
#10413 = SURFACE_SIDE_STYLE('',(#10414));
#10414 = SURFACE_STYLE_FILL_AREA(#10415);
#10415 = FILL_AREA_STYLE('',(#10416));
#10416 = FILL_AREA_STYLE_COLOUR('',#9264);
#10417 = CURVE_STYLE('',#10418,POSITIVE_LENGTH_MEASURE(0.1),#9264);
#10418 = DRAUGHTING_PRE_DEFINED_CURVE_FONT('continuous');
#10419 = OVER_RIDING_STYLED_ITEM('overriding color',(#10420),#3879,
  #10401);
#10420 = PRESENTATION_STYLE_ASSIGNMENT((#10421,#10426));
#10421 = SURFACE_STYLE_USAGE(.BOTH.,#10422);
#10422 = SURFACE_SIDE_STYLE('',(#10423));
#10423 = SURFACE_STYLE_FILL_AREA(#10424);
#10424 = FILL_AREA_STYLE('',(#10425));
#10425 = FILL_AREA_STYLE_COLOUR('',#9264);
#10426 = CURVE_STYLE('',#10427,POSITIVE_LENGTH_MEASURE(0.1),#9264);
#10427 = DRAUGHTING_PRE_DEFINED_CURVE_FONT('continuous');
#10428 = STYLED_ITEM('color',(#10429),#3898);
#10429 = PRESENTATION_STYLE_ASSIGNMENT((#10430,#10435));
#10430 = SURFACE_STYLE_USAGE(.BOTH.,#10431);
#10431 = SURFACE_SIDE_STYLE('',(#10432));
#10432 = SURFACE_STYLE_FILL_AREA(#10433);
#10433 = FILL_AREA_STYLE('',(#10434));
#10434 = FILL_AREA_STYLE_COLOUR('',#9088);
#10435 = CURVE_STYLE('',#10436,POSITIVE_LENGTH_MEASURE(0.1),#9088);
#10436 = DRAUGHTING_PRE_DEFINED_CURVE_FONT('continuous');
#10437 = STYLED_ITEM('color',(#10438),#3929);
#10438 = PRESENTATION_STYLE_ASSIGNMENT((#10439,#10444));
#10439 = SURFACE_STYLE_USAGE(.BOTH.,#10440);
#10440 = SURFACE_SIDE_STYLE('',(#10441));
#10441 = SURFACE_STYLE_FILL_AREA(#10442);
#10442 = FILL_AREA_STYLE('',(#10443));
#10443 = FILL_AREA_STYLE_COLOUR('',#9088);
#10444 = CURVE_STYLE('',#10445,POSITIVE_LENGTH_MEASURE(0.1),#9088);
#10445 = DRAUGHTING_PRE_DEFINED_CURVE_FONT('continuous');
#10446 = OVER_RIDING_STYLED_ITEM('overriding color',(#10447),#3943,
  #10437);
#10447 = PRESENTATION_STYLE_ASSIGNMENT((#10448,#10453));
#10448 = SURFACE_STYLE_USAGE(.BOTH.,#10449);
#10449 = SURFACE_SIDE_STYLE('',(#10450));
#10450 = SURFACE_STYLE_FILL_AREA(#10451);
#10451 = FILL_AREA_STYLE('',(#10452));
#10452 = FILL_AREA_STYLE_COLOUR('',#9264);
#10453 = CURVE_STYLE('',#10454,POSITIVE_LENGTH_MEASURE(0.1),#9264);
#10454 = DRAUGHTING_PRE_DEFINED_CURVE_FONT('continuous');
#10455 = OVER_RIDING_STYLED_ITEM('overriding color',(#10456),#3959,
  #10437);
#10456 = PRESENTATION_STYLE_ASSIGNMENT((#10457,#10462));
#10457 = SURFACE_STYLE_USAGE(.BOTH.,#10458);
#10458 = SURFACE_SIDE_STYLE('',(#10459));
#10459 = SURFACE_STYLE_FILL_AREA(#10460);
#10460 = FILL_AREA_STYLE('',(#10461));
#10461 = FILL_AREA_STYLE_COLOUR('',#9264);
#10462 = CURVE_STYLE('',#10463,POSITIVE_LENGTH_MEASURE(0.1),#9264);
#10463 = DRAUGHTING_PRE_DEFINED_CURVE_FONT('continuous');
#10464 = STYLED_ITEM('color',(#10465),#3985);
#10465 = PRESENTATION_STYLE_ASSIGNMENT((#10466,#10471));
#10466 = SURFACE_STYLE_USAGE(.BOTH.,#10467);
#10467 = SURFACE_SIDE_STYLE('',(#10468));
#10468 = SURFACE_STYLE_FILL_AREA(#10469);
#10469 = FILL_AREA_STYLE('',(#10470));
#10470 = FILL_AREA_STYLE_COLOUR('',#9088);
#10471 = CURVE_STYLE('',#10472,POSITIVE_LENGTH_MEASURE(0.1),#9088);
#10472 = DRAUGHTING_PRE_DEFINED_CURVE_FONT('continuous');
#10473 = STYLED_ITEM('color',(#10474),#4009);
#10474 = PRESENTATION_STYLE_ASSIGNMENT((#10475,#10480));
#10475 = SURFACE_STYLE_USAGE(.BOTH.,#10476);
#10476 = SURFACE_SIDE_STYLE('',(#10477));
#10477 = SURFACE_STYLE_FILL_AREA(#10478);
#10478 = FILL_AREA_STYLE('',(#10479));
#10479 = FILL_AREA_STYLE_COLOUR('',#9088);
#10480 = CURVE_STYLE('',#10481,POSITIVE_LENGTH_MEASURE(0.1),#9088);
#10481 = DRAUGHTING_PRE_DEFINED_CURVE_FONT('continuous');
#10482 = OVER_RIDING_STYLED_ITEM('overriding color',(#10483),#4023,
  #10473);
#10483 = PRESENTATION_STYLE_ASSIGNMENT((#10484,#10489));
#10484 = SURFACE_STYLE_USAGE(.BOTH.,#10485);
#10485 = SURFACE_SIDE_STYLE('',(#10486));
#10486 = SURFACE_STYLE_FILL_AREA(#10487);
#10487 = FILL_AREA_STYLE('',(#10488));
#10488 = FILL_AREA_STYLE_COLOUR('',#9264);
#10489 = CURVE_STYLE('',#10490,POSITIVE_LENGTH_MEASURE(0.1),#9264);
#10490 = DRAUGHTING_PRE_DEFINED_CURVE_FONT('continuous');
#10491 = OVER_RIDING_STYLED_ITEM('overriding color',(#10492),#4039,
  #10473);
#10492 = PRESENTATION_STYLE_ASSIGNMENT((#10493,#10498));
#10493 = SURFACE_STYLE_USAGE(.BOTH.,#10494);
#10494 = SURFACE_SIDE_STYLE('',(#10495));
#10495 = SURFACE_STYLE_FILL_AREA(#10496);
#10496 = FILL_AREA_STYLE('',(#10497));
#10497 = FILL_AREA_STYLE_COLOUR('',#9264);
#10498 = CURVE_STYLE('',#10499,POSITIVE_LENGTH_MEASURE(0.1),#9264);
#10499 = DRAUGHTING_PRE_DEFINED_CURVE_FONT('continuous');
#10500 = STYLED_ITEM('color',(#10501),#4058);
#10501 = PRESENTATION_STYLE_ASSIGNMENT((#10502,#10507));
#10502 = SURFACE_STYLE_USAGE(.BOTH.,#10503);
#10503 = SURFACE_SIDE_STYLE('',(#10504));
#10504 = SURFACE_STYLE_FILL_AREA(#10505);
#10505 = FILL_AREA_STYLE('',(#10506));
#10506 = FILL_AREA_STYLE_COLOUR('',#9088);
#10507 = CURVE_STYLE('',#10508,POSITIVE_LENGTH_MEASURE(0.1),#9088);
#10508 = DRAUGHTING_PRE_DEFINED_CURVE_FONT('continuous');
#10509 = STYLED_ITEM('color',(#10510),#4089);
#10510 = PRESENTATION_STYLE_ASSIGNMENT((#10511,#10516));
#10511 = SURFACE_STYLE_USAGE(.BOTH.,#10512);
#10512 = SURFACE_SIDE_STYLE('',(#10513));
#10513 = SURFACE_STYLE_FILL_AREA(#10514);
#10514 = FILL_AREA_STYLE('',(#10515));
#10515 = FILL_AREA_STYLE_COLOUR('',#9088);
#10516 = CURVE_STYLE('',#10517,POSITIVE_LENGTH_MEASURE(0.1),#9088);
#10517 = DRAUGHTING_PRE_DEFINED_CURVE_FONT('continuous');
#10518 = OVER_RIDING_STYLED_ITEM('overriding color',(#10519),#4103,
  #10509);
#10519 = PRESENTATION_STYLE_ASSIGNMENT((#10520,#10525));
#10520 = SURFACE_STYLE_USAGE(.BOTH.,#10521);
#10521 = SURFACE_SIDE_STYLE('',(#10522));
#10522 = SURFACE_STYLE_FILL_AREA(#10523);
#10523 = FILL_AREA_STYLE('',(#10524));
#10524 = FILL_AREA_STYLE_COLOUR('',#9264);
#10525 = CURVE_STYLE('',#10526,POSITIVE_LENGTH_MEASURE(0.1),#9264);
#10526 = DRAUGHTING_PRE_DEFINED_CURVE_FONT('continuous');
#10527 = OVER_RIDING_STYLED_ITEM('overriding color',(#10528),#4119,
  #10509);
#10528 = PRESENTATION_STYLE_ASSIGNMENT((#10529,#10534));
#10529 = SURFACE_STYLE_USAGE(.BOTH.,#10530);
#10530 = SURFACE_SIDE_STYLE('',(#10531));
#10531 = SURFACE_STYLE_FILL_AREA(#10532);
#10532 = FILL_AREA_STYLE('',(#10533));
#10533 = FILL_AREA_STYLE_COLOUR('',#9264);
#10534 = CURVE_STYLE('',#10535,POSITIVE_LENGTH_MEASURE(0.1),#9264);
#10535 = DRAUGHTING_PRE_DEFINED_CURVE_FONT('continuous');
#10536 = STYLED_ITEM('color',(#10537),#4145);
#10537 = PRESENTATION_STYLE_ASSIGNMENT((#10538,#10543));
#10538 = SURFACE_STYLE_USAGE(.BOTH.,#10539);
#10539 = SURFACE_SIDE_STYLE('',(#10540));
#10540 = SURFACE_STYLE_FILL_AREA(#10541);
#10541 = FILL_AREA_STYLE('',(#10542));
#10542 = FILL_AREA_STYLE_COLOUR('',#9088);
#10543 = CURVE_STYLE('',#10544,POSITIVE_LENGTH_MEASURE(0.1),#9088);
#10544 = DRAUGHTING_PRE_DEFINED_CURVE_FONT('continuous');
#10545 = STYLED_ITEM('color',(#10546),#4169);
#10546 = PRESENTATION_STYLE_ASSIGNMENT((#10547,#10552));
#10547 = SURFACE_STYLE_USAGE(.BOTH.,#10548);
#10548 = SURFACE_SIDE_STYLE('',(#10549));
#10549 = SURFACE_STYLE_FILL_AREA(#10550);
#10550 = FILL_AREA_STYLE('',(#10551));
#10551 = FILL_AREA_STYLE_COLOUR('',#9088);
#10552 = CURVE_STYLE('',#10553,POSITIVE_LENGTH_MEASURE(0.1),#9088);
#10553 = DRAUGHTING_PRE_DEFINED_CURVE_FONT('continuous');
#10554 = OVER_RIDING_STYLED_ITEM('overriding color',(#10555),#4183,
  #10545);
#10555 = PRESENTATION_STYLE_ASSIGNMENT((#10556,#10561));
#10556 = SURFACE_STYLE_USAGE(.BOTH.,#10557);
#10557 = SURFACE_SIDE_STYLE('',(#10558));
#10558 = SURFACE_STYLE_FILL_AREA(#10559);
#10559 = FILL_AREA_STYLE('',(#10560));
#10560 = FILL_AREA_STYLE_COLOUR('',#9264);
#10561 = CURVE_STYLE('',#10562,POSITIVE_LENGTH_MEASURE(0.1),#9264);
#10562 = DRAUGHTING_PRE_DEFINED_CURVE_FONT('continuous');
#10563 = OVER_RIDING_STYLED_ITEM('overriding color',(#10564),#4199,
  #10545);
#10564 = PRESENTATION_STYLE_ASSIGNMENT((#10565,#10570));
#10565 = SURFACE_STYLE_USAGE(.BOTH.,#10566);
#10566 = SURFACE_SIDE_STYLE('',(#10567));
#10567 = SURFACE_STYLE_FILL_AREA(#10568);
#10568 = FILL_AREA_STYLE('',(#10569));
#10569 = FILL_AREA_STYLE_COLOUR('',#9264);
#10570 = CURVE_STYLE('',#10571,POSITIVE_LENGTH_MEASURE(0.1),#9264);
#10571 = DRAUGHTING_PRE_DEFINED_CURVE_FONT('continuous');
#10572 = STYLED_ITEM('color',(#10573),#4218);
#10573 = PRESENTATION_STYLE_ASSIGNMENT((#10574,#10579));
#10574 = SURFACE_STYLE_USAGE(.BOTH.,#10575);
#10575 = SURFACE_SIDE_STYLE('',(#10576));
#10576 = SURFACE_STYLE_FILL_AREA(#10577);
#10577 = FILL_AREA_STYLE('',(#10578));
#10578 = FILL_AREA_STYLE_COLOUR('',#9264);
#10579 = CURVE_STYLE('',#10580,POSITIVE_LENGTH_MEASURE(0.1),#9264);
#10580 = DRAUGHTING_PRE_DEFINED_CURVE_FONT('continuous');
#10581 = STYLED_ITEM('color',(#10582),#4235);
#10582 = PRESENTATION_STYLE_ASSIGNMENT((#10583,#10588));
#10583 = SURFACE_STYLE_USAGE(.BOTH.,#10584);
#10584 = SURFACE_SIDE_STYLE('',(#10585));
#10585 = SURFACE_STYLE_FILL_AREA(#10586);
#10586 = FILL_AREA_STYLE('',(#10587));
#10587 = FILL_AREA_STYLE_COLOUR('',#9264);
#10588 = CURVE_STYLE('',#10589,POSITIVE_LENGTH_MEASURE(0.1),#9264);
#10589 = DRAUGHTING_PRE_DEFINED_CURVE_FONT('continuous');
#10590 = STYLED_ITEM('color',(#10591),#4252);
#10591 = PRESENTATION_STYLE_ASSIGNMENT((#10592,#10597));
#10592 = SURFACE_STYLE_USAGE(.BOTH.,#10593);
#10593 = SURFACE_SIDE_STYLE('',(#10594));
#10594 = SURFACE_STYLE_FILL_AREA(#10595);
#10595 = FILL_AREA_STYLE('',(#10596));
#10596 = FILL_AREA_STYLE_COLOUR('',#9264);
#10597 = CURVE_STYLE('',#10598,POSITIVE_LENGTH_MEASURE(0.1),#9264);
#10598 = DRAUGHTING_PRE_DEFINED_CURVE_FONT('continuous');
#10599 = STYLED_ITEM('color',(#10600),#4269);
#10600 = PRESENTATION_STYLE_ASSIGNMENT((#10601,#10606));
#10601 = SURFACE_STYLE_USAGE(.BOTH.,#10602);
#10602 = SURFACE_SIDE_STYLE('',(#10603));
#10603 = SURFACE_STYLE_FILL_AREA(#10604);
#10604 = FILL_AREA_STYLE('',(#10605));
#10605 = FILL_AREA_STYLE_COLOUR('',#9264);
#10606 = CURVE_STYLE('',#10607,POSITIVE_LENGTH_MEASURE(0.1),#9264);
#10607 = DRAUGHTING_PRE_DEFINED_CURVE_FONT('continuous');
#10608 = STYLED_ITEM('color',(#10609),#4286);
#10609 = PRESENTATION_STYLE_ASSIGNMENT((#10610,#10615));
#10610 = SURFACE_STYLE_USAGE(.BOTH.,#10611);
#10611 = SURFACE_SIDE_STYLE('',(#10612));
#10612 = SURFACE_STYLE_FILL_AREA(#10613);
#10613 = FILL_AREA_STYLE('',(#10614));
#10614 = FILL_AREA_STYLE_COLOUR('',#9264);
#10615 = CURVE_STYLE('',#10616,POSITIVE_LENGTH_MEASURE(0.1),#9264);
#10616 = DRAUGHTING_PRE_DEFINED_CURVE_FONT('continuous');
#10617 = STYLED_ITEM('color',(#10618),#4298);
#10618 = PRESENTATION_STYLE_ASSIGNMENT((#10619,#10624));
#10619 = SURFACE_STYLE_USAGE(.BOTH.,#10620);
#10620 = SURFACE_SIDE_STYLE('',(#10621));
#10621 = SURFACE_STYLE_FILL_AREA(#10622);
#10622 = FILL_AREA_STYLE('',(#10623));
#10623 = FILL_AREA_STYLE_COLOUR('',#9264);
#10624 = CURVE_STYLE('',#10625,POSITIVE_LENGTH_MEASURE(0.1),#9264);
#10625 = DRAUGHTING_PRE_DEFINED_CURVE_FONT('continuous');
#10626 = STYLED_ITEM('color',(#10627),#4315);
#10627 = PRESENTATION_STYLE_ASSIGNMENT((#10628,#10633));
#10628 = SURFACE_STYLE_USAGE(.BOTH.,#10629);
#10629 = SURFACE_SIDE_STYLE('',(#10630));
#10630 = SURFACE_STYLE_FILL_AREA(#10631);
#10631 = FILL_AREA_STYLE('',(#10632));
#10632 = FILL_AREA_STYLE_COLOUR('',#9264);
#10633 = CURVE_STYLE('',#10634,POSITIVE_LENGTH_MEASURE(0.1),#9264);
#10634 = DRAUGHTING_PRE_DEFINED_CURVE_FONT('continuous');
#10635 = STYLED_ITEM('color',(#10636),#4332);
#10636 = PRESENTATION_STYLE_ASSIGNMENT((#10637,#10642));
#10637 = SURFACE_STYLE_USAGE(.BOTH.,#10638);
#10638 = SURFACE_SIDE_STYLE('',(#10639));
#10639 = SURFACE_STYLE_FILL_AREA(#10640);
#10640 = FILL_AREA_STYLE('',(#10641));
#10641 = FILL_AREA_STYLE_COLOUR('',#9264);
#10642 = CURVE_STYLE('',#10643,POSITIVE_LENGTH_MEASURE(0.1),#9264);
#10643 = DRAUGHTING_PRE_DEFINED_CURVE_FONT('continuous');
#10644 = STYLED_ITEM('color',(#10645),#4349);
#10645 = PRESENTATION_STYLE_ASSIGNMENT((#10646,#10651));
#10646 = SURFACE_STYLE_USAGE(.BOTH.,#10647);
#10647 = SURFACE_SIDE_STYLE('',(#10648));
#10648 = SURFACE_STYLE_FILL_AREA(#10649);
#10649 = FILL_AREA_STYLE('',(#10650));
#10650 = FILL_AREA_STYLE_COLOUR('',#9264);
#10651 = CURVE_STYLE('',#10652,POSITIVE_LENGTH_MEASURE(0.1),#9264);
#10652 = DRAUGHTING_PRE_DEFINED_CURVE_FONT('continuous');
#10653 = STYLED_ITEM('color',(#10654),#4366);
#10654 = PRESENTATION_STYLE_ASSIGNMENT((#10655,#10660));
#10655 = SURFACE_STYLE_USAGE(.BOTH.,#10656);
#10656 = SURFACE_SIDE_STYLE('',(#10657));
#10657 = SURFACE_STYLE_FILL_AREA(#10658);
#10658 = FILL_AREA_STYLE('',(#10659));
#10659 = FILL_AREA_STYLE_COLOUR('',#9264);
#10660 = CURVE_STYLE('',#10661,POSITIVE_LENGTH_MEASURE(0.1),#9264);
#10661 = DRAUGHTING_PRE_DEFINED_CURVE_FONT('continuous');
#10662 = STYLED_ITEM('color',(#10663),#4378);
#10663 = PRESENTATION_STYLE_ASSIGNMENT((#10664,#10669));
#10664 = SURFACE_STYLE_USAGE(.BOTH.,#10665);
#10665 = SURFACE_SIDE_STYLE('',(#10666));
#10666 = SURFACE_STYLE_FILL_AREA(#10667);
#10667 = FILL_AREA_STYLE('',(#10668));
#10668 = FILL_AREA_STYLE_COLOUR('',#9264);
#10669 = CURVE_STYLE('',#10670,POSITIVE_LENGTH_MEASURE(0.1),#9264);
#10670 = DRAUGHTING_PRE_DEFINED_CURVE_FONT('continuous');
#10671 = STYLED_ITEM('color',(#10672),#4395);
#10672 = PRESENTATION_STYLE_ASSIGNMENT((#10673,#10678));
#10673 = SURFACE_STYLE_USAGE(.BOTH.,#10674);
#10674 = SURFACE_SIDE_STYLE('',(#10675));
#10675 = SURFACE_STYLE_FILL_AREA(#10676);
#10676 = FILL_AREA_STYLE('',(#10677));
#10677 = FILL_AREA_STYLE_COLOUR('',#9264);
#10678 = CURVE_STYLE('',#10679,POSITIVE_LENGTH_MEASURE(0.1),#9264);
#10679 = DRAUGHTING_PRE_DEFINED_CURVE_FONT('continuous');
#10680 = STYLED_ITEM('color',(#10681),#4412);
#10681 = PRESENTATION_STYLE_ASSIGNMENT((#10682,#10687));
#10682 = SURFACE_STYLE_USAGE(.BOTH.,#10683);
#10683 = SURFACE_SIDE_STYLE('',(#10684));
#10684 = SURFACE_STYLE_FILL_AREA(#10685);
#10685 = FILL_AREA_STYLE('',(#10686));
#10686 = FILL_AREA_STYLE_COLOUR('',#9264);
#10687 = CURVE_STYLE('',#10688,POSITIVE_LENGTH_MEASURE(0.1),#9264);
#10688 = DRAUGHTING_PRE_DEFINED_CURVE_FONT('continuous');
#10689 = STYLED_ITEM('color',(#10690),#4429);
#10690 = PRESENTATION_STYLE_ASSIGNMENT((#10691,#10696));
#10691 = SURFACE_STYLE_USAGE(.BOTH.,#10692);
#10692 = SURFACE_SIDE_STYLE('',(#10693));
#10693 = SURFACE_STYLE_FILL_AREA(#10694);
#10694 = FILL_AREA_STYLE('',(#10695));
#10695 = FILL_AREA_STYLE_COLOUR('',#9264);
#10696 = CURVE_STYLE('',#10697,POSITIVE_LENGTH_MEASURE(0.1),#9264);
#10697 = DRAUGHTING_PRE_DEFINED_CURVE_FONT('continuous');
#10698 = STYLED_ITEM('color',(#10699),#4446);
#10699 = PRESENTATION_STYLE_ASSIGNMENT((#10700,#10705));
#10700 = SURFACE_STYLE_USAGE(.BOTH.,#10701);
#10701 = SURFACE_SIDE_STYLE('',(#10702));
#10702 = SURFACE_STYLE_FILL_AREA(#10703);
#10703 = FILL_AREA_STYLE('',(#10704));
#10704 = FILL_AREA_STYLE_COLOUR('',#9264);
#10705 = CURVE_STYLE('',#10706,POSITIVE_LENGTH_MEASURE(0.1),#9264);
#10706 = DRAUGHTING_PRE_DEFINED_CURVE_FONT('continuous');
#10707 = STYLED_ITEM('color',(#10708),#4458);
#10708 = PRESENTATION_STYLE_ASSIGNMENT((#10709,#10714));
#10709 = SURFACE_STYLE_USAGE(.BOTH.,#10710);
#10710 = SURFACE_SIDE_STYLE('',(#10711));
#10711 = SURFACE_STYLE_FILL_AREA(#10712);
#10712 = FILL_AREA_STYLE('',(#10713));
#10713 = FILL_AREA_STYLE_COLOUR('',#9264);
#10714 = CURVE_STYLE('',#10715,POSITIVE_LENGTH_MEASURE(0.1),#9264);
#10715 = DRAUGHTING_PRE_DEFINED_CURVE_FONT('continuous');
#10716 = STYLED_ITEM('color',(#10717),#4475);
#10717 = PRESENTATION_STYLE_ASSIGNMENT((#10718,#10723));
#10718 = SURFACE_STYLE_USAGE(.BOTH.,#10719);
#10719 = SURFACE_SIDE_STYLE('',(#10720));
#10720 = SURFACE_STYLE_FILL_AREA(#10721);
#10721 = FILL_AREA_STYLE('',(#10722));
#10722 = FILL_AREA_STYLE_COLOUR('',#9264);
#10723 = CURVE_STYLE('',#10724,POSITIVE_LENGTH_MEASURE(0.1),#9264);
#10724 = DRAUGHTING_PRE_DEFINED_CURVE_FONT('continuous');
#10725 = STYLED_ITEM('color',(#10726),#4492);
#10726 = PRESENTATION_STYLE_ASSIGNMENT((#10727,#10732));
#10727 = SURFACE_STYLE_USAGE(.BOTH.,#10728);
#10728 = SURFACE_SIDE_STYLE('',(#10729));
#10729 = SURFACE_STYLE_FILL_AREA(#10730);
#10730 = FILL_AREA_STYLE('',(#10731));
#10731 = FILL_AREA_STYLE_COLOUR('',#9264);
#10732 = CURVE_STYLE('',#10733,POSITIVE_LENGTH_MEASURE(0.1),#9264);
#10733 = DRAUGHTING_PRE_DEFINED_CURVE_FONT('continuous');
#10734 = STYLED_ITEM('color',(#10735),#4509);
#10735 = PRESENTATION_STYLE_ASSIGNMENT((#10736,#10741));
#10736 = SURFACE_STYLE_USAGE(.BOTH.,#10737);
#10737 = SURFACE_SIDE_STYLE('',(#10738));
#10738 = SURFACE_STYLE_FILL_AREA(#10739);
#10739 = FILL_AREA_STYLE('',(#10740));
#10740 = FILL_AREA_STYLE_COLOUR('',#9264);
#10741 = CURVE_STYLE('',#10742,POSITIVE_LENGTH_MEASURE(0.1),#9264);
#10742 = DRAUGHTING_PRE_DEFINED_CURVE_FONT('continuous');
#10743 = STYLED_ITEM('color',(#10744),#4526);
#10744 = PRESENTATION_STYLE_ASSIGNMENT((#10745,#10750));
#10745 = SURFACE_STYLE_USAGE(.BOTH.,#10746);
#10746 = SURFACE_SIDE_STYLE('',(#10747));
#10747 = SURFACE_STYLE_FILL_AREA(#10748);
#10748 = FILL_AREA_STYLE('',(#10749));
#10749 = FILL_AREA_STYLE_COLOUR('',#9264);
#10750 = CURVE_STYLE('',#10751,POSITIVE_LENGTH_MEASURE(0.1),#9264);
#10751 = DRAUGHTING_PRE_DEFINED_CURVE_FONT('continuous');
#10752 = STYLED_ITEM('color',(#10753),#4538);
#10753 = PRESENTATION_STYLE_ASSIGNMENT((#10754,#10759));
#10754 = SURFACE_STYLE_USAGE(.BOTH.,#10755);
#10755 = SURFACE_SIDE_STYLE('',(#10756));
#10756 = SURFACE_STYLE_FILL_AREA(#10757);
#10757 = FILL_AREA_STYLE('',(#10758));
#10758 = FILL_AREA_STYLE_COLOUR('',#9264);
#10759 = CURVE_STYLE('',#10760,POSITIVE_LENGTH_MEASURE(0.1),#9264);
#10760 = DRAUGHTING_PRE_DEFINED_CURVE_FONT('continuous');
#10761 = STYLED_ITEM('color',(#10762),#4555);
#10762 = PRESENTATION_STYLE_ASSIGNMENT((#10763,#10768));
#10763 = SURFACE_STYLE_USAGE(.BOTH.,#10764);
#10764 = SURFACE_SIDE_STYLE('',(#10765));
#10765 = SURFACE_STYLE_FILL_AREA(#10766);
#10766 = FILL_AREA_STYLE('',(#10767));
#10767 = FILL_AREA_STYLE_COLOUR('',#9264);
#10768 = CURVE_STYLE('',#10769,POSITIVE_LENGTH_MEASURE(0.1),#9264);
#10769 = DRAUGHTING_PRE_DEFINED_CURVE_FONT('continuous');
#10770 = STYLED_ITEM('color',(#10771),#4572);
#10771 = PRESENTATION_STYLE_ASSIGNMENT((#10772,#10777));
#10772 = SURFACE_STYLE_USAGE(.BOTH.,#10773);
#10773 = SURFACE_SIDE_STYLE('',(#10774));
#10774 = SURFACE_STYLE_FILL_AREA(#10775);
#10775 = FILL_AREA_STYLE('',(#10776));
#10776 = FILL_AREA_STYLE_COLOUR('',#9264);
#10777 = CURVE_STYLE('',#10778,POSITIVE_LENGTH_MEASURE(0.1),#9264);
#10778 = DRAUGHTING_PRE_DEFINED_CURVE_FONT('continuous');
#10779 = STYLED_ITEM('color',(#10780),#4589);
#10780 = PRESENTATION_STYLE_ASSIGNMENT((#10781,#10786));
#10781 = SURFACE_STYLE_USAGE(.BOTH.,#10782);
#10782 = SURFACE_SIDE_STYLE('',(#10783));
#10783 = SURFACE_STYLE_FILL_AREA(#10784);
#10784 = FILL_AREA_STYLE('',(#10785));
#10785 = FILL_AREA_STYLE_COLOUR('',#9264);
#10786 = CURVE_STYLE('',#10787,POSITIVE_LENGTH_MEASURE(0.1),#9264);
#10787 = DRAUGHTING_PRE_DEFINED_CURVE_FONT('continuous');
#10788 = STYLED_ITEM('color',(#10789),#4606);
#10789 = PRESENTATION_STYLE_ASSIGNMENT((#10790,#10795));
#10790 = SURFACE_STYLE_USAGE(.BOTH.,#10791);
#10791 = SURFACE_SIDE_STYLE('',(#10792));
#10792 = SURFACE_STYLE_FILL_AREA(#10793);
#10793 = FILL_AREA_STYLE('',(#10794));
#10794 = FILL_AREA_STYLE_COLOUR('',#9264);
#10795 = CURVE_STYLE('',#10796,POSITIVE_LENGTH_MEASURE(0.1),#9264);
#10796 = DRAUGHTING_PRE_DEFINED_CURVE_FONT('continuous');
#10797 = STYLED_ITEM('color',(#10798),#4618);
#10798 = PRESENTATION_STYLE_ASSIGNMENT((#10799,#10804));
#10799 = SURFACE_STYLE_USAGE(.BOTH.,#10800);
#10800 = SURFACE_SIDE_STYLE('',(#10801));
#10801 = SURFACE_STYLE_FILL_AREA(#10802);
#10802 = FILL_AREA_STYLE('',(#10803));
#10803 = FILL_AREA_STYLE_COLOUR('',#9264);
#10804 = CURVE_STYLE('',#10805,POSITIVE_LENGTH_MEASURE(0.1),#9264);
#10805 = DRAUGHTING_PRE_DEFINED_CURVE_FONT('continuous');
#10806 = STYLED_ITEM('color',(#10807),#4635);
#10807 = PRESENTATION_STYLE_ASSIGNMENT((#10808,#10813));
#10808 = SURFACE_STYLE_USAGE(.BOTH.,#10809);
#10809 = SURFACE_SIDE_STYLE('',(#10810));
#10810 = SURFACE_STYLE_FILL_AREA(#10811);
#10811 = FILL_AREA_STYLE('',(#10812));
#10812 = FILL_AREA_STYLE_COLOUR('',#9264);
#10813 = CURVE_STYLE('',#10814,POSITIVE_LENGTH_MEASURE(0.1),#9264);
#10814 = DRAUGHTING_PRE_DEFINED_CURVE_FONT('continuous');
#10815 = STYLED_ITEM('color',(#10816),#4652);
#10816 = PRESENTATION_STYLE_ASSIGNMENT((#10817,#10822));
#10817 = SURFACE_STYLE_USAGE(.BOTH.,#10818);
#10818 = SURFACE_SIDE_STYLE('',(#10819));
#10819 = SURFACE_STYLE_FILL_AREA(#10820);
#10820 = FILL_AREA_STYLE('',(#10821));
#10821 = FILL_AREA_STYLE_COLOUR('',#9264);
#10822 = CURVE_STYLE('',#10823,POSITIVE_LENGTH_MEASURE(0.1),#9264);
#10823 = DRAUGHTING_PRE_DEFINED_CURVE_FONT('continuous');
#10824 = STYLED_ITEM('color',(#10825),#4669);
#10825 = PRESENTATION_STYLE_ASSIGNMENT((#10826,#10831));
#10826 = SURFACE_STYLE_USAGE(.BOTH.,#10827);
#10827 = SURFACE_SIDE_STYLE('',(#10828));
#10828 = SURFACE_STYLE_FILL_AREA(#10829);
#10829 = FILL_AREA_STYLE('',(#10830));
#10830 = FILL_AREA_STYLE_COLOUR('',#9264);
#10831 = CURVE_STYLE('',#10832,POSITIVE_LENGTH_MEASURE(0.1),#9264);
#10832 = DRAUGHTING_PRE_DEFINED_CURVE_FONT('continuous');
#10833 = STYLED_ITEM('color',(#10834),#4686);
#10834 = PRESENTATION_STYLE_ASSIGNMENT((#10835,#10840));
#10835 = SURFACE_STYLE_USAGE(.BOTH.,#10836);
#10836 = SURFACE_SIDE_STYLE('',(#10837));
#10837 = SURFACE_STYLE_FILL_AREA(#10838);
#10838 = FILL_AREA_STYLE('',(#10839));
#10839 = FILL_AREA_STYLE_COLOUR('',#9264);
#10840 = CURVE_STYLE('',#10841,POSITIVE_LENGTH_MEASURE(0.1),#9264);
#10841 = DRAUGHTING_PRE_DEFINED_CURVE_FONT('continuous');
#10842 = STYLED_ITEM('color',(#10843),#4698);
#10843 = PRESENTATION_STYLE_ASSIGNMENT((#10844,#10849));
#10844 = SURFACE_STYLE_USAGE(.BOTH.,#10845);
#10845 = SURFACE_SIDE_STYLE('',(#10846));
#10846 = SURFACE_STYLE_FILL_AREA(#10847);
#10847 = FILL_AREA_STYLE('',(#10848));
#10848 = FILL_AREA_STYLE_COLOUR('',#9264);
#10849 = CURVE_STYLE('',#10850,POSITIVE_LENGTH_MEASURE(0.1),#9264);
#10850 = DRAUGHTING_PRE_DEFINED_CURVE_FONT('continuous');
#10851 = STYLED_ITEM('color',(#10852),#4715);
#10852 = PRESENTATION_STYLE_ASSIGNMENT((#10853,#10858));
#10853 = SURFACE_STYLE_USAGE(.BOTH.,#10854);
#10854 = SURFACE_SIDE_STYLE('',(#10855));
#10855 = SURFACE_STYLE_FILL_AREA(#10856);
#10856 = FILL_AREA_STYLE('',(#10857));
#10857 = FILL_AREA_STYLE_COLOUR('',#9264);
#10858 = CURVE_STYLE('',#10859,POSITIVE_LENGTH_MEASURE(0.1),#9264);
#10859 = DRAUGHTING_PRE_DEFINED_CURVE_FONT('continuous');
#10860 = STYLED_ITEM('color',(#10861),#4732);
#10861 = PRESENTATION_STYLE_ASSIGNMENT((#10862,#10867));
#10862 = SURFACE_STYLE_USAGE(.BOTH.,#10863);
#10863 = SURFACE_SIDE_STYLE('',(#10864));
#10864 = SURFACE_STYLE_FILL_AREA(#10865);
#10865 = FILL_AREA_STYLE('',(#10866));
#10866 = FILL_AREA_STYLE_COLOUR('',#9264);
#10867 = CURVE_STYLE('',#10868,POSITIVE_LENGTH_MEASURE(0.1),#9264);
#10868 = DRAUGHTING_PRE_DEFINED_CURVE_FONT('continuous');
#10869 = STYLED_ITEM('color',(#10870),#4749);
#10870 = PRESENTATION_STYLE_ASSIGNMENT((#10871,#10876));
#10871 = SURFACE_STYLE_USAGE(.BOTH.,#10872);
#10872 = SURFACE_SIDE_STYLE('',(#10873));
#10873 = SURFACE_STYLE_FILL_AREA(#10874);
#10874 = FILL_AREA_STYLE('',(#10875));
#10875 = FILL_AREA_STYLE_COLOUR('',#9264);
#10876 = CURVE_STYLE('',#10877,POSITIVE_LENGTH_MEASURE(0.1),#9264);
#10877 = DRAUGHTING_PRE_DEFINED_CURVE_FONT('continuous');
#10878 = STYLED_ITEM('color',(#10879),#4766);
#10879 = PRESENTATION_STYLE_ASSIGNMENT((#10880,#10885));
#10880 = SURFACE_STYLE_USAGE(.BOTH.,#10881);
#10881 = SURFACE_SIDE_STYLE('',(#10882));
#10882 = SURFACE_STYLE_FILL_AREA(#10883);
#10883 = FILL_AREA_STYLE('',(#10884));
#10884 = FILL_AREA_STYLE_COLOUR('',#9264);
#10885 = CURVE_STYLE('',#10886,POSITIVE_LENGTH_MEASURE(0.1),#9264);
#10886 = DRAUGHTING_PRE_DEFINED_CURVE_FONT('continuous');
#10887 = STYLED_ITEM('color',(#10888),#4778);
#10888 = PRESENTATION_STYLE_ASSIGNMENT((#10889,#10894));
#10889 = SURFACE_STYLE_USAGE(.BOTH.,#10890);
#10890 = SURFACE_SIDE_STYLE('',(#10891));
#10891 = SURFACE_STYLE_FILL_AREA(#10892);
#10892 = FILL_AREA_STYLE('',(#10893));
#10893 = FILL_AREA_STYLE_COLOUR('',#9264);
#10894 = CURVE_STYLE('',#10895,POSITIVE_LENGTH_MEASURE(0.1),#9264);
#10895 = DRAUGHTING_PRE_DEFINED_CURVE_FONT('continuous');
#10896 = STYLED_ITEM('color',(#10897),#4795);
#10897 = PRESENTATION_STYLE_ASSIGNMENT((#10898,#10903));
#10898 = SURFACE_STYLE_USAGE(.BOTH.,#10899);
#10899 = SURFACE_SIDE_STYLE('',(#10900));
#10900 = SURFACE_STYLE_FILL_AREA(#10901);
#10901 = FILL_AREA_STYLE('',(#10902));
#10902 = FILL_AREA_STYLE_COLOUR('',#9264);
#10903 = CURVE_STYLE('',#10904,POSITIVE_LENGTH_MEASURE(0.1),#9264);
#10904 = DRAUGHTING_PRE_DEFINED_CURVE_FONT('continuous');
#10905 = STYLED_ITEM('color',(#10906),#4812);
#10906 = PRESENTATION_STYLE_ASSIGNMENT((#10907,#10912));
#10907 = SURFACE_STYLE_USAGE(.BOTH.,#10908);
#10908 = SURFACE_SIDE_STYLE('',(#10909));
#10909 = SURFACE_STYLE_FILL_AREA(#10910);
#10910 = FILL_AREA_STYLE('',(#10911));
#10911 = FILL_AREA_STYLE_COLOUR('',#9264);
#10912 = CURVE_STYLE('',#10913,POSITIVE_LENGTH_MEASURE(0.1),#9264);
#10913 = DRAUGHTING_PRE_DEFINED_CURVE_FONT('continuous');
#10914 = STYLED_ITEM('color',(#10915),#4829);
#10915 = PRESENTATION_STYLE_ASSIGNMENT((#10916,#10921));
#10916 = SURFACE_STYLE_USAGE(.BOTH.,#10917);
#10917 = SURFACE_SIDE_STYLE('',(#10918));
#10918 = SURFACE_STYLE_FILL_AREA(#10919);
#10919 = FILL_AREA_STYLE('',(#10920));
#10920 = FILL_AREA_STYLE_COLOUR('',#9264);
#10921 = CURVE_STYLE('',#10922,POSITIVE_LENGTH_MEASURE(0.1),#9264);
#10922 = DRAUGHTING_PRE_DEFINED_CURVE_FONT('continuous');
#10923 = STYLED_ITEM('color',(#10924),#4846);
#10924 = PRESENTATION_STYLE_ASSIGNMENT((#10925,#10930));
#10925 = SURFACE_STYLE_USAGE(.BOTH.,#10926);
#10926 = SURFACE_SIDE_STYLE('',(#10927));
#10927 = SURFACE_STYLE_FILL_AREA(#10928);
#10928 = FILL_AREA_STYLE('',(#10929));
#10929 = FILL_AREA_STYLE_COLOUR('',#9264);
#10930 = CURVE_STYLE('',#10931,POSITIVE_LENGTH_MEASURE(0.1),#9264);
#10931 = DRAUGHTING_PRE_DEFINED_CURVE_FONT('continuous');
#10932 = STYLED_ITEM('color',(#10933),#4858);
#10933 = PRESENTATION_STYLE_ASSIGNMENT((#10934,#10939));
#10934 = SURFACE_STYLE_USAGE(.BOTH.,#10935);
#10935 = SURFACE_SIDE_STYLE('',(#10936));
#10936 = SURFACE_STYLE_FILL_AREA(#10937);
#10937 = FILL_AREA_STYLE('',(#10938));
#10938 = FILL_AREA_STYLE_COLOUR('',#9088);
#10939 = CURVE_STYLE('',#10940,POSITIVE_LENGTH_MEASURE(0.1),#9088);
#10940 = DRAUGHTING_PRE_DEFINED_CURVE_FONT('continuous');
#10941 = OVER_RIDING_STYLED_ITEM('overriding color',(#10942),#4865,
  #10932);
#10942 = PRESENTATION_STYLE_ASSIGNMENT((#10943,#10948));
#10943 = SURFACE_STYLE_USAGE(.BOTH.,#10944);
#10944 = SURFACE_SIDE_STYLE('',(#10945));
#10945 = SURFACE_STYLE_FILL_AREA(#10946);
#10946 = FILL_AREA_STYLE('',(#10947));
#10947 = FILL_AREA_STYLE_COLOUR('',#9264);
#10948 = CURVE_STYLE('',#10949,POSITIVE_LENGTH_MEASURE(0.1),#9264);
#10949 = DRAUGHTING_PRE_DEFINED_CURVE_FONT('continuous');
#10950 = STYLED_ITEM('color',(#10951),#4875);
#10951 = PRESENTATION_STYLE_ASSIGNMENT((#10952,#10957));
#10952 = SURFACE_STYLE_USAGE(.BOTH.,#10953);
#10953 = SURFACE_SIDE_STYLE('',(#10954));
#10954 = SURFACE_STYLE_FILL_AREA(#10955);
#10955 = FILL_AREA_STYLE('',(#10956));
#10956 = FILL_AREA_STYLE_COLOUR('',#9088);
#10957 = CURVE_STYLE('',#10958,POSITIVE_LENGTH_MEASURE(0.1),#9088);
#10958 = DRAUGHTING_PRE_DEFINED_CURVE_FONT('continuous');
#10959 = OVER_RIDING_STYLED_ITEM('overriding color',(#10960),#4880,
  #10950);
#10960 = PRESENTATION_STYLE_ASSIGNMENT((#10961,#10966));
#10961 = SURFACE_STYLE_USAGE(.BOTH.,#10962);
#10962 = SURFACE_SIDE_STYLE('',(#10963));
#10963 = SURFACE_STYLE_FILL_AREA(#10964);
#10964 = FILL_AREA_STYLE('',(#10965));
#10965 = FILL_AREA_STYLE_COLOUR('',#9264);
#10966 = CURVE_STYLE('',#10967,POSITIVE_LENGTH_MEASURE(0.1),#9264);
#10967 = DRAUGHTING_PRE_DEFINED_CURVE_FONT('continuous');
#10968 = STYLED_ITEM('color',(#10969),#4892);
#10969 = PRESENTATION_STYLE_ASSIGNMENT((#10970,#10975));
#10970 = SURFACE_STYLE_USAGE(.BOTH.,#10971);
#10971 = SURFACE_SIDE_STYLE('',(#10972));
#10972 = SURFACE_STYLE_FILL_AREA(#10973);
#10973 = FILL_AREA_STYLE('',(#10974));
#10974 = FILL_AREA_STYLE_COLOUR('',#9264);
#10975 = CURVE_STYLE('',#10976,POSITIVE_LENGTH_MEASURE(0.1),#9264);
#10976 = DRAUGHTING_PRE_DEFINED_CURVE_FONT('continuous');
#10977 = STYLED_ITEM('color',(#10978),#4941);
#10978 = PRESENTATION_STYLE_ASSIGNMENT((#10979,#10984));
#10979 = SURFACE_STYLE_USAGE(.BOTH.,#10980);
#10980 = SURFACE_SIDE_STYLE('',(#10981));
#10981 = SURFACE_STYLE_FILL_AREA(#10982);
#10982 = FILL_AREA_STYLE('',(#10983));
#10983 = FILL_AREA_STYLE_COLOUR('',#9264);
#10984 = CURVE_STYLE('',#10985,POSITIVE_LENGTH_MEASURE(0.1),#9264);
#10985 = DRAUGHTING_PRE_DEFINED_CURVE_FONT('continuous');
#10986 = STYLED_ITEM('color',(#10987),#4965);
#10987 = PRESENTATION_STYLE_ASSIGNMENT((#10988,#10993));
#10988 = SURFACE_STYLE_USAGE(.BOTH.,#10989);
#10989 = SURFACE_SIDE_STYLE('',(#10990));
#10990 = SURFACE_STYLE_FILL_AREA(#10991);
#10991 = FILL_AREA_STYLE('',(#10992));
#10992 = FILL_AREA_STYLE_COLOUR('',#9264);
#10993 = CURVE_STYLE('',#10994,POSITIVE_LENGTH_MEASURE(0.1),#9264);
#10994 = DRAUGHTING_PRE_DEFINED_CURVE_FONT('continuous');
#10995 = STYLED_ITEM('color',(#10996),#5007);
#10996 = PRESENTATION_STYLE_ASSIGNMENT((#10997,#11002));
#10997 = SURFACE_STYLE_USAGE(.BOTH.,#10998);
#10998 = SURFACE_SIDE_STYLE('',(#10999));
#10999 = SURFACE_STYLE_FILL_AREA(#11000);
#11000 = FILL_AREA_STYLE('',(#11001));
#11001 = FILL_AREA_STYLE_COLOUR('',#9264);
#11002 = CURVE_STYLE('',#11003,POSITIVE_LENGTH_MEASURE(0.1),#9264);
#11003 = DRAUGHTING_PRE_DEFINED_CURVE_FONT('continuous');
#11004 = STYLED_ITEM('color',(#11005),#5024);
#11005 = PRESENTATION_STYLE_ASSIGNMENT((#11006,#11011));
#11006 = SURFACE_STYLE_USAGE(.BOTH.,#11007);
#11007 = SURFACE_SIDE_STYLE('',(#11008));
#11008 = SURFACE_STYLE_FILL_AREA(#11009);
#11009 = FILL_AREA_STYLE('',(#11010));
#11010 = FILL_AREA_STYLE_COLOUR('',#9088);
#11011 = CURVE_STYLE('',#11012,POSITIVE_LENGTH_MEASURE(0.1),#9088);
#11012 = DRAUGHTING_PRE_DEFINED_CURVE_FONT('continuous');
#11013 = OVER_RIDING_STYLED_ITEM('overriding color',(#11014),#5031,
  #11004);
#11014 = PRESENTATION_STYLE_ASSIGNMENT((#11015,#11020));
#11015 = SURFACE_STYLE_USAGE(.BOTH.,#11016);
#11016 = SURFACE_SIDE_STYLE('',(#11017));
#11017 = SURFACE_STYLE_FILL_AREA(#11018);
#11018 = FILL_AREA_STYLE('',(#11019));
#11019 = FILL_AREA_STYLE_COLOUR('',#9264);
#11020 = CURVE_STYLE('',#11021,POSITIVE_LENGTH_MEASURE(0.1),#9264);
#11021 = DRAUGHTING_PRE_DEFINED_CURVE_FONT('continuous');
#11022 = STYLED_ITEM('color',(#11023),#5041);
#11023 = PRESENTATION_STYLE_ASSIGNMENT((#11024,#11029));
#11024 = SURFACE_STYLE_USAGE(.BOTH.,#11025);
#11025 = SURFACE_SIDE_STYLE('',(#11026));
#11026 = SURFACE_STYLE_FILL_AREA(#11027);
#11027 = FILL_AREA_STYLE('',(#11028));
#11028 = FILL_AREA_STYLE_COLOUR('',#9088);
#11029 = CURVE_STYLE('',#11030,POSITIVE_LENGTH_MEASURE(0.1),#9088);
#11030 = DRAUGHTING_PRE_DEFINED_CURVE_FONT('continuous');
#11031 = OVER_RIDING_STYLED_ITEM('overriding color',(#11032),#5046,
  #11022);
#11032 = PRESENTATION_STYLE_ASSIGNMENT((#11033,#11038));
#11033 = SURFACE_STYLE_USAGE(.BOTH.,#11034);
#11034 = SURFACE_SIDE_STYLE('',(#11035));
#11035 = SURFACE_STYLE_FILL_AREA(#11036);
#11036 = FILL_AREA_STYLE('',(#11037));
#11037 = FILL_AREA_STYLE_COLOUR('',#9264);
#11038 = CURVE_STYLE('',#11039,POSITIVE_LENGTH_MEASURE(0.1),#9264);
#11039 = DRAUGHTING_PRE_DEFINED_CURVE_FONT('continuous');
#11040 = STYLED_ITEM('color',(#11041),#5058);
#11041 = PRESENTATION_STYLE_ASSIGNMENT((#11042,#11047));
#11042 = SURFACE_STYLE_USAGE(.BOTH.,#11043);
#11043 = SURFACE_SIDE_STYLE('',(#11044));
#11044 = SURFACE_STYLE_FILL_AREA(#11045);
#11045 = FILL_AREA_STYLE('',(#11046));
#11046 = FILL_AREA_STYLE_COLOUR('',#9264);
#11047 = CURVE_STYLE('',#11048,POSITIVE_LENGTH_MEASURE(0.1),#9264);
#11048 = DRAUGHTING_PRE_DEFINED_CURVE_FONT('continuous');
#11049 = STYLED_ITEM('color',(#11050),#5107);
#11050 = PRESENTATION_STYLE_ASSIGNMENT((#11051,#11056));
#11051 = SURFACE_STYLE_USAGE(.BOTH.,#11052);
#11052 = SURFACE_SIDE_STYLE('',(#11053));
#11053 = SURFACE_STYLE_FILL_AREA(#11054);
#11054 = FILL_AREA_STYLE('',(#11055));
#11055 = FILL_AREA_STYLE_COLOUR('',#9264);
#11056 = CURVE_STYLE('',#11057,POSITIVE_LENGTH_MEASURE(0.1),#9264);
#11057 = DRAUGHTING_PRE_DEFINED_CURVE_FONT('continuous');
#11058 = STYLED_ITEM('color',(#11059),#5131);
#11059 = PRESENTATION_STYLE_ASSIGNMENT((#11060,#11065));
#11060 = SURFACE_STYLE_USAGE(.BOTH.,#11061);
#11061 = SURFACE_SIDE_STYLE('',(#11062));
#11062 = SURFACE_STYLE_FILL_AREA(#11063);
#11063 = FILL_AREA_STYLE('',(#11064));
#11064 = FILL_AREA_STYLE_COLOUR('',#9264);
#11065 = CURVE_STYLE('',#11066,POSITIVE_LENGTH_MEASURE(0.1),#9264);
#11066 = DRAUGHTING_PRE_DEFINED_CURVE_FONT('continuous');
#11067 = STYLED_ITEM('color',(#11068),#5173);
#11068 = PRESENTATION_STYLE_ASSIGNMENT((#11069,#11074));
#11069 = SURFACE_STYLE_USAGE(.BOTH.,#11070);
#11070 = SURFACE_SIDE_STYLE('',(#11071));
#11071 = SURFACE_STYLE_FILL_AREA(#11072);
#11072 = FILL_AREA_STYLE('',(#11073));
#11073 = FILL_AREA_STYLE_COLOUR('',#9264);
#11074 = CURVE_STYLE('',#11075,POSITIVE_LENGTH_MEASURE(0.1),#9264);
#11075 = DRAUGHTING_PRE_DEFINED_CURVE_FONT('continuous');
#11076 = STYLED_ITEM('color',(#11077),#5190);
#11077 = PRESENTATION_STYLE_ASSIGNMENT((#11078,#11083));
#11078 = SURFACE_STYLE_USAGE(.BOTH.,#11079);
#11079 = SURFACE_SIDE_STYLE('',(#11080));
#11080 = SURFACE_STYLE_FILL_AREA(#11081);
#11081 = FILL_AREA_STYLE('',(#11082));
#11082 = FILL_AREA_STYLE_COLOUR('',#9088);
#11083 = CURVE_STYLE('',#11084,POSITIVE_LENGTH_MEASURE(0.1),#9088);
#11084 = DRAUGHTING_PRE_DEFINED_CURVE_FONT('continuous');
#11085 = OVER_RIDING_STYLED_ITEM('overriding color',(#11086),#5197,
  #11076);
#11086 = PRESENTATION_STYLE_ASSIGNMENT((#11087,#11092));
#11087 = SURFACE_STYLE_USAGE(.BOTH.,#11088);
#11088 = SURFACE_SIDE_STYLE('',(#11089));
#11089 = SURFACE_STYLE_FILL_AREA(#11090);
#11090 = FILL_AREA_STYLE('',(#11091));
#11091 = FILL_AREA_STYLE_COLOUR('',#9264);
#11092 = CURVE_STYLE('',#11093,POSITIVE_LENGTH_MEASURE(0.1),#9264);
#11093 = DRAUGHTING_PRE_DEFINED_CURVE_FONT('continuous');
#11094 = STYLED_ITEM('color',(#11095),#5207);
#11095 = PRESENTATION_STYLE_ASSIGNMENT((#11096,#11101));
#11096 = SURFACE_STYLE_USAGE(.BOTH.,#11097);
#11097 = SURFACE_SIDE_STYLE('',(#11098));
#11098 = SURFACE_STYLE_FILL_AREA(#11099);
#11099 = FILL_AREA_STYLE('',(#11100));
#11100 = FILL_AREA_STYLE_COLOUR('',#9088);
#11101 = CURVE_STYLE('',#11102,POSITIVE_LENGTH_MEASURE(0.1),#9088);
#11102 = DRAUGHTING_PRE_DEFINED_CURVE_FONT('continuous');
#11103 = OVER_RIDING_STYLED_ITEM('overriding color',(#11104),#5212,
  #11094);
#11104 = PRESENTATION_STYLE_ASSIGNMENT((#11105,#11110));
#11105 = SURFACE_STYLE_USAGE(.BOTH.,#11106);
#11106 = SURFACE_SIDE_STYLE('',(#11107));
#11107 = SURFACE_STYLE_FILL_AREA(#11108);
#11108 = FILL_AREA_STYLE('',(#11109));
#11109 = FILL_AREA_STYLE_COLOUR('',#9264);
#11110 = CURVE_STYLE('',#11111,POSITIVE_LENGTH_MEASURE(0.1),#9264);
#11111 = DRAUGHTING_PRE_DEFINED_CURVE_FONT('continuous');
#11112 = STYLED_ITEM('color',(#11113),#5224);
#11113 = PRESENTATION_STYLE_ASSIGNMENT((#11114,#11119));
#11114 = SURFACE_STYLE_USAGE(.BOTH.,#11115);
#11115 = SURFACE_SIDE_STYLE('',(#11116));
#11116 = SURFACE_STYLE_FILL_AREA(#11117);
#11117 = FILL_AREA_STYLE('',(#11118));
#11118 = FILL_AREA_STYLE_COLOUR('',#9264);
#11119 = CURVE_STYLE('',#11120,POSITIVE_LENGTH_MEASURE(0.1),#9264);
#11120 = DRAUGHTING_PRE_DEFINED_CURVE_FONT('continuous');
#11121 = STYLED_ITEM('color',(#11122),#5273);
#11122 = PRESENTATION_STYLE_ASSIGNMENT((#11123,#11128));
#11123 = SURFACE_STYLE_USAGE(.BOTH.,#11124);
#11124 = SURFACE_SIDE_STYLE('',(#11125));
#11125 = SURFACE_STYLE_FILL_AREA(#11126);
#11126 = FILL_AREA_STYLE('',(#11127));
#11127 = FILL_AREA_STYLE_COLOUR('',#9264);
#11128 = CURVE_STYLE('',#11129,POSITIVE_LENGTH_MEASURE(0.1),#9264);
#11129 = DRAUGHTING_PRE_DEFINED_CURVE_FONT('continuous');
#11130 = STYLED_ITEM('color',(#11131),#5297);
#11131 = PRESENTATION_STYLE_ASSIGNMENT((#11132,#11137));
#11132 = SURFACE_STYLE_USAGE(.BOTH.,#11133);
#11133 = SURFACE_SIDE_STYLE('',(#11134));
#11134 = SURFACE_STYLE_FILL_AREA(#11135);
#11135 = FILL_AREA_STYLE('',(#11136));
#11136 = FILL_AREA_STYLE_COLOUR('',#9264);
#11137 = CURVE_STYLE('',#11138,POSITIVE_LENGTH_MEASURE(0.1),#9264);
#11138 = DRAUGHTING_PRE_DEFINED_CURVE_FONT('continuous');
#11139 = STYLED_ITEM('color',(#11140),#5339);
#11140 = PRESENTATION_STYLE_ASSIGNMENT((#11141,#11146));
#11141 = SURFACE_STYLE_USAGE(.BOTH.,#11142);
#11142 = SURFACE_SIDE_STYLE('',(#11143));
#11143 = SURFACE_STYLE_FILL_AREA(#11144);
#11144 = FILL_AREA_STYLE('',(#11145));
#11145 = FILL_AREA_STYLE_COLOUR('',#9264);
#11146 = CURVE_STYLE('',#11147,POSITIVE_LENGTH_MEASURE(0.1),#9264);
#11147 = DRAUGHTING_PRE_DEFINED_CURVE_FONT('continuous');
#11148 = STYLED_ITEM('color',(#11149),#5356);
#11149 = PRESENTATION_STYLE_ASSIGNMENT((#11150,#11155));
#11150 = SURFACE_STYLE_USAGE(.BOTH.,#11151);
#11151 = SURFACE_SIDE_STYLE('',(#11152));
#11152 = SURFACE_STYLE_FILL_AREA(#11153);
#11153 = FILL_AREA_STYLE('',(#11154));
#11154 = FILL_AREA_STYLE_COLOUR('',#9088);
#11155 = CURVE_STYLE('',#11156,POSITIVE_LENGTH_MEASURE(0.1),#9088);
#11156 = DRAUGHTING_PRE_DEFINED_CURVE_FONT('continuous');
#11157 = OVER_RIDING_STYLED_ITEM('overriding color',(#11158),#5363,
  #11148);
#11158 = PRESENTATION_STYLE_ASSIGNMENT((#11159,#11164));
#11159 = SURFACE_STYLE_USAGE(.BOTH.,#11160);
#11160 = SURFACE_SIDE_STYLE('',(#11161));
#11161 = SURFACE_STYLE_FILL_AREA(#11162);
#11162 = FILL_AREA_STYLE('',(#11163));
#11163 = FILL_AREA_STYLE_COLOUR('',#9264);
#11164 = CURVE_STYLE('',#11165,POSITIVE_LENGTH_MEASURE(0.1),#9264);
#11165 = DRAUGHTING_PRE_DEFINED_CURVE_FONT('continuous');
#11166 = STYLED_ITEM('color',(#11167),#5373);
#11167 = PRESENTATION_STYLE_ASSIGNMENT((#11168,#11173));
#11168 = SURFACE_STYLE_USAGE(.BOTH.,#11169);
#11169 = SURFACE_SIDE_STYLE('',(#11170));
#11170 = SURFACE_STYLE_FILL_AREA(#11171);
#11171 = FILL_AREA_STYLE('',(#11172));
#11172 = FILL_AREA_STYLE_COLOUR('',#9088);
#11173 = CURVE_STYLE('',#11174,POSITIVE_LENGTH_MEASURE(0.1),#9088);
#11174 = DRAUGHTING_PRE_DEFINED_CURVE_FONT('continuous');
#11175 = OVER_RIDING_STYLED_ITEM('overriding color',(#11176),#5378,
  #11166);
#11176 = PRESENTATION_STYLE_ASSIGNMENT((#11177,#11182));
#11177 = SURFACE_STYLE_USAGE(.BOTH.,#11178);
#11178 = SURFACE_SIDE_STYLE('',(#11179));
#11179 = SURFACE_STYLE_FILL_AREA(#11180);
#11180 = FILL_AREA_STYLE('',(#11181));
#11181 = FILL_AREA_STYLE_COLOUR('',#9264);
#11182 = CURVE_STYLE('',#11183,POSITIVE_LENGTH_MEASURE(0.1),#9264);
#11183 = DRAUGHTING_PRE_DEFINED_CURVE_FONT('continuous');
#11184 = STYLED_ITEM('color',(#11185),#5390);
#11185 = PRESENTATION_STYLE_ASSIGNMENT((#11186,#11191));
#11186 = SURFACE_STYLE_USAGE(.BOTH.,#11187);
#11187 = SURFACE_SIDE_STYLE('',(#11188));
#11188 = SURFACE_STYLE_FILL_AREA(#11189);
#11189 = FILL_AREA_STYLE('',(#11190));
#11190 = FILL_AREA_STYLE_COLOUR('',#9264);
#11191 = CURVE_STYLE('',#11192,POSITIVE_LENGTH_MEASURE(0.1),#9264);
#11192 = DRAUGHTING_PRE_DEFINED_CURVE_FONT('continuous');
#11193 = STYLED_ITEM('color',(#11194),#5439);
#11194 = PRESENTATION_STYLE_ASSIGNMENT((#11195,#11200));
#11195 = SURFACE_STYLE_USAGE(.BOTH.,#11196);
#11196 = SURFACE_SIDE_STYLE('',(#11197));
#11197 = SURFACE_STYLE_FILL_AREA(#11198);
#11198 = FILL_AREA_STYLE('',(#11199));
#11199 = FILL_AREA_STYLE_COLOUR('',#9264);
#11200 = CURVE_STYLE('',#11201,POSITIVE_LENGTH_MEASURE(0.1),#9264);
#11201 = DRAUGHTING_PRE_DEFINED_CURVE_FONT('continuous');
#11202 = STYLED_ITEM('color',(#11203),#5463);
#11203 = PRESENTATION_STYLE_ASSIGNMENT((#11204,#11209));
#11204 = SURFACE_STYLE_USAGE(.BOTH.,#11205);
#11205 = SURFACE_SIDE_STYLE('',(#11206));
#11206 = SURFACE_STYLE_FILL_AREA(#11207);
#11207 = FILL_AREA_STYLE('',(#11208));
#11208 = FILL_AREA_STYLE_COLOUR('',#9264);
#11209 = CURVE_STYLE('',#11210,POSITIVE_LENGTH_MEASURE(0.1),#9264);
#11210 = DRAUGHTING_PRE_DEFINED_CURVE_FONT('continuous');
#11211 = STYLED_ITEM('color',(#11212),#5505);
#11212 = PRESENTATION_STYLE_ASSIGNMENT((#11213,#11218));
#11213 = SURFACE_STYLE_USAGE(.BOTH.,#11214);
#11214 = SURFACE_SIDE_STYLE('',(#11215));
#11215 = SURFACE_STYLE_FILL_AREA(#11216);
#11216 = FILL_AREA_STYLE('',(#11217));
#11217 = FILL_AREA_STYLE_COLOUR('',#9264);
#11218 = CURVE_STYLE('',#11219,POSITIVE_LENGTH_MEASURE(0.1),#9264);
#11219 = DRAUGHTING_PRE_DEFINED_CURVE_FONT('continuous');
#11220 = STYLED_ITEM('color',(#11221),#5522);
#11221 = PRESENTATION_STYLE_ASSIGNMENT((#11222,#11227));
#11222 = SURFACE_STYLE_USAGE(.BOTH.,#11223);
#11223 = SURFACE_SIDE_STYLE('',(#11224));
#11224 = SURFACE_STYLE_FILL_AREA(#11225);
#11225 = FILL_AREA_STYLE('',(#11226));
#11226 = FILL_AREA_STYLE_COLOUR('',#9088);
#11227 = CURVE_STYLE('',#11228,POSITIVE_LENGTH_MEASURE(0.1),#9088);
#11228 = DRAUGHTING_PRE_DEFINED_CURVE_FONT('continuous');
#11229 = OVER_RIDING_STYLED_ITEM('overriding color',(#11230),#5529,
  #11220);
#11230 = PRESENTATION_STYLE_ASSIGNMENT((#11231,#11236));
#11231 = SURFACE_STYLE_USAGE(.BOTH.,#11232);
#11232 = SURFACE_SIDE_STYLE('',(#11233));
#11233 = SURFACE_STYLE_FILL_AREA(#11234);
#11234 = FILL_AREA_STYLE('',(#11235));
#11235 = FILL_AREA_STYLE_COLOUR('',#9264);
#11236 = CURVE_STYLE('',#11237,POSITIVE_LENGTH_MEASURE(0.1),#9264);
#11237 = DRAUGHTING_PRE_DEFINED_CURVE_FONT('continuous');
#11238 = STYLED_ITEM('color',(#11239),#5539);
#11239 = PRESENTATION_STYLE_ASSIGNMENT((#11240,#11245));
#11240 = SURFACE_STYLE_USAGE(.BOTH.,#11241);
#11241 = SURFACE_SIDE_STYLE('',(#11242));
#11242 = SURFACE_STYLE_FILL_AREA(#11243);
#11243 = FILL_AREA_STYLE('',(#11244));
#11244 = FILL_AREA_STYLE_COLOUR('',#9088);
#11245 = CURVE_STYLE('',#11246,POSITIVE_LENGTH_MEASURE(0.1),#9088);
#11246 = DRAUGHTING_PRE_DEFINED_CURVE_FONT('continuous');
#11247 = OVER_RIDING_STYLED_ITEM('overriding color',(#11248),#5544,
  #11238);
#11248 = PRESENTATION_STYLE_ASSIGNMENT((#11249,#11254));
#11249 = SURFACE_STYLE_USAGE(.BOTH.,#11250);
#11250 = SURFACE_SIDE_STYLE('',(#11251));
#11251 = SURFACE_STYLE_FILL_AREA(#11252);
#11252 = FILL_AREA_STYLE('',(#11253));
#11253 = FILL_AREA_STYLE_COLOUR('',#9264);
#11254 = CURVE_STYLE('',#11255,POSITIVE_LENGTH_MEASURE(0.1),#9264);
#11255 = DRAUGHTING_PRE_DEFINED_CURVE_FONT('continuous');
#11256 = STYLED_ITEM('color',(#11257),#5556);
#11257 = PRESENTATION_STYLE_ASSIGNMENT((#11258,#11263));
#11258 = SURFACE_STYLE_USAGE(.BOTH.,#11259);
#11259 = SURFACE_SIDE_STYLE('',(#11260));
#11260 = SURFACE_STYLE_FILL_AREA(#11261);
#11261 = FILL_AREA_STYLE('',(#11262));
#11262 = FILL_AREA_STYLE_COLOUR('',#9264);
#11263 = CURVE_STYLE('',#11264,POSITIVE_LENGTH_MEASURE(0.1),#9264);
#11264 = DRAUGHTING_PRE_DEFINED_CURVE_FONT('continuous');
#11265 = STYLED_ITEM('color',(#11266),#5605);
#11266 = PRESENTATION_STYLE_ASSIGNMENT((#11267,#11272));
#11267 = SURFACE_STYLE_USAGE(.BOTH.,#11268);
#11268 = SURFACE_SIDE_STYLE('',(#11269));
#11269 = SURFACE_STYLE_FILL_AREA(#11270);
#11270 = FILL_AREA_STYLE('',(#11271));
#11271 = FILL_AREA_STYLE_COLOUR('',#9264);
#11272 = CURVE_STYLE('',#11273,POSITIVE_LENGTH_MEASURE(0.1),#9264);
#11273 = DRAUGHTING_PRE_DEFINED_CURVE_FONT('continuous');
#11274 = STYLED_ITEM('color',(#11275),#5629);
#11275 = PRESENTATION_STYLE_ASSIGNMENT((#11276,#11281));
#11276 = SURFACE_STYLE_USAGE(.BOTH.,#11277);
#11277 = SURFACE_SIDE_STYLE('',(#11278));
#11278 = SURFACE_STYLE_FILL_AREA(#11279);
#11279 = FILL_AREA_STYLE('',(#11280));
#11280 = FILL_AREA_STYLE_COLOUR('',#9264);
#11281 = CURVE_STYLE('',#11282,POSITIVE_LENGTH_MEASURE(0.1),#9264);
#11282 = DRAUGHTING_PRE_DEFINED_CURVE_FONT('continuous');
#11283 = STYLED_ITEM('color',(#11284),#5671);
#11284 = PRESENTATION_STYLE_ASSIGNMENT((#11285,#11290));
#11285 = SURFACE_STYLE_USAGE(.BOTH.,#11286);
#11286 = SURFACE_SIDE_STYLE('',(#11287));
#11287 = SURFACE_STYLE_FILL_AREA(#11288);
#11288 = FILL_AREA_STYLE('',(#11289));
#11289 = FILL_AREA_STYLE_COLOUR('',#9264);
#11290 = CURVE_STYLE('',#11291,POSITIVE_LENGTH_MEASURE(0.1),#9264);
#11291 = DRAUGHTING_PRE_DEFINED_CURVE_FONT('continuous');
#11292 = STYLED_ITEM('color',(#11293),#5688);
#11293 = PRESENTATION_STYLE_ASSIGNMENT((#11294,#11299));
#11294 = SURFACE_STYLE_USAGE(.BOTH.,#11295);
#11295 = SURFACE_SIDE_STYLE('',(#11296));
#11296 = SURFACE_STYLE_FILL_AREA(#11297);
#11297 = FILL_AREA_STYLE('',(#11298));
#11298 = FILL_AREA_STYLE_COLOUR('',#9088);
#11299 = CURVE_STYLE('',#11300,POSITIVE_LENGTH_MEASURE(0.1),#9088);
#11300 = DRAUGHTING_PRE_DEFINED_CURVE_FONT('continuous');
#11301 = OVER_RIDING_STYLED_ITEM('overriding color',(#11302),#5695,
  #11292);
#11302 = PRESENTATION_STYLE_ASSIGNMENT((#11303,#11308));
#11303 = SURFACE_STYLE_USAGE(.BOTH.,#11304);
#11304 = SURFACE_SIDE_STYLE('',(#11305));
#11305 = SURFACE_STYLE_FILL_AREA(#11306);
#11306 = FILL_AREA_STYLE('',(#11307));
#11307 = FILL_AREA_STYLE_COLOUR('',#9264);
#11308 = CURVE_STYLE('',#11309,POSITIVE_LENGTH_MEASURE(0.1),#9264);
#11309 = DRAUGHTING_PRE_DEFINED_CURVE_FONT('continuous');
#11310 = STYLED_ITEM('color',(#11311),#5705);
#11311 = PRESENTATION_STYLE_ASSIGNMENT((#11312,#11317));
#11312 = SURFACE_STYLE_USAGE(.BOTH.,#11313);
#11313 = SURFACE_SIDE_STYLE('',(#11314));
#11314 = SURFACE_STYLE_FILL_AREA(#11315);
#11315 = FILL_AREA_STYLE('',(#11316));
#11316 = FILL_AREA_STYLE_COLOUR('',#9088);
#11317 = CURVE_STYLE('',#11318,POSITIVE_LENGTH_MEASURE(0.1),#9088);
#11318 = DRAUGHTING_PRE_DEFINED_CURVE_FONT('continuous');
#11319 = OVER_RIDING_STYLED_ITEM('overriding color',(#11320),#5710,
  #11310);
#11320 = PRESENTATION_STYLE_ASSIGNMENT((#11321,#11326));
#11321 = SURFACE_STYLE_USAGE(.BOTH.,#11322);
#11322 = SURFACE_SIDE_STYLE('',(#11323));
#11323 = SURFACE_STYLE_FILL_AREA(#11324);
#11324 = FILL_AREA_STYLE('',(#11325));
#11325 = FILL_AREA_STYLE_COLOUR('',#9264);
#11326 = CURVE_STYLE('',#11327,POSITIVE_LENGTH_MEASURE(0.1),#9264);
#11327 = DRAUGHTING_PRE_DEFINED_CURVE_FONT('continuous');
#11328 = STYLED_ITEM('color',(#11329),#5722);
#11329 = PRESENTATION_STYLE_ASSIGNMENT((#11330,#11335));
#11330 = SURFACE_STYLE_USAGE(.BOTH.,#11331);
#11331 = SURFACE_SIDE_STYLE('',(#11332));
#11332 = SURFACE_STYLE_FILL_AREA(#11333);
#11333 = FILL_AREA_STYLE('',(#11334));
#11334 = FILL_AREA_STYLE_COLOUR('',#9264);
#11335 = CURVE_STYLE('',#11336,POSITIVE_LENGTH_MEASURE(0.1),#9264);
#11336 = DRAUGHTING_PRE_DEFINED_CURVE_FONT('continuous');
#11337 = STYLED_ITEM('color',(#11338),#5771);
#11338 = PRESENTATION_STYLE_ASSIGNMENT((#11339,#11344));
#11339 = SURFACE_STYLE_USAGE(.BOTH.,#11340);
#11340 = SURFACE_SIDE_STYLE('',(#11341));
#11341 = SURFACE_STYLE_FILL_AREA(#11342);
#11342 = FILL_AREA_STYLE('',(#11343));
#11343 = FILL_AREA_STYLE_COLOUR('',#9264);
#11344 = CURVE_STYLE('',#11345,POSITIVE_LENGTH_MEASURE(0.1),#9264);
#11345 = DRAUGHTING_PRE_DEFINED_CURVE_FONT('continuous');
#11346 = STYLED_ITEM('color',(#11347),#5795);
#11347 = PRESENTATION_STYLE_ASSIGNMENT((#11348,#11353));
#11348 = SURFACE_STYLE_USAGE(.BOTH.,#11349);
#11349 = SURFACE_SIDE_STYLE('',(#11350));
#11350 = SURFACE_STYLE_FILL_AREA(#11351);
#11351 = FILL_AREA_STYLE('',(#11352));
#11352 = FILL_AREA_STYLE_COLOUR('',#9264);
#11353 = CURVE_STYLE('',#11354,POSITIVE_LENGTH_MEASURE(0.1),#9264);
#11354 = DRAUGHTING_PRE_DEFINED_CURVE_FONT('continuous');
#11355 = STYLED_ITEM('color',(#11356),#5837);
#11356 = PRESENTATION_STYLE_ASSIGNMENT((#11357,#11362));
#11357 = SURFACE_STYLE_USAGE(.BOTH.,#11358);
#11358 = SURFACE_SIDE_STYLE('',(#11359));
#11359 = SURFACE_STYLE_FILL_AREA(#11360);
#11360 = FILL_AREA_STYLE('',(#11361));
#11361 = FILL_AREA_STYLE_COLOUR('',#9264);
#11362 = CURVE_STYLE('',#11363,POSITIVE_LENGTH_MEASURE(0.1),#9264);
#11363 = DRAUGHTING_PRE_DEFINED_CURVE_FONT('continuous');
#11364 = STYLED_ITEM('color',(#11365),#5854);
#11365 = PRESENTATION_STYLE_ASSIGNMENT((#11366,#11371));
#11366 = SURFACE_STYLE_USAGE(.BOTH.,#11367);
#11367 = SURFACE_SIDE_STYLE('',(#11368));
#11368 = SURFACE_STYLE_FILL_AREA(#11369);
#11369 = FILL_AREA_STYLE('',(#11370));
#11370 = FILL_AREA_STYLE_COLOUR('',#9088);
#11371 = CURVE_STYLE('',#11372,POSITIVE_LENGTH_MEASURE(0.1),#9088);
#11372 = DRAUGHTING_PRE_DEFINED_CURVE_FONT('continuous');
#11373 = OVER_RIDING_STYLED_ITEM('overriding color',(#11374),#5861,
  #11364);
#11374 = PRESENTATION_STYLE_ASSIGNMENT((#11375,#11380));
#11375 = SURFACE_STYLE_USAGE(.BOTH.,#11376);
#11376 = SURFACE_SIDE_STYLE('',(#11377));
#11377 = SURFACE_STYLE_FILL_AREA(#11378);
#11378 = FILL_AREA_STYLE('',(#11379));
#11379 = FILL_AREA_STYLE_COLOUR('',#9264);
#11380 = CURVE_STYLE('',#11381,POSITIVE_LENGTH_MEASURE(0.1),#9264);
#11381 = DRAUGHTING_PRE_DEFINED_CURVE_FONT('continuous');
#11382 = STYLED_ITEM('color',(#11383),#5871);
#11383 = PRESENTATION_STYLE_ASSIGNMENT((#11384,#11389));
#11384 = SURFACE_STYLE_USAGE(.BOTH.,#11385);
#11385 = SURFACE_SIDE_STYLE('',(#11386));
#11386 = SURFACE_STYLE_FILL_AREA(#11387);
#11387 = FILL_AREA_STYLE('',(#11388));
#11388 = FILL_AREA_STYLE_COLOUR('',#9088);
#11389 = CURVE_STYLE('',#11390,POSITIVE_LENGTH_MEASURE(0.1),#9088);
#11390 = DRAUGHTING_PRE_DEFINED_CURVE_FONT('continuous');
#11391 = OVER_RIDING_STYLED_ITEM('overriding color',(#11392),#5876,
  #11382);
#11392 = PRESENTATION_STYLE_ASSIGNMENT((#11393,#11398));
#11393 = SURFACE_STYLE_USAGE(.BOTH.,#11394);
#11394 = SURFACE_SIDE_STYLE('',(#11395));
#11395 = SURFACE_STYLE_FILL_AREA(#11396);
#11396 = FILL_AREA_STYLE('',(#11397));
#11397 = FILL_AREA_STYLE_COLOUR('',#9264);
#11398 = CURVE_STYLE('',#11399,POSITIVE_LENGTH_MEASURE(0.1),#9264);
#11399 = DRAUGHTING_PRE_DEFINED_CURVE_FONT('continuous');
#11400 = STYLED_ITEM('color',(#11401),#5888);
#11401 = PRESENTATION_STYLE_ASSIGNMENT((#11402,#11407));
#11402 = SURFACE_STYLE_USAGE(.BOTH.,#11403);
#11403 = SURFACE_SIDE_STYLE('',(#11404));
#11404 = SURFACE_STYLE_FILL_AREA(#11405);
#11405 = FILL_AREA_STYLE('',(#11406));
#11406 = FILL_AREA_STYLE_COLOUR('',#9264);
#11407 = CURVE_STYLE('',#11408,POSITIVE_LENGTH_MEASURE(0.1),#9264);
#11408 = DRAUGHTING_PRE_DEFINED_CURVE_FONT('continuous');
#11409 = STYLED_ITEM('color',(#11410),#5937);
#11410 = PRESENTATION_STYLE_ASSIGNMENT((#11411,#11416));
#11411 = SURFACE_STYLE_USAGE(.BOTH.,#11412);
#11412 = SURFACE_SIDE_STYLE('',(#11413));
#11413 = SURFACE_STYLE_FILL_AREA(#11414);
#11414 = FILL_AREA_STYLE('',(#11415));
#11415 = FILL_AREA_STYLE_COLOUR('',#9264);
#11416 = CURVE_STYLE('',#11417,POSITIVE_LENGTH_MEASURE(0.1),#9264);
#11417 = DRAUGHTING_PRE_DEFINED_CURVE_FONT('continuous');
#11418 = STYLED_ITEM('color',(#11419),#5961);
#11419 = PRESENTATION_STYLE_ASSIGNMENT((#11420,#11425));
#11420 = SURFACE_STYLE_USAGE(.BOTH.,#11421);
#11421 = SURFACE_SIDE_STYLE('',(#11422));
#11422 = SURFACE_STYLE_FILL_AREA(#11423);
#11423 = FILL_AREA_STYLE('',(#11424));
#11424 = FILL_AREA_STYLE_COLOUR('',#9264);
#11425 = CURVE_STYLE('',#11426,POSITIVE_LENGTH_MEASURE(0.1),#9264);
#11426 = DRAUGHTING_PRE_DEFINED_CURVE_FONT('continuous');
#11427 = STYLED_ITEM('color',(#11428),#6003);
#11428 = PRESENTATION_STYLE_ASSIGNMENT((#11429,#11434));
#11429 = SURFACE_STYLE_USAGE(.BOTH.,#11430);
#11430 = SURFACE_SIDE_STYLE('',(#11431));
#11431 = SURFACE_STYLE_FILL_AREA(#11432);
#11432 = FILL_AREA_STYLE('',(#11433));
#11433 = FILL_AREA_STYLE_COLOUR('',#9264);
#11434 = CURVE_STYLE('',#11435,POSITIVE_LENGTH_MEASURE(0.1),#9264);
#11435 = DRAUGHTING_PRE_DEFINED_CURVE_FONT('continuous');
#11436 = STYLED_ITEM('color',(#11437),#6020);
#11437 = PRESENTATION_STYLE_ASSIGNMENT((#11438,#11443));
#11438 = SURFACE_STYLE_USAGE(.BOTH.,#11439);
#11439 = SURFACE_SIDE_STYLE('',(#11440));
#11440 = SURFACE_STYLE_FILL_AREA(#11441);
#11441 = FILL_AREA_STYLE('',(#11442));
#11442 = FILL_AREA_STYLE_COLOUR('',#9088);
#11443 = CURVE_STYLE('',#11444,POSITIVE_LENGTH_MEASURE(0.1),#9088);
#11444 = DRAUGHTING_PRE_DEFINED_CURVE_FONT('continuous');
#11445 = OVER_RIDING_STYLED_ITEM('overriding color',(#11446),#6027,
  #11436);
#11446 = PRESENTATION_STYLE_ASSIGNMENT((#11447,#11452));
#11447 = SURFACE_STYLE_USAGE(.BOTH.,#11448);
#11448 = SURFACE_SIDE_STYLE('',(#11449));
#11449 = SURFACE_STYLE_FILL_AREA(#11450);
#11450 = FILL_AREA_STYLE('',(#11451));
#11451 = FILL_AREA_STYLE_COLOUR('',#9264);
#11452 = CURVE_STYLE('',#11453,POSITIVE_LENGTH_MEASURE(0.1),#9264);
#11453 = DRAUGHTING_PRE_DEFINED_CURVE_FONT('continuous');
#11454 = STYLED_ITEM('color',(#11455),#6037);
#11455 = PRESENTATION_STYLE_ASSIGNMENT((#11456,#11461));
#11456 = SURFACE_STYLE_USAGE(.BOTH.,#11457);
#11457 = SURFACE_SIDE_STYLE('',(#11458));
#11458 = SURFACE_STYLE_FILL_AREA(#11459);
#11459 = FILL_AREA_STYLE('',(#11460));
#11460 = FILL_AREA_STYLE_COLOUR('',#9088);
#11461 = CURVE_STYLE('',#11462,POSITIVE_LENGTH_MEASURE(0.1),#9088);
#11462 = DRAUGHTING_PRE_DEFINED_CURVE_FONT('continuous');
#11463 = OVER_RIDING_STYLED_ITEM('overriding color',(#11464),#6042,
  #11454);
#11464 = PRESENTATION_STYLE_ASSIGNMENT((#11465,#11470));
#11465 = SURFACE_STYLE_USAGE(.BOTH.,#11466);
#11466 = SURFACE_SIDE_STYLE('',(#11467));
#11467 = SURFACE_STYLE_FILL_AREA(#11468);
#11468 = FILL_AREA_STYLE('',(#11469));
#11469 = FILL_AREA_STYLE_COLOUR('',#9264);
#11470 = CURVE_STYLE('',#11471,POSITIVE_LENGTH_MEASURE(0.1),#9264);
#11471 = DRAUGHTING_PRE_DEFINED_CURVE_FONT('continuous');
#11472 = STYLED_ITEM('color',(#11473),#6054);
#11473 = PRESENTATION_STYLE_ASSIGNMENT((#11474,#11479));
#11474 = SURFACE_STYLE_USAGE(.BOTH.,#11475);
#11475 = SURFACE_SIDE_STYLE('',(#11476));
#11476 = SURFACE_STYLE_FILL_AREA(#11477);
#11477 = FILL_AREA_STYLE('',(#11478));
#11478 = FILL_AREA_STYLE_COLOUR('',#9264);
#11479 = CURVE_STYLE('',#11480,POSITIVE_LENGTH_MEASURE(0.1),#9264);
#11480 = DRAUGHTING_PRE_DEFINED_CURVE_FONT('continuous');
#11481 = STYLED_ITEM('color',(#11482),#6103);
#11482 = PRESENTATION_STYLE_ASSIGNMENT((#11483,#11488));
#11483 = SURFACE_STYLE_USAGE(.BOTH.,#11484);
#11484 = SURFACE_SIDE_STYLE('',(#11485));
#11485 = SURFACE_STYLE_FILL_AREA(#11486);
#11486 = FILL_AREA_STYLE('',(#11487));
#11487 = FILL_AREA_STYLE_COLOUR('',#9264);
#11488 = CURVE_STYLE('',#11489,POSITIVE_LENGTH_MEASURE(0.1),#9264);
#11489 = DRAUGHTING_PRE_DEFINED_CURVE_FONT('continuous');
#11490 = STYLED_ITEM('color',(#11491),#6127);
#11491 = PRESENTATION_STYLE_ASSIGNMENT((#11492,#11497));
#11492 = SURFACE_STYLE_USAGE(.BOTH.,#11493);
#11493 = SURFACE_SIDE_STYLE('',(#11494));
#11494 = SURFACE_STYLE_FILL_AREA(#11495);
#11495 = FILL_AREA_STYLE('',(#11496));
#11496 = FILL_AREA_STYLE_COLOUR('',#9264);
#11497 = CURVE_STYLE('',#11498,POSITIVE_LENGTH_MEASURE(0.1),#9264);
#11498 = DRAUGHTING_PRE_DEFINED_CURVE_FONT('continuous');
#11499 = STYLED_ITEM('color',(#11500),#6169);
#11500 = PRESENTATION_STYLE_ASSIGNMENT((#11501,#11506));
#11501 = SURFACE_STYLE_USAGE(.BOTH.,#11502);
#11502 = SURFACE_SIDE_STYLE('',(#11503));
#11503 = SURFACE_STYLE_FILL_AREA(#11504);
#11504 = FILL_AREA_STYLE('',(#11505));
#11505 = FILL_AREA_STYLE_COLOUR('',#9264);
#11506 = CURVE_STYLE('',#11507,POSITIVE_LENGTH_MEASURE(0.1),#9264);
#11507 = DRAUGHTING_PRE_DEFINED_CURVE_FONT('continuous');
#11508 = STYLED_ITEM('color',(#11509),#6186);
#11509 = PRESENTATION_STYLE_ASSIGNMENT((#11510,#11515));
#11510 = SURFACE_STYLE_USAGE(.BOTH.,#11511);
#11511 = SURFACE_SIDE_STYLE('',(#11512));
#11512 = SURFACE_STYLE_FILL_AREA(#11513);
#11513 = FILL_AREA_STYLE('',(#11514));
#11514 = FILL_AREA_STYLE_COLOUR('',#9264);
#11515 = CURVE_STYLE('',#11516,POSITIVE_LENGTH_MEASURE(0.1),#9264);
#11516 = DRAUGHTING_PRE_DEFINED_CURVE_FONT('continuous');
#11517 = STYLED_ITEM('color',(#11518),#6203);
#11518 = PRESENTATION_STYLE_ASSIGNMENT((#11519,#11524));
#11519 = SURFACE_STYLE_USAGE(.BOTH.,#11520);
#11520 = SURFACE_SIDE_STYLE('',(#11521));
#11521 = SURFACE_STYLE_FILL_AREA(#11522);
#11522 = FILL_AREA_STYLE('',(#11523));
#11523 = FILL_AREA_STYLE_COLOUR('',#9264);
#11524 = CURVE_STYLE('',#11525,POSITIVE_LENGTH_MEASURE(0.1),#9264);
#11525 = DRAUGHTING_PRE_DEFINED_CURVE_FONT('continuous');
#11526 = STYLED_ITEM('color',(#11527),#6220);
#11527 = PRESENTATION_STYLE_ASSIGNMENT((#11528,#11533));
#11528 = SURFACE_STYLE_USAGE(.BOTH.,#11529);
#11529 = SURFACE_SIDE_STYLE('',(#11530));
#11530 = SURFACE_STYLE_FILL_AREA(#11531);
#11531 = FILL_AREA_STYLE('',(#11532));
#11532 = FILL_AREA_STYLE_COLOUR('',#9264);
#11533 = CURVE_STYLE('',#11534,POSITIVE_LENGTH_MEASURE(0.1),#9264);
#11534 = DRAUGHTING_PRE_DEFINED_CURVE_FONT('continuous');
#11535 = STYLED_ITEM('color',(#11536),#6232);
#11536 = PRESENTATION_STYLE_ASSIGNMENT((#11537,#11542));
#11537 = SURFACE_STYLE_USAGE(.BOTH.,#11538);
#11538 = SURFACE_SIDE_STYLE('',(#11539));
#11539 = SURFACE_STYLE_FILL_AREA(#11540);
#11540 = FILL_AREA_STYLE('',(#11541));
#11541 = FILL_AREA_STYLE_COLOUR('',#9264);
#11542 = CURVE_STYLE('',#11543,POSITIVE_LENGTH_MEASURE(0.1),#9264);
#11543 = DRAUGHTING_PRE_DEFINED_CURVE_FONT('continuous');
#11544 = STYLED_ITEM('color',(#11545),#6249);
#11545 = PRESENTATION_STYLE_ASSIGNMENT((#11546,#11551));
#11546 = SURFACE_STYLE_USAGE(.BOTH.,#11547);
#11547 = SURFACE_SIDE_STYLE('',(#11548));
#11548 = SURFACE_STYLE_FILL_AREA(#11549);
#11549 = FILL_AREA_STYLE('',(#11550));
#11550 = FILL_AREA_STYLE_COLOUR('',#9264);
#11551 = CURVE_STYLE('',#11552,POSITIVE_LENGTH_MEASURE(0.1),#9264);
#11552 = DRAUGHTING_PRE_DEFINED_CURVE_FONT('continuous');
#11553 = STYLED_ITEM('color',(#11554),#6266);
#11554 = PRESENTATION_STYLE_ASSIGNMENT((#11555,#11560));
#11555 = SURFACE_STYLE_USAGE(.BOTH.,#11556);
#11556 = SURFACE_SIDE_STYLE('',(#11557));
#11557 = SURFACE_STYLE_FILL_AREA(#11558);
#11558 = FILL_AREA_STYLE('',(#11559));
#11559 = FILL_AREA_STYLE_COLOUR('',#9264);
#11560 = CURVE_STYLE('',#11561,POSITIVE_LENGTH_MEASURE(0.1),#9264);
#11561 = DRAUGHTING_PRE_DEFINED_CURVE_FONT('continuous');
#11562 = STYLED_ITEM('color',(#11563),#6278);
#11563 = PRESENTATION_STYLE_ASSIGNMENT((#11564,#11569));
#11564 = SURFACE_STYLE_USAGE(.BOTH.,#11565);
#11565 = SURFACE_SIDE_STYLE('',(#11566));
#11566 = SURFACE_STYLE_FILL_AREA(#11567);
#11567 = FILL_AREA_STYLE('',(#11568));
#11568 = FILL_AREA_STYLE_COLOUR('',#9264);
#11569 = CURVE_STYLE('',#11570,POSITIVE_LENGTH_MEASURE(0.1),#9264);
#11570 = DRAUGHTING_PRE_DEFINED_CURVE_FONT('continuous');
#11571 = STYLED_ITEM('color',(#11572),#6295);
#11572 = PRESENTATION_STYLE_ASSIGNMENT((#11573,#11578));
#11573 = SURFACE_STYLE_USAGE(.BOTH.,#11574);
#11574 = SURFACE_SIDE_STYLE('',(#11575));
#11575 = SURFACE_STYLE_FILL_AREA(#11576);
#11576 = FILL_AREA_STYLE('',(#11577));
#11577 = FILL_AREA_STYLE_COLOUR('',#9264);
#11578 = CURVE_STYLE('',#11579,POSITIVE_LENGTH_MEASURE(0.1),#9264);
#11579 = DRAUGHTING_PRE_DEFINED_CURVE_FONT('continuous');
#11580 = STYLED_ITEM('color',(#11581),#6312);
#11581 = PRESENTATION_STYLE_ASSIGNMENT((#11582,#11587));
#11582 = SURFACE_STYLE_USAGE(.BOTH.,#11583);
#11583 = SURFACE_SIDE_STYLE('',(#11584));
#11584 = SURFACE_STYLE_FILL_AREA(#11585);
#11585 = FILL_AREA_STYLE('',(#11586));
#11586 = FILL_AREA_STYLE_COLOUR('',#9264);
#11587 = CURVE_STYLE('',#11588,POSITIVE_LENGTH_MEASURE(0.1),#9264);
#11588 = DRAUGHTING_PRE_DEFINED_CURVE_FONT('continuous');
#11589 = STYLED_ITEM('color',(#11590),#6324);
#11590 = PRESENTATION_STYLE_ASSIGNMENT((#11591,#11596));
#11591 = SURFACE_STYLE_USAGE(.BOTH.,#11592);
#11592 = SURFACE_SIDE_STYLE('',(#11593));
#11593 = SURFACE_STYLE_FILL_AREA(#11594);
#11594 = FILL_AREA_STYLE('',(#11595));
#11595 = FILL_AREA_STYLE_COLOUR('',#9264);
#11596 = CURVE_STYLE('',#11597,POSITIVE_LENGTH_MEASURE(0.1),#9264);
#11597 = DRAUGHTING_PRE_DEFINED_CURVE_FONT('continuous');
#11598 = STYLED_ITEM('color',(#11599),#6341);
#11599 = PRESENTATION_STYLE_ASSIGNMENT((#11600,#11605));
#11600 = SURFACE_STYLE_USAGE(.BOTH.,#11601);
#11601 = SURFACE_SIDE_STYLE('',(#11602));
#11602 = SURFACE_STYLE_FILL_AREA(#11603);
#11603 = FILL_AREA_STYLE('',(#11604));
#11604 = FILL_AREA_STYLE_COLOUR('',#9264);
#11605 = CURVE_STYLE('',#11606,POSITIVE_LENGTH_MEASURE(0.1),#9264);
#11606 = DRAUGHTING_PRE_DEFINED_CURVE_FONT('continuous');
#11607 = STYLED_ITEM('color',(#11608),#6358);
#11608 = PRESENTATION_STYLE_ASSIGNMENT((#11609,#11614));
#11609 = SURFACE_STYLE_USAGE(.BOTH.,#11610);
#11610 = SURFACE_SIDE_STYLE('',(#11611));
#11611 = SURFACE_STYLE_FILL_AREA(#11612);
#11612 = FILL_AREA_STYLE('',(#11613));
#11613 = FILL_AREA_STYLE_COLOUR('',#9264);
#11614 = CURVE_STYLE('',#11615,POSITIVE_LENGTH_MEASURE(0.1),#9264);
#11615 = DRAUGHTING_PRE_DEFINED_CURVE_FONT('continuous');
#11616 = STYLED_ITEM('color',(#11617),#6370);
#11617 = PRESENTATION_STYLE_ASSIGNMENT((#11618,#11623));
#11618 = SURFACE_STYLE_USAGE(.BOTH.,#11619);
#11619 = SURFACE_SIDE_STYLE('',(#11620));
#11620 = SURFACE_STYLE_FILL_AREA(#11621);
#11621 = FILL_AREA_STYLE('',(#11622));
#11622 = FILL_AREA_STYLE_COLOUR('',#9264);
#11623 = CURVE_STYLE('',#11624,POSITIVE_LENGTH_MEASURE(0.1),#9264);
#11624 = DRAUGHTING_PRE_DEFINED_CURVE_FONT('continuous');
#11625 = STYLED_ITEM('color',(#11626),#6387);
#11626 = PRESENTATION_STYLE_ASSIGNMENT((#11627,#11632));
#11627 = SURFACE_STYLE_USAGE(.BOTH.,#11628);
#11628 = SURFACE_SIDE_STYLE('',(#11629));
#11629 = SURFACE_STYLE_FILL_AREA(#11630);
#11630 = FILL_AREA_STYLE('',(#11631));
#11631 = FILL_AREA_STYLE_COLOUR('',#9264);
#11632 = CURVE_STYLE('',#11633,POSITIVE_LENGTH_MEASURE(0.1),#9264);
#11633 = DRAUGHTING_PRE_DEFINED_CURVE_FONT('continuous');
#11634 = STYLED_ITEM('color',(#11635),#6404);
#11635 = PRESENTATION_STYLE_ASSIGNMENT((#11636,#11641));
#11636 = SURFACE_STYLE_USAGE(.BOTH.,#11637);
#11637 = SURFACE_SIDE_STYLE('',(#11638));
#11638 = SURFACE_STYLE_FILL_AREA(#11639);
#11639 = FILL_AREA_STYLE('',(#11640));
#11640 = FILL_AREA_STYLE_COLOUR('',#9264);
#11641 = CURVE_STYLE('',#11642,POSITIVE_LENGTH_MEASURE(0.1),#9264);
#11642 = DRAUGHTING_PRE_DEFINED_CURVE_FONT('continuous');
#11643 = STYLED_ITEM('color',(#11644),#6416);
#11644 = PRESENTATION_STYLE_ASSIGNMENT((#11645,#11650));
#11645 = SURFACE_STYLE_USAGE(.BOTH.,#11646);
#11646 = SURFACE_SIDE_STYLE('',(#11647));
#11647 = SURFACE_STYLE_FILL_AREA(#11648);
#11648 = FILL_AREA_STYLE('',(#11649));
#11649 = FILL_AREA_STYLE_COLOUR('',#9264);
#11650 = CURVE_STYLE('',#11651,POSITIVE_LENGTH_MEASURE(0.1),#9264);
#11651 = DRAUGHTING_PRE_DEFINED_CURVE_FONT('continuous');
#11652 = STYLED_ITEM('color',(#11653),#6433);
#11653 = PRESENTATION_STYLE_ASSIGNMENT((#11654,#11659));
#11654 = SURFACE_STYLE_USAGE(.BOTH.,#11655);
#11655 = SURFACE_SIDE_STYLE('',(#11656));
#11656 = SURFACE_STYLE_FILL_AREA(#11657);
#11657 = FILL_AREA_STYLE('',(#11658));
#11658 = FILL_AREA_STYLE_COLOUR('',#9264);
#11659 = CURVE_STYLE('',#11660,POSITIVE_LENGTH_MEASURE(0.1),#9264);
#11660 = DRAUGHTING_PRE_DEFINED_CURVE_FONT('continuous');
#11661 = STYLED_ITEM('color',(#11662),#6450);
#11662 = PRESENTATION_STYLE_ASSIGNMENT((#11663,#11668));
#11663 = SURFACE_STYLE_USAGE(.BOTH.,#11664);
#11664 = SURFACE_SIDE_STYLE('',(#11665));
#11665 = SURFACE_STYLE_FILL_AREA(#11666);
#11666 = FILL_AREA_STYLE('',(#11667));
#11667 = FILL_AREA_STYLE_COLOUR('',#9264);
#11668 = CURVE_STYLE('',#11669,POSITIVE_LENGTH_MEASURE(0.1),#9264);
#11669 = DRAUGHTING_PRE_DEFINED_CURVE_FONT('continuous');
#11670 = STYLED_ITEM('color',(#11671),#6462);
#11671 = PRESENTATION_STYLE_ASSIGNMENT((#11672,#11677));
#11672 = SURFACE_STYLE_USAGE(.BOTH.,#11673);
#11673 = SURFACE_SIDE_STYLE('',(#11674));
#11674 = SURFACE_STYLE_FILL_AREA(#11675);
#11675 = FILL_AREA_STYLE('',(#11676));
#11676 = FILL_AREA_STYLE_COLOUR('',#9264);
#11677 = CURVE_STYLE('',#11678,POSITIVE_LENGTH_MEASURE(0.1),#9264);
#11678 = DRAUGHTING_PRE_DEFINED_CURVE_FONT('continuous');
#11679 = STYLED_ITEM('color',(#11680),#6479);
#11680 = PRESENTATION_STYLE_ASSIGNMENT((#11681,#11686));
#11681 = SURFACE_STYLE_USAGE(.BOTH.,#11682);
#11682 = SURFACE_SIDE_STYLE('',(#11683));
#11683 = SURFACE_STYLE_FILL_AREA(#11684);
#11684 = FILL_AREA_STYLE('',(#11685));
#11685 = FILL_AREA_STYLE_COLOUR('',#9264);
#11686 = CURVE_STYLE('',#11687,POSITIVE_LENGTH_MEASURE(0.1),#9264);
#11687 = DRAUGHTING_PRE_DEFINED_CURVE_FONT('continuous');
#11688 = STYLED_ITEM('color',(#11689),#6496);
#11689 = PRESENTATION_STYLE_ASSIGNMENT((#11690,#11695));
#11690 = SURFACE_STYLE_USAGE(.BOTH.,#11691);
#11691 = SURFACE_SIDE_STYLE('',(#11692));
#11692 = SURFACE_STYLE_FILL_AREA(#11693);
#11693 = FILL_AREA_STYLE('',(#11694));
#11694 = FILL_AREA_STYLE_COLOUR('',#9264);
#11695 = CURVE_STYLE('',#11696,POSITIVE_LENGTH_MEASURE(0.1),#9264);
#11696 = DRAUGHTING_PRE_DEFINED_CURVE_FONT('continuous');
#11697 = STYLED_ITEM('color',(#11698),#6508);
#11698 = PRESENTATION_STYLE_ASSIGNMENT((#11699,#11704));
#11699 = SURFACE_STYLE_USAGE(.BOTH.,#11700);
#11700 = SURFACE_SIDE_STYLE('',(#11701));
#11701 = SURFACE_STYLE_FILL_AREA(#11702);
#11702 = FILL_AREA_STYLE('',(#11703));
#11703 = FILL_AREA_STYLE_COLOUR('',#9264);
#11704 = CURVE_STYLE('',#11705,POSITIVE_LENGTH_MEASURE(0.1),#9264);
#11705 = DRAUGHTING_PRE_DEFINED_CURVE_FONT('continuous');
#11706 = STYLED_ITEM('color',(#11707),#6525);
#11707 = PRESENTATION_STYLE_ASSIGNMENT((#11708,#11713));
#11708 = SURFACE_STYLE_USAGE(.BOTH.,#11709);
#11709 = SURFACE_SIDE_STYLE('',(#11710));
#11710 = SURFACE_STYLE_FILL_AREA(#11711);
#11711 = FILL_AREA_STYLE('',(#11712));
#11712 = FILL_AREA_STYLE_COLOUR('',#9264);
#11713 = CURVE_STYLE('',#11714,POSITIVE_LENGTH_MEASURE(0.1),#9264);
#11714 = DRAUGHTING_PRE_DEFINED_CURVE_FONT('continuous');
#11715 = STYLED_ITEM('color',(#11716),#6542);
#11716 = PRESENTATION_STYLE_ASSIGNMENT((#11717,#11722));
#11717 = SURFACE_STYLE_USAGE(.BOTH.,#11718);
#11718 = SURFACE_SIDE_STYLE('',(#11719));
#11719 = SURFACE_STYLE_FILL_AREA(#11720);
#11720 = FILL_AREA_STYLE('',(#11721));
#11721 = FILL_AREA_STYLE_COLOUR('',#9264);
#11722 = CURVE_STYLE('',#11723,POSITIVE_LENGTH_MEASURE(0.1),#9264);
#11723 = DRAUGHTING_PRE_DEFINED_CURVE_FONT('continuous');
ENDSEC;
END-ISO-10303-21;
